age,exercise,reps,duration_min,reps_per_min,met,value_type,source_baseline
19,squat,320,8.0,40.0,8.5,estimated_synthetic,Nakagata et al. 2022 (21–29; 1–6 reps/min)
39,push-up,22,0.5,44.0,8.5,estimated_synthetic,Nakagata et al. 2022 + NCCOR Youth Compendium
44,crunch,450,10.0,45.0,3.37,estimated_synthetic,Nakagata et al. 2019 + NCCOR Youth Compendium curl-ups
57,jumping_jack,30,3.0,10.0,3.97,estimated_synthetic,NCCOR Youth Compendium
43,squat,20,1.5,13.33,8.11,estimated_synthetic,Nakagata et al. 2022 (21–29; 1–6 reps/min)
66,push-up,100,2.0,50.0,8.5,estimated_synthetic,Nakagata et al. 2022 + NCCOR Youth Compendium
40,crunch,8,1.0,8.0,2.48,estimated_synthetic,Nakagata et al. 2019 + NCCOR Youth Compendium curl-ups
46,jumping_jack,408,8.0,51.0,5.53,estimated_synthetic,NCCOR Youth Compendium
24,squat,344,8.0,43.0,8.5,estimated_synthetic,Nakagata et al. 2022 (21–29; 1–6 reps/min)
34,push-up,108,2.0,54.0,8.5,estimated_synthetic,Nakagata et al. 2022 + NCCOR Youth Compendium
57,crunch,24,1.0,24.0,3.44,estimated_synthetic,Nakagata et al. 2019 + NCCOR Youth Compendium curl-ups
41,jumping_jack,33,3.0,11.0,4.2,estimated_synthetic,NCCOR Youth Compendium
66,squat,120,5.0,24.0,8.5,estimated_synthetic,Nakagata et al. 2022 (21–29; 1–6 reps/min)
69,push-up,240,10.0,24.0,6.97,estimated_synthetic,Nakagata et al. 2022 + NCCOR Youth Compendium
59,crunch,29,1.0,29.0,3.32,estimated_synthetic,Nakagata et al. 2019 + NCCOR Youth Compendium curl-ups
22,jumping_jack,24,1.5,16.0,4.41,estimated_synthetic,NCCOR Youth Compendium
67,squat,24,2.0,12.0,6.28,estimated_synthetic,Nakagata et al. 2022 (21–29; 1–6 reps/min)
61,push-up,10,0.5,20.0,6.22,estimated_synthetic,Nakagata et al. 2022 + NCCOR Youth Compendium
39,crunch,408,8.0,51.0,3.42,estimated_synthetic,Nakagata et al. 2019 + NCCOR Youth Compendium curl-ups
36,jumping_jack,42,1.0,42.0,5.25,estimated_synthetic,NCCOR Youth Compendium
61,squat,49,1.0,49.0,8.5,estimated_synthetic,Nakagata et al. 2022 (21–29; 1–6 reps/min)
15,push-up,328,8.0,41.0,8.5,estimated_synthetic,Nakagata et al. 2022 + NCCOR Youth Compendium
30,crunch,280,8.0,35.0,3.34,estimated_synthetic,Nakagata et al. 2019 + NCCOR Youth Compendium curl-ups
40,jumping_jack,6,0.5,12.0,4.39,estimated_synthetic,NCCOR Youth Compendium
39,squat,200,5.0,40.0,8.5,estimated_synthetic,Nakagata et al. 2022 (21–29; 1–6 reps/min)
41,push-up,24,0.5,48.0,8.5,estimated_synthetic,Nakagata et al. 2022 + NCCOR Youth Compendium
46,crunch,24,3.0,8.0,2.66,estimated_synthetic,Nakagata et al. 2019 + NCCOR Youth Compendium curl-ups
46,jumping_jack,12,3.0,4.0,3.82,estimated_synthetic,NCCOR Youth Compendium
70,squat,19,1.0,19.0,8.5,estimated_synthetic,Nakagata et al. 2022 (21–29; 1–6 reps/min)
37,push-up,8,0.5,16.0,6.59,estimated_synthetic,Nakagata et al. 2022 + NCCOR Youth Compendium
62,crunch,84,1.5,56.0,3.47,estimated_synthetic,Nakagata et al. 2019 + NCCOR Youth Compendium curl-ups
31,jumping_jack,35,1.0,35.0,5.0,estimated_synthetic,NCCOR Youth Compendium
70,squat,130,5.0,26.0,8.5,estimated_synthetic,Nakagata et al. 2022 (21–29; 1–6 reps/min)
37,push-up,18,1.5,12.0,5.86,estimated_synthetic,Nakagata et al. 2022 + NCCOR Youth Compendium
20,crunch,24,0.5,48.0,3.45,estimated_synthetic,Nakagata et al. 2019 + NCCOR Youth Compendium curl-ups
55,jumping_jack,60,5.0,12.0,4.17,estimated_synthetic,NCCOR Youth Compendium
67,squat,31,1.0,31.0,8.5,estimated_synthetic,Nakagata et al. 2022 (21–29; 1–6 reps/min)
53,push-up,25,1.0,25.0,8.45,estimated_synthetic,Nakagata et al. 2022 + NCCOR Youth Compendium
53,crunch,190,5.0,38.0,3.26,estimated_synthetic,Nakagata et al. 2019 + NCCOR Youth Compendium curl-ups
35,jumping_jack,14,1.5,9.33,3.93,estimated_synthetic,NCCOR Youth Compendium
35,squat,310,10.0,31.0,8.5,estimated_synthetic,Nakagata et al. 2022 (21–29; 1–6 reps/min)
54,push-up,472,8.0,59.0,8.5,estimated_synthetic,Nakagata et al. 2022 + NCCOR Youth Compendium
29,crunch,240,5.0,48.0,3.38,estimated_synthetic,Nakagata et al. 2019 + NCCOR Youth Compendium curl-ups
40,jumping_jack,4,0.5,8.0,3.98,estimated_synthetic,NCCOR Youth Compendium
22,squat,86,2.0,43.0,8.5,estimated_synthetic,Nakagata et al. 2022 (21–29; 1–6 reps/min)
26,push-up,288,8.0,36.0,8.5,estimated_synthetic,Nakagata et al. 2022 + NCCOR Youth Compendium
40,crunch,32,8.0,4.0,2.29,estimated_synthetic,Nakagata et al. 2019 + NCCOR Youth Compendium curl-ups
57,jumping_jack,140,5.0,28.0,4.73,estimated_synthetic,NCCOR Youth Compendium
22,squat,24,3.0,8.0,4.8,estimated_synthetic,Nakagata et al. 2022 (21–29; 1–6 reps/min)
51,push-up,216,8.0,27.0,8.5,estimated_synthetic,Nakagata et al. 2022 + NCCOR Youth Compendium
25,crunch,26,2.0,13.0,2.92,estimated_synthetic,Nakagata et al. 2019 + NCCOR Youth Compendium curl-ups
33,jumping_jack,40,5.0,8.0,3.85,estimated_synthetic,NCCOR Youth Compendium
59,squat,20,1.0,20.0,8.5,estimated_synthetic,Nakagata et al. 2022 (21–29; 1–6 reps/min)
66,push-up,46,2.0,23.0,6.83,estimated_synthetic,Nakagata et al. 2022 + NCCOR Youth Compendium
31,crunch,6,0.5,12.0,2.72,estimated_synthetic,Nakagata et al. 2019 + NCCOR Youth Compendium curl-ups
68,jumping_jack,96,2.0,48.0,5.56,estimated_synthetic,NCCOR Youth Compendium
30,squat,82,2.0,41.0,8.5,estimated_synthetic,Nakagata et al. 2022 (21–29; 1–6 reps/min)
42,push-up,36,1.0,36.0,8.5,estimated_synthetic,Nakagata et al. 2022 + NCCOR Youth Compendium
60,crunch,87,1.5,58.0,3.36,estimated_synthetic,Nakagata et al. 2019 + NCCOR Youth Compendium curl-ups
33,jumping_jack,224,8.0,28.0,4.71,estimated_synthetic,NCCOR Youth Compendium
35,squat,24,8.0,3.0,2.38,estimated_synthetic,Nakagata et al. 2022 (21–29; 1–6 reps/min)
65,push-up,52,1.5,34.67,8.3,estimated_synthetic,Nakagata et al. 2022 + NCCOR Youth Compendium
52,crunch,45,5.0,9.0,2.67,estimated_synthetic,Nakagata et al. 2019 + NCCOR Youth Compendium curl-ups
30,jumping_jack,225,5.0,45.0,5.34,estimated_synthetic,NCCOR Youth Compendium
32,squat,19,0.5,38.0,8.5,estimated_synthetic,Nakagata et al. 2022 (21–29; 1–6 reps/min)
66,push-up,5,1.0,5.0,3.96,estimated_synthetic,Nakagata et al. 2022 + NCCOR Youth Compendium
45,crunch,30,1.5,20.0,3.38,estimated_synthetic,Nakagata et al. 2019 + NCCOR Youth Compendium curl-ups
61,jumping_jack,210,10.0,21.0,4.62,estimated_synthetic,NCCOR Youth Compendium
50,squat,58,1.5,38.67,8.5,estimated_synthetic,Nakagata et al. 2022 (21–29; 1–6 reps/min)
43,push-up,570,10.0,57.0,8.5,estimated_synthetic,Nakagata et al. 2022 + NCCOR Youth Compendium
44,crunch,10,0.5,20.0,3.17,estimated_synthetic,Nakagata et al. 2019 + NCCOR Youth Compendium curl-ups
39,jumping_jack,54,1.0,54.0,5.88,estimated_synthetic,NCCOR Youth Compendium
62,squat,150,10.0,15.0,7.78,estimated_synthetic,Nakagata et al. 2022 (21–29; 1–6 reps/min)
65,push-up,42,2.0,21.0,6.48,estimated_synthetic,Nakagata et al. 2022 + NCCOR Youth Compendium
33,crunch,130,5.0,26.0,3.44,estimated_synthetic,Nakagata et al. 2019 + NCCOR Youth Compendium curl-ups
35,jumping_jack,230,5.0,46.0,5.39,estimated_synthetic,NCCOR Youth Compendium
15,squat,570,10.0,57.0,8.5,estimated_synthetic,Nakagata et al. 2022 (21–29; 1–6 reps/min)
28,push-up,26,0.5,52.0,8.5,estimated_synthetic,Nakagata et al. 2022 + NCCOR Youth Compendium
56,crunch,24,1.0,24.0,3.29,estimated_synthetic,Nakagata et al. 2019 + NCCOR Youth Compendium curl-ups
48,jumping_jack,30,1.5,20.0,4.55,estimated_synthetic,NCCOR Youth Compendium
32,squat,310,10.0,31.0,8.5,estimated_synthetic,Nakagata et al. 2022 (21–29; 1–6 reps/min)
43,push-up,30,10.0,3.0,3.57,estimated_synthetic,Nakagata et al. 2022 + NCCOR Youth Compendium
30,crunch,4,1.0,4.0,2.13,estimated_synthetic,Nakagata et al. 2019 + NCCOR Youth Compendium curl-ups
52,jumping_jack,48,1.5,32.0,4.74,estimated_synthetic,NCCOR Youth Compendium
57,squat,81,3.0,27.0,8.5,estimated_synthetic,Nakagata et al. 2022 (21–29; 1–6 reps/min)
26,push-up,22,0.5,44.0,8.5,estimated_synthetic,Nakagata et al. 2022 + NCCOR Youth Compendium
61,crunch,28,1.0,28.0,3.45,estimated_synthetic,Nakagata et al. 2019 + NCCOR Youth Compendium curl-ups
21,jumping_jack,13,0.5,26.0,4.61,estimated_synthetic,NCCOR Youth Compendium
22,squat,64,2.0,32.0,8.5,estimated_synthetic,Nakagata et al. 2022 (21–29; 1–6 reps/min)
52,push-up,57,3.0,19.0,7.22,estimated_synthetic,Nakagata et al. 2022 + NCCOR Youth Compendium
42,crunch,18,0.5,36.0,3.42,estimated_synthetic,Nakagata et al. 2019 + NCCOR Youth Compendium curl-ups
46,jumping_jack,72,8.0,9.0,4.08,estimated_synthetic,NCCOR Youth Compendium
56,squat,6,2.0,3.0,2.59,estimated_synthetic,Nakagata et al. 2022 (21–29; 1–6 reps/min)
69,push-up,57,1.0,57.0,8.5,estimated_synthetic,Nakagata et al. 2022 + NCCOR Youth Compendium
39,crunch,78,2.0,39.0,3.43,estimated_synthetic,Nakagata et al. 2019 + NCCOR Youth Compendium curl-ups
58,jumping_jack,45,5.0,9.0,3.96,estimated_synthetic,NCCOR Youth Compendium
29,squat,232,8.0,29.0,8.5,estimated_synthetic,Nakagata et al. 2022 (21–29; 1–6 reps/min)
28,push-up,304,8.0,38.0,8.5,estimated_synthetic,Nakagata et al. 2022 + NCCOR Youth Compendium
21,crunch,84,1.5,56.0,3.39,estimated_synthetic,Nakagata et al. 2019 + NCCOR Youth Compendium curl-ups
38,jumping_jack,530,10.0,53.0,5.38,estimated_synthetic,NCCOR Youth Compendium
44,squat,18,1.0,18.0,8.5,estimated_synthetic,Nakagata et al. 2022 (21–29; 1–6 reps/min)
28,push-up,400,8.0,50.0,8.5,estimated_synthetic,Nakagata et al. 2022 + NCCOR Youth Compendium
64,crunch,15,0.5,30.0,3.43,estimated_synthetic,Nakagata et al. 2019 + NCCOR Youth Compendium curl-ups
48,jumping_jack,50,1.0,50.0,5.35,estimated_synthetic,NCCOR Youth Compendium
66,squat,56,1.0,56.0,8.5,estimated_synthetic,Nakagata et al. 2022 (21–29; 1–6 reps/min)
66,push-up,19,1.0,19.0,6.13,estimated_synthetic,Nakagata et al. 2022 + NCCOR Youth Compendium
40,crunch,17,0.5,34.0,3.37,estimated_synthetic,Nakagata et al. 2019 + NCCOR Youth Compendium curl-ups
16,jumping_jack,13,1.0,13.0,4.12,estimated_synthetic,NCCOR Youth Compendium
39,squat,96,3.0,32.0,8.5,estimated_synthetic,Nakagata et al. 2022 (21–29; 1–6 reps/min)
53,push-up,168,8.0,21.0,7.71,estimated_synthetic,Nakagata et al. 2022 + NCCOR Youth Compendium
56,crunch,480,10.0,48.0,3.43,estimated_synthetic,Nakagata et al. 2019 + NCCOR Youth Compendium curl-ups
62,jumping_jack,26,2.0,13.0,4.63,estimated_synthetic,NCCOR Youth Compendium
27,squat,40,1.0,40.0,8.5,estimated_synthetic,Nakagata et al. 2022 (21–29; 1–6 reps/min)
46,push-up,8,1.5,5.33,4.43,estimated_synthetic,Nakagata et al. 2022 + NCCOR Youth Compendium
20,crunch,72,8.0,9.0,2.69,estimated_synthetic,Nakagata et al. 2019 + NCCOR Youth Compendium curl-ups
17,jumping_jack,40,5.0,8.0,4.17,estimated_synthetic,NCCOR Youth Compendium
59,squat,160,10.0,16.0,8.5,estimated_synthetic,Nakagata et al. 2022 (21–29; 1–6 reps/min)
69,push-up,144,3.0,48.0,8.5,estimated_synthetic,Nakagata et al. 2022 + NCCOR Youth Compendium
49,crunch,360,8.0,45.0,3.37,estimated_synthetic,Nakagata et al. 2019 + NCCOR Youth Compendium curl-ups
22,jumping_jack,48,1.5,32.0,5.09,estimated_synthetic,NCCOR Youth Compendium
61,squat,96,2.0,48.0,8.5,estimated_synthetic,Nakagata et al. 2022 (21–29; 1–6 reps/min)
36,push-up,18,1.0,18.0,7.06,estimated_synthetic,Nakagata et al. 2022 + NCCOR Youth Compendium
39,crunch,24,2.0,12.0,2.99,estimated_synthetic,Nakagata et al. 2019 + NCCOR Youth Compendium curl-ups
38,jumping_jack,36,1.5,24.0,4.72,estimated_synthetic,NCCOR Youth Compendium
56,squat,42,1.5,28.0,8.5,estimated_synthetic,Nakagata et al. 2022 (21–29; 1–6 reps/min)
36,push-up,20,1.0,20.0,7.66,estimated_synthetic,Nakagata et al. 2022 + NCCOR Youth Compendium
52,crunch,520,10.0,52.0,3.52,estimated_synthetic,Nakagata et al. 2019 + NCCOR Youth Compendium curl-ups
41,jumping_jack,68,2.0,34.0,5.2,estimated_synthetic,NCCOR Youth Compendium
42,squat,70,5.0,14.0,8.47,estimated_synthetic,Nakagata et al. 2022 (21–29; 1–6 reps/min)
60,push-up,312,8.0,39.0,8.5,estimated_synthetic,Nakagata et al. 2022 + NCCOR Youth Compendium
24,crunch,25,5.0,5.0,2.48,estimated_synthetic,Nakagata et al. 2019 + NCCOR Youth Compendium curl-ups
26,jumping_jack,156,3.0,52.0,5.58,estimated_synthetic,NCCOR Youth Compendium
68,squat,117,3.0,39.0,8.5,estimated_synthetic,Nakagata et al. 2022 (21–29; 1–6 reps/min)
20,push-up,21,3.0,7.0,4.62,estimated_synthetic,Nakagata et al. 2022 + NCCOR Youth Compendium
55,crunch,58,1.0,58.0,3.35,estimated_synthetic,Nakagata et al. 2019 + NCCOR Youth Compendium curl-ups
68,jumping_jack,74,2.0,37.0,5.14,estimated_synthetic,NCCOR Youth Compendium
70,squat,456,8.0,57.0,8.5,estimated_synthetic,Nakagata et al. 2022 (21–29; 1–6 reps/min)
67,push-up,185,5.0,37.0,8.5,estimated_synthetic,Nakagata et al. 2022 + NCCOR Youth Compendium
44,crunch,36,3.0,12.0,2.94,estimated_synthetic,Nakagata et al. 2019 + NCCOR Youth Compendium curl-ups
24,jumping_jack,18,0.5,36.0,4.67,estimated_synthetic,NCCOR Youth Compendium
53,squat,135,3.0,45.0,8.5,estimated_synthetic,Nakagata et al. 2022 (21–29; 1–6 reps/min)
57,push-up,93,3.0,31.0,8.5,estimated_synthetic,Nakagata et al. 2022 + NCCOR Youth Compendium
22,crunch,520,10.0,52.0,3.24,estimated_synthetic,Nakagata et al. 2019 + NCCOR Youth Compendium curl-ups
21,jumping_jack,40,5.0,8.0,4.09,estimated_synthetic,NCCOR Youth Compendium
55,squat,112,2.0,56.0,8.5,estimated_synthetic,Nakagata et al. 2022 (21–29; 1–6 reps/min)
58,push-up,110,5.0,22.0,7.93,estimated_synthetic,Nakagata et al. 2022 + NCCOR Youth Compendium
60,crunch,312,8.0,39.0,3.31,estimated_synthetic,Nakagata et al. 2019 + NCCOR Youth Compendium curl-ups
30,jumping_jack,63,3.0,21.0,4.46,estimated_synthetic,NCCOR Youth Compendium
68,squat,8,1.0,8.0,4.49,estimated_synthetic,Nakagata et al. 2022 (21–29; 1–6 reps/min)
67,push-up,125,5.0,25.0,7.23,estimated_synthetic,Nakagata et al. 2022 + NCCOR Youth Compendium
24,crunch,174,3.0,58.0,3.42,estimated_synthetic,Nakagata et al. 2019 + NCCOR Youth Compendium curl-ups
67,jumping_jack,90,3.0,30.0,4.8,estimated_synthetic,NCCOR Youth Compendium
51,squat,30,10.0,3.0,2.48,estimated_synthetic,Nakagata et al. 2022 (21–29; 1–6 reps/min)
55,push-up,18,2.0,9.0,5.58,estimated_synthetic,Nakagata et al. 2022 + NCCOR Youth Compendium
64,crunch,50,5.0,10.0,2.86,estimated_synthetic,Nakagata et al. 2019 + NCCOR Youth Compendium curl-ups
21,jumping_jack,21,0.5,42.0,5.24,estimated_synthetic,NCCOR Youth Compendium
20,squat,88,2.0,44.0,8.5,estimated_synthetic,Nakagata et al. 2022 (21–29; 1–6 reps/min)
61,push-up,290,10.0,29.0,7.55,estimated_synthetic,Nakagata et al. 2022 + NCCOR Youth Compendium
15,crunch,48,1.5,32.0,3.43,estimated_synthetic,Nakagata et al. 2019 + NCCOR Youth Compendium curl-ups
66,jumping_jack,27,3.0,9.0,3.72,estimated_synthetic,NCCOR Youth Compendium
17,squat,420,10.0,42.0,8.5,estimated_synthetic,Nakagata et al. 2022 (21–29; 1–6 reps/min)
30,push-up,4,0.5,8.0,5.12,estimated_synthetic,Nakagata et al. 2022 + NCCOR Youth Compendium
49,crunch,21,0.5,42.0,3.45,estimated_synthetic,Nakagata et al. 2019 + NCCOR Youth Compendium curl-ups
65,jumping_jack,16,1.0,16.0,4.28,estimated_synthetic,NCCOR Youth Compendium
62,squat,392,8.0,49.0,8.5,estimated_synthetic,Nakagata et al. 2022 (21–29; 1–6 reps/min)
26,push-up,62,1.5,41.33,8.5,estimated_synthetic,Nakagata et al. 2022 + NCCOR Youth Compendium
15,crunch,6,0.5,12.0,2.62,estimated_synthetic,Nakagata et al. 2019 + NCCOR Youth Compendium curl-ups
17,jumping_jack,490,10.0,49.0,5.24,estimated_synthetic,NCCOR Youth Compendium
31,squat,136,8.0,17.0,8.5,estimated_synthetic,Nakagata et al. 2022 (21–29; 1–6 reps/min)
18,push-up,560,10.0,56.0,8.5,estimated_synthetic,Nakagata et al. 2022 + NCCOR Youth Compendium
62,crunch,250,5.0,50.0,3.39,estimated_synthetic,Nakagata et al. 2019 + NCCOR Youth Compendium curl-ups
61,jumping_jack,5,0.5,10.0,4.09,estimated_synthetic,NCCOR Youth Compendium
45,squat,170,5.0,34.0,8.5,estimated_synthetic,Nakagata et al. 2022 (21–29; 1–6 reps/min)
50,push-up,24,2.0,12.0,5.72,estimated_synthetic,Nakagata et al. 2022 + NCCOR Youth Compendium
17,crunch,3,1.0,3.0,2.36,estimated_synthetic,Nakagata et al. 2019 + NCCOR Youth Compendium curl-ups
30,jumping_jack,177,3.0,59.0,5.61,estimated_synthetic,NCCOR Youth Compendium
43,squat,4,0.5,8.0,4.95,estimated_synthetic,Nakagata et al. 2022 (21–29; 1–6 reps/min)
49,push-up,54,1.0,54.0,8.5,estimated_synthetic,Nakagata et al. 2022 + NCCOR Youth Compendium
38,crunch,24,1.0,24.0,3.35,estimated_synthetic,Nakagata et al. 2019 + NCCOR Youth Compendium curl-ups
20,jumping_jack,118,2.0,59.0,5.72,estimated_synthetic,NCCOR Youth Compendium
45,squat,136,8.0,17.0,8.5,estimated_synthetic,Nakagata et al. 2022 (21–29; 1–6 reps/min)
50,push-up,22,2.0,11.0,5.86,estimated_synthetic,Nakagata et al. 2022 + NCCOR Youth Compendium
45,crunch,40,1.5,26.67,3.51,estimated_synthetic,Nakagata et al. 2019 + NCCOR Youth Compendium curl-ups
47,jumping_jack,60,1.5,40.0,5.32,estimated_synthetic,NCCOR Youth Compendium
23,squat,29,1.0,29.0,8.5,estimated_synthetic,Nakagata et al. 2022 (21–29; 1–6 reps/min)
43,push-up,300,10.0,30.0,8.5,estimated_synthetic,Nakagata et al. 2022 + NCCOR Youth Compendium
69,crunch,57,1.0,57.0,3.51,estimated_synthetic,Nakagata et al. 2019 + NCCOR Youth Compendium curl-ups
30,jumping_jack,81,3.0,27.0,4.74,estimated_synthetic,NCCOR Youth Compendium
37,squat,295,5.0,59.0,8.5,estimated_synthetic,Nakagata et al. 2022 (21–29; 1–6 reps/min)
38,push-up,120,8.0,15.0,6.25,estimated_synthetic,Nakagata et al. 2022 + NCCOR Youth Compendium
48,crunch,84,1.5,56.0,3.37,estimated_synthetic,Nakagata et al. 2019 + NCCOR Youth Compendium curl-ups
17,jumping_jack,60,2.0,30.0,4.97,estimated_synthetic,NCCOR Youth Compendium
20,squat,69,3.0,23.0,8.5,estimated_synthetic,Nakagata et al. 2022 (21–29; 1–6 reps/min)
46,push-up,120,3.0,40.0,8.5,estimated_synthetic,Nakagata et al. 2022 + NCCOR Youth Compendium
49,crunch,26,1.5,17.33,3.25,estimated_synthetic,Nakagata et al. 2019 + NCCOR Youth Compendium curl-ups
59,jumping_jack,28,1.0,28.0,4.73,estimated_synthetic,NCCOR Youth Compendium
44,squat,87,1.5,58.0,8.5,estimated_synthetic,Nakagata et al. 2022 (21–29; 1–6 reps/min)
43,push-up,162,3.0,54.0,8.5,estimated_synthetic,Nakagata et al. 2022 + NCCOR Youth Compendium
62,crunch,135,3.0,45.0,3.32,estimated_synthetic,Nakagata et al. 2019 + NCCOR Youth Compendium curl-ups
44,jumping_jack,21,1.0,21.0,4.36,estimated_synthetic,NCCOR Youth Compendium
36,squat,10,2.0,5.0,3.17,estimated_synthetic,Nakagata et al. 2022 (21–29; 1–6 reps/min)
21,push-up,408,8.0,51.0,8.5,estimated_synthetic,Nakagata et al. 2022 + NCCOR Youth Compendium
19,crunch,52,1.5,34.67,3.37,estimated_synthetic,Nakagata et al. 2019 + NCCOR Youth Compendium curl-ups
33,jumping_jack,105,5.0,21.0,4.21,estimated_synthetic,NCCOR Youth Compendium
65,squat,14,0.5,28.0,8.5,estimated_synthetic,Nakagata et al. 2022 (21–29; 1–6 reps/min)
61,push-up,48,2.0,24.0,7.01,estimated_synthetic,Nakagata et al. 2022 + NCCOR Youth Compendium
28,crunch,123,3.0,41.0,3.1,estimated_synthetic,Nakagata et al. 2019 + NCCOR Youth Compendium curl-ups
21,jumping_jack,174,3.0,58.0,6.14,estimated_synthetic,NCCOR Youth Compendium
40,squat,216,8.0,27.0,8.5,estimated_synthetic,Nakagata et al. 2022 (21–29; 1–6 reps/min)
32,push-up,43,1.0,43.0,8.5,estimated_synthetic,Nakagata et al. 2022 + NCCOR Youth Compendium
66,crunch,110,5.0,22.0,3.48,estimated_synthetic,Nakagata et al. 2019 + NCCOR Youth Compendium curl-ups
15,jumping_jack,264,8.0,33.0,4.91,estimated_synthetic,NCCOR Youth Compendium
54,squat,27,1.0,27.0,8.5,estimated_synthetic,Nakagata et al. 2022 (21–29; 1–6 reps/min)
61,push-up,350,10.0,35.0,8.44,estimated_synthetic,Nakagata et al. 2022 + NCCOR Youth Compendium
59,crunch,400,10.0,40.0,3.54,estimated_synthetic,Nakagata et al. 2019 + NCCOR Youth Compendium curl-ups
22,jumping_jack,200,8.0,25.0,4.84,estimated_synthetic,NCCOR Youth Compendium
61,squat,40,8.0,5.0,3.41,estimated_synthetic,Nakagata et al. 2022 (21–29; 1–6 reps/min)
39,push-up,110,10.0,11.0,5.59,estimated_synthetic,Nakagata et al. 2022 + NCCOR Youth Compendium
28,crunch,570,10.0,57.0,3.24,estimated_synthetic,Nakagata et al. 2019 + NCCOR Youth Compendium curl-ups
17,jumping_jack,19,1.0,19.0,4.33,estimated_synthetic,NCCOR Youth Compendium
70,squat,132,3.0,44.0,8.5,estimated_synthetic,Nakagata et al. 2022 (21–29; 1–6 reps/min)
42,push-up,26,1.5,17.33,6.87,estimated_synthetic,Nakagata et al. 2022 + NCCOR Youth Compendium
62,crunch,175,5.0,35.0,3.37,estimated_synthetic,Nakagata et al. 2019 + NCCOR Youth Compendium curl-ups
51,jumping_jack,376,8.0,47.0,5.43,estimated_synthetic,NCCOR Youth Compendium
55,squat,69,1.5,46.0,8.5,estimated_synthetic,Nakagata et al. 2022 (21–29; 1–6 reps/min)
45,push-up,510,10.0,51.0,8.5,estimated_synthetic,Nakagata et al. 2022 + NCCOR Youth Compendium
44,crunch,336,8.0,42.0,3.39,estimated_synthetic,Nakagata et al. 2019 + NCCOR Youth Compendium curl-ups
62,jumping_jack,110,2.0,55.0,5.56,estimated_synthetic,NCCOR Youth Compendium
21,squat,200,8.0,25.0,8.5,estimated_synthetic,Nakagata et al. 2022 (21–29; 1–6 reps/min)
34,push-up,13,0.5,26.0,8.5,estimated_synthetic,Nakagata et al. 2022 + NCCOR Youth Compendium
50,crunch,125,5.0,25.0,3.49,estimated_synthetic,Nakagata et al. 2019 + NCCOR Youth Compendium curl-ups
24,jumping_jack,21,1.5,14.0,4.22,estimated_synthetic,NCCOR Youth Compendium
49,squat,430,10.0,43.0,8.5,estimated_synthetic,Nakagata et al. 2022 (21–29; 1–6 reps/min)
40,push-up,37,1.0,37.0,8.5,estimated_synthetic,Nakagata et al. 2022 + NCCOR Youth Compendium
38,crunch,18,1.5,12.0,2.84,estimated_synthetic,Nakagata et al. 2019 + NCCOR Youth Compendium curl-ups
54,jumping_jack,295,5.0,59.0,6.02,estimated_synthetic,NCCOR Youth Compendium
64,squat,120,2.0,60.0,8.5,estimated_synthetic,Nakagata et al. 2022 (21–29; 1–6 reps/min)
57,push-up,132,3.0,44.0,8.5,estimated_synthetic,Nakagata et al. 2022 + NCCOR Youth Compendium
49,crunch,232,8.0,29.0,3.47,estimated_synthetic,Nakagata et al. 2019 + NCCOR Youth Compendium curl-ups
63,jumping_jack,135,3.0,45.0,5.15,estimated_synthetic,NCCOR Youth Compendium
51,squat,174,3.0,58.0,8.5,estimated_synthetic,Nakagata et al. 2022 (21–29; 1–6 reps/min)
51,push-up,30,0.5,60.0,8.5,estimated_synthetic,Nakagata et al. 2022 + NCCOR Youth Compendium
61,crunch,295,5.0,59.0,3.36,estimated_synthetic,Nakagata et al. 2019 + NCCOR Youth Compendium curl-ups
56,jumping_jack,5,0.5,10.0,3.91,estimated_synthetic,NCCOR Youth Compendium
43,squat,464,8.0,58.0,8.5,estimated_synthetic,Nakagata et al. 2022 (21–29; 1–6 reps/min)
42,push-up,232,8.0,29.0,8.5,estimated_synthetic,Nakagata et al. 2022 + NCCOR Youth Compendium
28,crunch,14,2.0,7.0,2.65,estimated_synthetic,Nakagata et al. 2019 + NCCOR Youth Compendium curl-ups
59,jumping_jack,35,1.0,35.0,4.88,estimated_synthetic,NCCOR Youth Compendium
29,squat,280,10.0,28.0,8.5,estimated_synthetic,Nakagata et al. 2022 (21–29; 1–6 reps/min)
61,push-up,12,0.5,24.0,6.96,estimated_synthetic,Nakagata et al. 2022 + NCCOR Youth Compendium
35,crunch,28,0.5,56.0,3.26,estimated_synthetic,Nakagata et al. 2019 + NCCOR Youth Compendium curl-ups
52,jumping_jack,235,5.0,47.0,5.27,estimated_synthetic,NCCOR Youth Compendium
56,squat,125,5.0,25.0,8.5,estimated_synthetic,Nakagata et al. 2022 (21–29; 1–6 reps/min)
59,push-up,160,10.0,16.0,6.87,estimated_synthetic,Nakagata et al. 2022 + NCCOR Youth Compendium
28,crunch,224,8.0,28.0,3.43,estimated_synthetic,Nakagata et al. 2019 + NCCOR Youth Compendium curl-ups
15,jumping_jack,63,1.5,42.0,5.19,estimated_synthetic,NCCOR Youth Compendium
57,squat,86,2.0,43.0,8.5,estimated_synthetic,Nakagata et al. 2022 (21–29; 1–6 reps/min)
65,push-up,24,1.5,16.0,5.41,estimated_synthetic,Nakagata et al. 2022 + NCCOR Youth Compendium
44,crunch,72,1.5,48.0,3.36,estimated_synthetic,Nakagata et al. 2019 + NCCOR Youth Compendium curl-ups
62,jumping_jack,185,5.0,37.0,5.0,estimated_synthetic,NCCOR Youth Compendium
21,squat,51,1.5,34.0,8.5,estimated_synthetic,Nakagata et al. 2022 (21–29; 1–6 reps/min)
64,push-up,35,5.0,7.0,4.41,estimated_synthetic,Nakagata et al. 2022 + NCCOR Youth Compendium
40,crunch,135,5.0,27.0,3.61,estimated_synthetic,Nakagata et al. 2019 + NCCOR Youth Compendium curl-ups
60,jumping_jack,100,5.0,20.0,4.4,estimated_synthetic,NCCOR Youth Compendium
44,squat,9,1.0,9.0,5.33,estimated_synthetic,Nakagata et al. 2022 (21–29; 1–6 reps/min)
47,push-up,12,0.5,24.0,8.25,estimated_synthetic,Nakagata et al. 2022 + NCCOR Youth Compendium
27,crunch,44,2.0,22.0,3.57,estimated_synthetic,Nakagata et al. 2019 + NCCOR Youth Compendium curl-ups
22,jumping_jack,3,0.5,6.0,4.05,estimated_synthetic,NCCOR Youth Compendium
46,squat,10,0.5,20.0,8.5,estimated_synthetic,Nakagata et al. 2022 (21–29; 1–6 reps/min)
40,push-up,220,10.0,22.0,7.86,estimated_synthetic,Nakagata et al. 2022 + NCCOR Youth Compendium
64,crunch,580,10.0,58.0,3.31,estimated_synthetic,Nakagata et al. 2019 + NCCOR Youth Compendium curl-ups
57,jumping_jack,190,10.0,19.0,4.4,estimated_synthetic,NCCOR Youth Compendium
36,squat,35,1.0,35.0,8.5,estimated_synthetic,Nakagata et al. 2022 (21–29; 1–6 reps/min)
33,push-up,50,1.5,33.33,8.5,estimated_synthetic,Nakagata et al. 2022 + NCCOR Youth Compendium
27,crunch,114,3.0,38.0,3.33,estimated_synthetic,Nakagata et al. 2019 + NCCOR Youth Compendium curl-ups
51,jumping_jack,128,8.0,16.0,4.44,estimated_synthetic,NCCOR Youth Compendium
24,squat,23,1.0,23.0,8.5,estimated_synthetic,Nakagata et al. 2022 (21–29; 1–6 reps/min)
63,push-up,18,0.5,36.0,8.5,estimated_synthetic,Nakagata et al. 2022 + NCCOR Youth Compendium
47,crunch,312,8.0,39.0,3.46,estimated_synthetic,Nakagata et al. 2019 + NCCOR Youth Compendium curl-ups
39,jumping_jack,600,10.0,60.0,5.77,estimated_synthetic,NCCOR Youth Compendium
29,squat,328,8.0,41.0,8.5,estimated_synthetic,Nakagata et al. 2022 (21–29; 1–6 reps/min)
65,push-up,26,2.0,13.0,5.34,estimated_synthetic,Nakagata et al. 2022 + NCCOR Youth Compendium
32,crunch,14,0.5,28.0,3.36,estimated_synthetic,Nakagata et al. 2019 + NCCOR Youth Compendium curl-ups
51,jumping_jack,256,8.0,32.0,4.83,estimated_synthetic,NCCOR Youth Compendium
22,squat,28,0.5,56.0,8.5,estimated_synthetic,Nakagata et al. 2022 (21–29; 1–6 reps/min)
68,push-up,8,1.5,5.33,3.82,estimated_synthetic,Nakagata et al. 2022 + NCCOR Youth Compendium
47,crunch,30,0.5,60.0,3.38,estimated_synthetic,Nakagata et al. 2019 + NCCOR Youth Compendium curl-ups
40,jumping_jack,168,8.0,21.0,4.45,estimated_synthetic,NCCOR Youth Compendium
62,squat,20,0.5,40.0,8.5,estimated_synthetic,Nakagata et al. 2022 (21–29; 1–6 reps/min)
36,push-up,430,10.0,43.0,8.5,estimated_synthetic,Nakagata et al. 2022 + NCCOR Youth Compendium
69,crunch,46,1.5,30.67,3.46,estimated_synthetic,Nakagata et al. 2019 + NCCOR Youth Compendium curl-ups
37,jumping_jack,3,1.0,3.0,3.96,estimated_synthetic,NCCOR Youth Compendium
38,squat,96,8.0,12.0,7.28,estimated_synthetic,Nakagata et al. 2022 (21–29; 1–6 reps/min)
15,push-up,46,1.5,30.67,8.5,estimated_synthetic,Nakagata et al. 2022 + NCCOR Youth Compendium
37,crunch,68,2.0,34.0,3.3,estimated_synthetic,Nakagata et al. 2019 + NCCOR Youth Compendium curl-ups
58,jumping_jack,54,3.0,18.0,4.55,estimated_synthetic,NCCOR Youth Compendium
48,squat,56,1.0,56.0,8.5,estimated_synthetic,Nakagata et al. 2022 (21–29; 1–6 reps/min)
41,push-up,24,1.5,16.0,6.73,estimated_synthetic,Nakagata et al. 2022 + NCCOR Youth Compendium
28,crunch,300,10.0,30.0,3.29,estimated_synthetic,Nakagata et al. 2019 + NCCOR Youth Compendium curl-ups
17,jumping_jack,352,8.0,44.0,5.3,estimated_synthetic,NCCOR Youth Compendium
48,squat,10,0.5,20.0,8.5,estimated_synthetic,Nakagata et al. 2022 (21–29; 1–6 reps/min)
22,push-up,2,0.5,4.0,4.09,estimated_synthetic,Nakagata et al. 2022 + NCCOR Youth Compendium
60,crunch,6,0.5,12.0,2.6,estimated_synthetic,Nakagata et al. 2019 + NCCOR Youth Compendium curl-ups
21,jumping_jack,34,2.0,17.0,4.52,estimated_synthetic,NCCOR Youth Compendium
27,squat,126,3.0,42.0,8.5,estimated_synthetic,Nakagata et al. 2022 (21–29; 1–6 reps/min)
62,push-up,78,1.5,52.0,8.5,estimated_synthetic,Nakagata et al. 2022 + NCCOR Youth Compendium
40,crunch,55,1.0,55.0,3.31,estimated_synthetic,Nakagata et al. 2019 + NCCOR Youth Compendium curl-ups
58,jumping_jack,26,1.5,17.33,4.31,estimated_synthetic,NCCOR Youth Compendium
46,squat,118,2.0,59.0,8.5,estimated_synthetic,Nakagata et al. 2022 (21–29; 1–6 reps/min)
48,push-up,12,0.5,24.0,8.19,estimated_synthetic,Nakagata et al. 2022 + NCCOR Youth Compendium
23,crunch,51,1.5,34.0,3.44,estimated_synthetic,Nakagata et al. 2019 + NCCOR Youth Compendium curl-ups
59,jumping_jack,22,1.5,14.67,4.36,estimated_synthetic,NCCOR Youth Compendium
50,squat,75,1.5,50.0,8.5,estimated_synthetic,Nakagata et al. 2022 (21–29; 1–6 reps/min)
19,push-up,115,5.0,23.0,7.7,estimated_synthetic,Nakagata et al. 2022 + NCCOR Youth Compendium
54,crunch,41,1.0,41.0,3.57,estimated_synthetic,Nakagata et al. 2019 + NCCOR Youth Compendium curl-ups
55,jumping_jack,68,1.5,45.33,5.54,estimated_synthetic,NCCOR Youth Compendium
21,squat,110,10.0,11.0,6.7,estimated_synthetic,Nakagata et al. 2022 (21–29; 1–6 reps/min)
48,push-up,88,8.0,11.0,5.57,estimated_synthetic,Nakagata et al. 2022 + NCCOR Youth Compendium
18,crunch,49,1.0,49.0,3.27,estimated_synthetic,Nakagata et al. 2019 + NCCOR Youth Compendium curl-ups
43,jumping_jack,4,1.5,2.67,3.83,estimated_synthetic,NCCOR Youth Compendium
45,squat,360,10.0,36.0,8.5,estimated_synthetic,Nakagata et al. 2022 (21–29; 1–6 reps/min)
47,push-up,165,3.0,55.0,8.5,estimated_synthetic,Nakagata et al. 2022 + NCCOR Youth Compendium
38,crunch,36,3.0,12.0,2.8,estimated_synthetic,Nakagata et al. 2019 + NCCOR Youth Compendium curl-ups
49,jumping_jack,25,5.0,5.0,3.74,estimated_synthetic,NCCOR Youth Compendium
22,squat,33,1.5,22.0,8.5,estimated_synthetic,Nakagata et al. 2022 (21–29; 1–6 reps/min)
52,push-up,4,1.0,4.0,4.12,estimated_synthetic,Nakagata et al. 2022 + NCCOR Youth Compendium
23,crunch,52,1.0,52.0,3.4,estimated_synthetic,Nakagata et al. 2019 + NCCOR Youth Compendium curl-ups
63,jumping_jack,114,3.0,38.0,4.92,estimated_synthetic,NCCOR Youth Compendium
44,squat,92,2.0,46.0,8.5,estimated_synthetic,Nakagata et al. 2022 (21–29; 1–6 reps/min)
52,push-up,280,8.0,35.0,8.5,estimated_synthetic,Nakagata et al. 2022 + NCCOR Youth Compendium
55,crunch,110,10.0,11.0,2.78,estimated_synthetic,Nakagata et al. 2019 + NCCOR Youth Compendium curl-ups
38,jumping_jack,30,10.0,3.0,3.77,estimated_synthetic,NCCOR Youth Compendium
35,squat,81,3.0,27.0,8.5,estimated_synthetic,Nakagata et al. 2022 (21–29; 1–6 reps/min)
37,push-up,432,8.0,54.0,8.5,estimated_synthetic,Nakagata et al. 2022 + NCCOR Youth Compendium
23,crunch,150,5.0,30.0,3.29,estimated_synthetic,Nakagata et al. 2019 + NCCOR Youth Compendium curl-ups
23,jumping_jack,20,1.5,13.33,4.43,estimated_synthetic,NCCOR Youth Compendium
66,squat,480,8.0,60.0,8.5,estimated_synthetic,Nakagata et al. 2022 (21–29; 1–6 reps/min)
66,push-up,45,1.5,30.0,7.58,estimated_synthetic,Nakagata et al. 2022 + NCCOR Youth Compendium
51,crunch,400,10.0,40.0,3.39,estimated_synthetic,Nakagata et al. 2019 + NCCOR Youth Compendium curl-ups
36,jumping_jack,23,0.5,46.0,4.96,estimated_synthetic,NCCOR Youth Compendium
44,squat,464,8.0,58.0,8.5,estimated_synthetic,Nakagata et al. 2022 (21–29; 1–6 reps/min)
46,push-up,440,8.0,55.0,8.5,estimated_synthetic,Nakagata et al. 2022 + NCCOR Youth Compendium
63,crunch,256,8.0,32.0,3.54,estimated_synthetic,Nakagata et al. 2019 + NCCOR Youth Compendium curl-ups
20,jumping_jack,92,2.0,46.0,5.31,estimated_synthetic,NCCOR Youth Compendium
26,squat,600,10.0,60.0,8.5,estimated_synthetic,Nakagata et al. 2022 (21–29; 1–6 reps/min)
36,push-up,540,10.0,54.0,8.5,estimated_synthetic,Nakagata et al. 2022 + NCCOR Youth Compendium
50,crunch,34,1.5,22.67,3.49,estimated_synthetic,Nakagata et al. 2019 + NCCOR Youth Compendium curl-ups
49,jumping_jack,52,2.0,26.0,4.81,estimated_synthetic,NCCOR Youth Compendium
47,squat,320,10.0,32.0,8.5,estimated_synthetic,Nakagata et al. 2022 (21–29; 1–6 reps/min)
41,push-up,36,1.5,24.0,8.33,estimated_synthetic,Nakagata et al. 2022 + NCCOR Youth Compendium
58,crunch,22,1.0,22.0,3.44,estimated_synthetic,Nakagata et al. 2019 + NCCOR Youth Compendium curl-ups
24,jumping_jack,11,0.5,22.0,4.62,estimated_synthetic,NCCOR Youth Compendium
55,squat,14,1.0,14.0,8.49,estimated_synthetic,Nakagata et al. 2022 (21–29; 1–6 reps/min)
20,push-up,162,3.0,54.0,8.5,estimated_synthetic,Nakagata et al. 2022 + NCCOR Youth Compendium
41,crunch,59,1.0,59.0,3.36,estimated_synthetic,Nakagata et al. 2019 + NCCOR Youth Compendium curl-ups
25,jumping_jack,15,0.5,30.0,4.79,estimated_synthetic,NCCOR Youth Compendium
22,squat,2,0.5,4.0,2.97,estimated_synthetic,Nakagata et al. 2022 (21–29; 1–6 reps/min)
41,push-up,40,1.0,40.0,8.5,estimated_synthetic,Nakagata et al. 2022 + NCCOR Youth Compendium
64,crunch,8,0.5,16.0,3.04,estimated_synthetic,Nakagata et al. 2019 + NCCOR Youth Compendium curl-ups
29,jumping_jack,70,1.5,46.67,5.38,estimated_synthetic,NCCOR Youth Compendium
58,squat,90,10.0,9.0,5.39,estimated_synthetic,Nakagata et al. 2022 (21–29; 1–6 reps/min)
70,push-up,87,1.5,58.0,8.5,estimated_synthetic,Nakagata et al. 2022 + NCCOR Youth Compendium
37,crunch,57,1.0,57.0,3.36,estimated_synthetic,Nakagata et al. 2019 + NCCOR Youth Compendium curl-ups
32,jumping_jack,16,2.0,8.0,3.77,estimated_synthetic,NCCOR Youth Compendium
56,squat,78,3.0,26.0,8.5,estimated_synthetic,Nakagata et al. 2022 (21–29; 1–6 reps/min)
45,push-up,8,0.5,16.0,6.66,estimated_synthetic,Nakagata et al. 2022 + NCCOR Youth Compendium
20,crunch,192,8.0,24.0,3.31,estimated_synthetic,Nakagata et al. 2019 + NCCOR Youth Compendium curl-ups
47,jumping_jack,100,5.0,20.0,4.22,estimated_synthetic,NCCOR Youth Compendium
61,squat,18,2.0,9.0,5.04,estimated_synthetic,Nakagata et al. 2022 (21–29; 1–6 reps/min)
57,push-up,7,0.5,14.0,6.23,estimated_synthetic,Nakagata et al. 2022 + NCCOR Youth Compendium
37,crunch,8,0.5,16.0,2.93,estimated_synthetic,Nakagata et al. 2019 + NCCOR Youth Compendium curl-ups
65,jumping_jack,36,2.0,18.0,4.22,estimated_synthetic,NCCOR Youth Compendium
49,squat,40,1.0,40.0,8.5,estimated_synthetic,Nakagata et al. 2022 (21–29; 1–6 reps/min)
38,push-up,17,1.0,17.0,7.02,estimated_synthetic,Nakagata et al. 2022 + NCCOR Youth Compendium
22,crunch,288,8.0,36.0,3.3,estimated_synthetic,Nakagata et al. 2019 + NCCOR Youth Compendium curl-ups
63,jumping_jack,99,3.0,33.0,5.11,estimated_synthetic,NCCOR Youth Compendium
33,squat,20,1.0,20.0,8.5,estimated_synthetic,Nakagata et al. 2022 (21–29; 1–6 reps/min)
24,push-up,27,0.5,54.0,8.5,estimated_synthetic,Nakagata et al. 2022 + NCCOR Youth Compendium
33,crunch,57,3.0,19.0,3.22,estimated_synthetic,Nakagata et al. 2019 + NCCOR Youth Compendium curl-ups
42,jumping_jack,68,2.0,34.0,4.91,estimated_synthetic,NCCOR Youth Compendium
35,squat,23,1.0,23.0,8.5,estimated_synthetic,Nakagata et al. 2022 (21–29; 1–6 reps/min)
22,push-up,15,0.5,30.0,8.5,estimated_synthetic,Nakagata et al. 2022 + NCCOR Youth Compendium
23,crunch,24,1.0,24.0,3.28,estimated_synthetic,Nakagata et al. 2019 + NCCOR Youth Compendium curl-ups
46,jumping_jack,17,1.0,17.0,4.49,estimated_synthetic,NCCOR Youth Compendium
36,squat,6,0.5,12.0,7.39,estimated_synthetic,Nakagata et al. 2022 (21–29; 1–6 reps/min)
66,push-up,380,10.0,38.0,8.5,estimated_synthetic,Nakagata et al. 2022 + NCCOR Youth Compendium
69,crunch,66,2.0,33.0,3.43,estimated_synthetic,Nakagata et al. 2019 + NCCOR Youth Compendium curl-ups
44,jumping_jack,480,8.0,60.0,5.91,estimated_synthetic,NCCOR Youth Compendium
60,squat,120,5.0,24.0,8.5,estimated_synthetic,Nakagata et al. 2022 (21–29; 1–6 reps/min)
41,push-up,448,8.0,56.0,8.5,estimated_synthetic,Nakagata et al. 2022 + NCCOR Youth Compendium
46,crunch,28,0.5,56.0,3.35,estimated_synthetic,Nakagata et al. 2019 + NCCOR Youth Compendium curl-ups
34,jumping_jack,195,5.0,39.0,5.11,estimated_synthetic,NCCOR Youth Compendium
50,squat,400,8.0,50.0,8.5,estimated_synthetic,Nakagata et al. 2022 (21–29; 1–6 reps/min)
26,push-up,84,3.0,28.0,8.5,estimated_synthetic,Nakagata et al. 2022 + NCCOR Youth Compendium
57,crunch,18,0.5,36.0,3.37,estimated_synthetic,Nakagata et al. 2019 + NCCOR Youth Compendium curl-ups
70,jumping_jack,60,10.0,6.0,4.1,estimated_synthetic,NCCOR Youth Compendium
59,squat,28,1.0,28.0,8.5,estimated_synthetic,Nakagata et al. 2022 (21–29; 1–6 reps/min)
23,push-up,50,2.0,25.0,8.5,estimated_synthetic,Nakagata et al. 2022 + NCCOR Youth Compendium
51,crunch,40,1.5,26.67,3.51,estimated_synthetic,Nakagata et al. 2019 + NCCOR Youth Compendium curl-ups
55,jumping_jack,62,1.5,41.33,4.98,estimated_synthetic,NCCOR Youth Compendium
19,squat,76,2.0,38.0,8.5,estimated_synthetic,Nakagata et al. 2022 (21–29; 1–6 reps/min)
68,push-up,39,3.0,13.0,5.34,estimated_synthetic,Nakagata et al. 2022 + NCCOR Youth Compendium
70,crunch,288,8.0,36.0,3.26,estimated_synthetic,Nakagata et al. 2019 + NCCOR Youth Compendium curl-ups
17,jumping_jack,81,1.5,54.0,5.59,estimated_synthetic,NCCOR Youth Compendium
57,squat,60,5.0,12.0,7.45,estimated_synthetic,Nakagata et al. 2022 (21–29; 1–6 reps/min)
31,push-up,120,5.0,24.0,8.46,estimated_synthetic,Nakagata et al. 2022 + NCCOR Youth Compendium
37,crunch,108,2.0,54.0,3.48,estimated_synthetic,Nakagata et al. 2019 + NCCOR Youth Compendium curl-ups
46,jumping_jack,96,3.0,32.0,4.89,estimated_synthetic,NCCOR Youth Compendium
33,squat,26,2.0,13.0,7.83,estimated_synthetic,Nakagata et al. 2022 (21–29; 1–6 reps/min)
51,push-up,130,5.0,26.0,8.5,estimated_synthetic,Nakagata et al. 2022 + NCCOR Youth Compendium
29,crunch,50,1.0,50.0,3.47,estimated_synthetic,Nakagata et al. 2019 + NCCOR Youth Compendium curl-ups
20,jumping_jack,41,1.0,41.0,5.3,estimated_synthetic,NCCOR Youth Compendium
32,squat,27,0.5,54.0,8.5,estimated_synthetic,Nakagata et al. 2022 (21–29; 1–6 reps/min)
33,push-up,48,1.0,48.0,8.5,estimated_synthetic,Nakagata et al. 2022 + NCCOR Youth Compendium
57,crunch,55,1.0,55.0,3.41,estimated_synthetic,Nakagata et al. 2019 + NCCOR Youth Compendium curl-ups
52,jumping_jack,144,8.0,18.0,4.33,estimated_synthetic,NCCOR Youth Compendium
30,squat,28,1.5,18.67,8.5,estimated_synthetic,Nakagata et al. 2022 (21–29; 1–6 reps/min)
52,push-up,70,5.0,14.0,6.37,estimated_synthetic,Nakagata et al. 2022 + NCCOR Youth Compendium
45,crunch,235,5.0,47.0,3.18,estimated_synthetic,Nakagata et al. 2019 + NCCOR Youth Compendium curl-ups
68,jumping_jack,85,5.0,17.0,4.34,estimated_synthetic,NCCOR Youth Compendium
18,squat,66,1.5,44.0,8.5,estimated_synthetic,Nakagata et al. 2022 (21–29; 1–6 reps/min)
69,push-up,84,2.0,42.0,8.5,estimated_synthetic,Nakagata et al. 2022 + NCCOR Youth Compendium
45,crunch,86,2.0,43.0,3.5,estimated_synthetic,Nakagata et al. 2019 + NCCOR Youth Compendium curl-ups
64,jumping_jack,42,1.5,28.0,4.85,estimated_synthetic,NCCOR Youth Compendium
62,squat,176,8.0,22.0,8.5,estimated_synthetic,Nakagata et al. 2022 (21–29; 1–6 reps/min)
33,push-up,155,5.0,31.0,8.5,estimated_synthetic,Nakagata et al. 2022 + NCCOR Youth Compendium
60,crunch,74,1.5,49.33,3.35,estimated_synthetic,Nakagata et al. 2019 + NCCOR Youth Compendium curl-ups
28,jumping_jack,560,10.0,56.0,5.57,estimated_synthetic,NCCOR Youth Compendium
67,squat,40,10.0,4.0,3.08,estimated_synthetic,Nakagata et al. 2022 (21–29; 1–6 reps/min)
56,push-up,47,1.0,47.0,8.5,estimated_synthetic,Nakagata et al. 2022 + NCCOR Youth Compendium
50,crunch,86,2.0,43.0,3.41,estimated_synthetic,Nakagata et al. 2019 + NCCOR Youth Compendium curl-ups
28,jumping_jack,95,5.0,19.0,4.43,estimated_synthetic,NCCOR Youth Compendium
40,squat,72,3.0,24.0,8.5,estimated_synthetic,Nakagata et al. 2022 (21–29; 1–6 reps/min)
37,push-up,250,5.0,50.0,8.5,estimated_synthetic,Nakagata et al. 2022 + NCCOR Youth Compendium
46,crunch,24,1.0,24.0,3.29,estimated_synthetic,Nakagata et al. 2019 + NCCOR Youth Compendium curl-ups
15,jumping_jack,98,2.0,49.0,5.58,estimated_synthetic,NCCOR Youth Compendium
28,squat,43,1.0,43.0,8.5,estimated_synthetic,Nakagata et al. 2022 (21–29; 1–6 reps/min)
58,push-up,12,0.5,24.0,8.11,estimated_synthetic,Nakagata et al. 2022 + NCCOR Youth Compendium
31,crunch,57,1.0,57.0,3.53,estimated_synthetic,Nakagata et al. 2019 + NCCOR Youth Compendium curl-ups
23,jumping_jack,76,2.0,38.0,4.99,estimated_synthetic,NCCOR Youth Compendium
31,squat,390,10.0,39.0,8.5,estimated_synthetic,Nakagata et al. 2022 (21–29; 1–6 reps/min)
18,push-up,144,3.0,48.0,8.5,estimated_synthetic,Nakagata et al. 2022 + NCCOR Youth Compendium
41,crunch,150,10.0,15.0,2.86,estimated_synthetic,Nakagata et al. 2019 + NCCOR Youth Compendium curl-ups
52,jumping_jack,255,5.0,51.0,5.63,estimated_synthetic,NCCOR Youth Compendium
23,squat,64,2.0,32.0,8.5,estimated_synthetic,Nakagata et al. 2022 (21–29; 1–6 reps/min)
45,push-up,63,1.5,42.0,8.5,estimated_synthetic,Nakagata et al. 2022 + NCCOR Youth Compendium
15,crunch,40,10.0,4.0,2.33,estimated_synthetic,Nakagata et al. 2019 + NCCOR Youth Compendium curl-ups
70,jumping_jack,4,0.5,8.0,4.1,estimated_synthetic,NCCOR Youth Compendium
21,squat,210,10.0,21.0,8.5,estimated_synthetic,Nakagata et al. 2022 (21–29; 1–6 reps/min)
32,push-up,27,1.0,27.0,8.5,estimated_synthetic,Nakagata et al. 2022 + NCCOR Youth Compendium
35,crunch,235,5.0,47.0,3.47,estimated_synthetic,Nakagata et al. 2019 + NCCOR Youth Compendium curl-ups
34,jumping_jack,255,5.0,51.0,5.42,estimated_synthetic,NCCOR Youth Compendium
67,squat,50,2.0,25.0,8.5,estimated_synthetic,Nakagata et al. 2022 (21–29; 1–6 reps/min)
33,push-up,245,5.0,49.0,8.5,estimated_synthetic,Nakagata et al. 2022 + NCCOR Youth Compendium
27,crunch,180,10.0,18.0,3.19,estimated_synthetic,Nakagata et al. 2019 + NCCOR Youth Compendium curl-ups
23,jumping_jack,80,10.0,8.0,3.98,estimated_synthetic,NCCOR Youth Compendium
32,squat,57,3.0,19.0,8.5,estimated_synthetic,Nakagata et al. 2022 (21–29; 1–6 reps/min)
18,push-up,3,1.0,3.0,3.38,estimated_synthetic,Nakagata et al. 2022 + NCCOR Youth Compendium
62,crunch,64,8.0,8.0,2.55,estimated_synthetic,Nakagata et al. 2019 + NCCOR Youth Compendium curl-ups
16,jumping_jack,250,5.0,50.0,5.49,estimated_synthetic,NCCOR Youth Compendium
16,squat,6,1.0,6.0,3.54,estimated_synthetic,Nakagata et al. 2022 (21–29; 1–6 reps/min)
63,push-up,102,3.0,34.0,8.32,estimated_synthetic,Nakagata et al. 2022 + NCCOR Youth Compendium
17,crunch,14,0.5,28.0,3.53,estimated_synthetic,Nakagata et al. 2019 + NCCOR Youth Compendium curl-ups
37,jumping_jack,51,3.0,17.0,4.35,estimated_synthetic,NCCOR Youth Compendium
26,squat,102,3.0,34.0,8.5,estimated_synthetic,Nakagata et al. 2022 (21–29; 1–6 reps/min)
57,push-up,36,1.5,24.0,8.06,estimated_synthetic,Nakagata et al. 2022 + NCCOR Youth Compendium
50,crunch,40,1.0,40.0,3.47,estimated_synthetic,Nakagata et al. 2019 + NCCOR Youth Compendium curl-ups
57,jumping_jack,56,8.0,7.0,3.94,estimated_synthetic,NCCOR Youth Compendium
24,squat,5,1.0,5.0,3.12,estimated_synthetic,Nakagata et al. 2022 (21–29; 1–6 reps/min)
61,push-up,300,5.0,60.0,8.5,estimated_synthetic,Nakagata et al. 2022 + NCCOR Youth Compendium
70,crunch,65,5.0,13.0,2.89,estimated_synthetic,Nakagata et al. 2019 + NCCOR Youth Compendium curl-ups
40,jumping_jack,53,1.0,53.0,5.83,estimated_synthetic,NCCOR Youth Compendium
68,squat,232,8.0,29.0,8.5,estimated_synthetic,Nakagata et al. 2022 (21–29; 1–6 reps/min)
25,push-up,82,2.0,41.0,8.5,estimated_synthetic,Nakagata et al. 2022 + NCCOR Youth Compendium
29,crunch,15,5.0,3.0,2.19,estimated_synthetic,Nakagata et al. 2019 + NCCOR Youth Compendium curl-ups
46,jumping_jack,102,2.0,51.0,5.81,estimated_synthetic,NCCOR Youth Compendium
40,squat,16,0.5,32.0,8.5,estimated_synthetic,Nakagata et al. 2022 (21–29; 1–6 reps/min)
17,push-up,46,1.5,30.67,8.5,estimated_synthetic,Nakagata et al. 2022 + NCCOR Youth Compendium
31,crunch,34,2.0,17.0,2.96,estimated_synthetic,Nakagata et al. 2019 + NCCOR Youth Compendium curl-ups
57,jumping_jack,52,1.5,34.67,4.99,estimated_synthetic,NCCOR Youth Compendium
57,squat,15,1.5,10.0,5.97,estimated_synthetic,Nakagata et al. 2022 (21–29; 1–6 reps/min)
44,push-up,70,2.0,35.0,8.5,estimated_synthetic,Nakagata et al. 2022 + NCCOR Youth Compendium
62,crunch,12,0.5,24.0,3.26,estimated_synthetic,Nakagata et al. 2019 + NCCOR Youth Compendium curl-ups
15,jumping_jack,162,3.0,54.0,5.59,estimated_synthetic,NCCOR Youth Compendium
58,squat,51,1.0,51.0,8.5,estimated_synthetic,Nakagata et al. 2022 (21–29; 1–6 reps/min)
64,push-up,240,8.0,30.0,7.77,estimated_synthetic,Nakagata et al. 2022 + NCCOR Youth Compendium
41,crunch,11,0.5,22.0,3.6,estimated_synthetic,Nakagata et al. 2019 + NCCOR Youth Compendium curl-ups
27,jumping_jack,28,2.0,14.0,4.1,estimated_synthetic,NCCOR Youth Compendium
16,squat,54,1.0,54.0,8.5,estimated_synthetic,Nakagata et al. 2022 (21–29; 1–6 reps/min)
20,push-up,14,0.5,28.0,8.5,estimated_synthetic,Nakagata et al. 2022 + NCCOR Youth Compendium
19,crunch,40,1.0,40.0,3.33,estimated_synthetic,Nakagata et al. 2019 + NCCOR Youth Compendium curl-ups
63,jumping_jack,34,1.5,22.67,4.41,estimated_synthetic,NCCOR Youth Compendium
44,squat,33,1.5,22.0,8.5,estimated_synthetic,Nakagata et al. 2022 (21–29; 1–6 reps/min)
29,push-up,28,2.0,14.0,6.28,estimated_synthetic,Nakagata et al. 2022 + NCCOR Youth Compendium
16,crunch,430,10.0,43.0,3.26,estimated_synthetic,Nakagata et al. 2019 + NCCOR Youth Compendium curl-ups
20,jumping_jack,4,0.5,8.0,3.69,estimated_synthetic,NCCOR Youth Compendium
37,squat,7,0.5,14.0,8.5,estimated_synthetic,Nakagata et al. 2022 (21–29; 1–6 reps/min)
62,push-up,25,0.5,50.0,8.5,estimated_synthetic,Nakagata et al. 2022 + NCCOR Youth Compendium
23,crunch,280,10.0,28.0,3.45,estimated_synthetic,Nakagata et al. 2019 + NCCOR Youth Compendium curl-ups
17,jumping_jack,10,0.5,20.0,4.36,estimated_synthetic,NCCOR Youth Compendium
19,squat,168,3.0,56.0,8.5,estimated_synthetic,Nakagata et al. 2022 (21–29; 1–6 reps/min)
60,push-up,472,8.0,59.0,8.5,estimated_synthetic,Nakagata et al. 2022 + NCCOR Youth Compendium
44,crunch,38,2.0,19.0,3.25,estimated_synthetic,Nakagata et al. 2019 + NCCOR Youth Compendium curl-ups
69,jumping_jack,208,8.0,26.0,4.54,estimated_synthetic,NCCOR Youth Compendium
41,squat,40,1.0,40.0,8.5,estimated_synthetic,Nakagata et al. 2022 (21–29; 1–6 reps/min)
32,push-up,80,10.0,8.0,5.25,estimated_synthetic,Nakagata et al. 2022 + NCCOR Youth Compendium
16,crunch,108,3.0,36.0,3.35,estimated_synthetic,Nakagata et al. 2019 + NCCOR Youth Compendium curl-ups
35,jumping_jack,56,2.0,28.0,4.74,estimated_synthetic,NCCOR Youth Compendium
36,squat,490,10.0,49.0,8.5,estimated_synthetic,Nakagata et al. 2022 (21–29; 1–6 reps/min)
67,push-up,176,8.0,22.0,6.72,estimated_synthetic,Nakagata et al. 2022 + NCCOR Youth Compendium
69,crunch,75,3.0,25.0,3.43,estimated_synthetic,Nakagata et al. 2019 + NCCOR Youth Compendium curl-ups
40,jumping_jack,52,1.5,34.67,4.87,estimated_synthetic,NCCOR Youth Compendium
69,squat,10,1.5,6.67,4.17,estimated_synthetic,Nakagata et al. 2022 (21–29; 1–6 reps/min)
36,push-up,18,1.5,12.0,6.02,estimated_synthetic,Nakagata et al. 2022 + NCCOR Youth Compendium
69,crunch,106,2.0,53.0,3.36,estimated_synthetic,Nakagata et al. 2019 + NCCOR Youth Compendium curl-ups
27,jumping_jack,368,8.0,46.0,5.34,estimated_synthetic,NCCOR Youth Compendium
44,squat,472,8.0,59.0,8.5,estimated_synthetic,Nakagata et al. 2022 (21–29; 1–6 reps/min)
66,push-up,20,0.5,40.0,8.5,estimated_synthetic,Nakagata et al. 2022 + NCCOR Youth Compendium
51,crunch,520,10.0,52.0,3.44,estimated_synthetic,Nakagata et al. 2019 + NCCOR Youth Compendium curl-ups
36,jumping_jack,360,10.0,36.0,5.01,estimated_synthetic,NCCOR Youth Compendium
49,squat,28,0.5,56.0,8.5,estimated_synthetic,Nakagata et al. 2022 (21–29; 1–6 reps/min)
53,push-up,2,0.5,4.0,4.14,estimated_synthetic,Nakagata et al. 2022 + NCCOR Youth Compendium
23,crunch,128,8.0,16.0,3.14,estimated_synthetic,Nakagata et al. 2019 + NCCOR Youth Compendium curl-ups
42,jumping_jack,6,2.0,3.0,3.89,estimated_synthetic,NCCOR Youth Compendium
67,squat,81,1.5,54.0,8.5,estimated_synthetic,Nakagata et al. 2022 (21–29; 1–6 reps/min)
64,push-up,280,8.0,35.0,8.5,estimated_synthetic,Nakagata et al. 2022 + NCCOR Youth Compendium
52,crunch,28,1.0,28.0,3.19,estimated_synthetic,Nakagata et al. 2019 + NCCOR Youth Compendium curl-ups
58,jumping_jack,34,1.0,34.0,5.07,estimated_synthetic,NCCOR Youth Compendium
19,squat,480,10.0,48.0,8.5,estimated_synthetic,Nakagata et al. 2022 (21–29; 1–6 reps/min)
62,push-up,370,10.0,37.0,8.5,estimated_synthetic,Nakagata et al. 2022 + NCCOR Youth Compendium
47,crunch,14,1.5,9.33,2.72,estimated_synthetic,Nakagata et al. 2019 + NCCOR Youth Compendium curl-ups
20,jumping_jack,90,3.0,30.0,4.76,estimated_synthetic,NCCOR Youth Compendium
50,squat,450,10.0,45.0,8.5,estimated_synthetic,Nakagata et al. 2022 (21–29; 1–6 reps/min)
49,push-up,240,10.0,24.0,8.26,estimated_synthetic,Nakagata et al. 2022 + NCCOR Youth Compendium
22,crunch,27,0.5,54.0,3.33,estimated_synthetic,Nakagata et al. 2019 + NCCOR Youth Compendium curl-ups
59,jumping_jack,10,0.5,20.0,4.53,estimated_synthetic,NCCOR Youth Compendium
55,squat,48,8.0,6.0,3.74,estimated_synthetic,Nakagata et al. 2022 (21–29; 1–6 reps/min)
16,push-up,87,3.0,29.0,8.5,estimated_synthetic,Nakagata et al. 2022 + NCCOR Youth Compendium
47,crunch,39,1.0,39.0,3.4,estimated_synthetic,Nakagata et al. 2019 + NCCOR Youth Compendium curl-ups
52,jumping_jack,304,8.0,38.0,5.11,estimated_synthetic,NCCOR Youth Compendium
47,squat,116,2.0,58.0,8.5,estimated_synthetic,Nakagata et al. 2022 (21–29; 1–6 reps/min)
44,push-up,22,2.0,11.0,5.79,estimated_synthetic,Nakagata et al. 2022 + NCCOR Youth Compendium
42,crunch,20,1.5,13.33,2.99,estimated_synthetic,Nakagata et al. 2019 + NCCOR Youth Compendium curl-ups
20,jumping_jack,26,1.0,26.0,4.72,estimated_synthetic,NCCOR Youth Compendium
38,squat,170,10.0,17.0,8.5,estimated_synthetic,Nakagata et al. 2022 (21–29; 1–6 reps/min)
19,push-up,530,10.0,53.0,8.5,estimated_synthetic,Nakagata et al. 2022 + NCCOR Youth Compendium
35,crunch,20,2.0,10.0,2.74,estimated_synthetic,Nakagata et al. 2019 + NCCOR Youth Compendium curl-ups
39,jumping_jack,34,1.0,34.0,4.79,estimated_synthetic,NCCOR Youth Compendium
41,squat,410,10.0,41.0,8.5,estimated_synthetic,Nakagata et al. 2022 (21–29; 1–6 reps/min)
17,push-up,60,3.0,20.0,7.15,estimated_synthetic,Nakagata et al. 2022 + NCCOR Youth Compendium
36,crunch,10,0.5,20.0,3.17,estimated_synthetic,Nakagata et al. 2019 + NCCOR Youth Compendium curl-ups
67,jumping_jack,90,10.0,9.0,4.17,estimated_synthetic,NCCOR Youth Compendium
15,squat,456,8.0,57.0,8.5,estimated_synthetic,Nakagata et al. 2022 (21–29; 1–6 reps/min)
23,push-up,28,0.5,56.0,8.5,estimated_synthetic,Nakagata et al. 2022 + NCCOR Youth Compendium
54,crunch,96,2.0,48.0,3.49,estimated_synthetic,Nakagata et al. 2019 + NCCOR Youth Compendium curl-ups
39,jumping_jack,59,1.0,59.0,5.94,estimated_synthetic,NCCOR Youth Compendium
59,squat,32,1.0,32.0,8.5,estimated_synthetic,Nakagata et al. 2022 (21–29; 1–6 reps/min)
31,push-up,8,1.0,8.0,5.25,estimated_synthetic,Nakagata et al. 2022 + NCCOR Youth Compendium
22,crunch,170,5.0,34.0,3.48,estimated_synthetic,Nakagata et al. 2019 + NCCOR Youth Compendium curl-ups
61,jumping_jack,153,3.0,51.0,5.29,estimated_synthetic,NCCOR Youth Compendium
50,squat,56,1.0,56.0,8.5,estimated_synthetic,Nakagata et al. 2022 (21–29; 1–6 reps/min)
59,push-up,68,2.0,34.0,8.5,estimated_synthetic,Nakagata et al. 2022 + NCCOR Youth Compendium
27,crunch,280,10.0,28.0,3.11,estimated_synthetic,Nakagata et al. 2019 + NCCOR Youth Compendium curl-ups
54,jumping_jack,58,2.0,29.0,4.74,estimated_synthetic,NCCOR Youth Compendium
30,squat,21,1.5,14.0,8.5,estimated_synthetic,Nakagata et al. 2022 (21–29; 1–6 reps/min)
36,push-up,35,5.0,7.0,4.94,estimated_synthetic,Nakagata et al. 2022 + NCCOR Youth Compendium
55,crunch,28,2.0,14.0,3.09,estimated_synthetic,Nakagata et al. 2019 + NCCOR Youth Compendium curl-ups
67,jumping_jack,2,0.5,4.0,3.96,estimated_synthetic,NCCOR Youth Compendium
63,squat,19,1.0,19.0,8.5,estimated_synthetic,Nakagata et al. 2022 (21–29; 1–6 reps/min)
69,push-up,64,2.0,32.0,8.17,estimated_synthetic,Nakagata et al. 2022 + NCCOR Youth Compendium
63,crunch,50,10.0,5.0,2.37,estimated_synthetic,Nakagata et al. 2019 + NCCOR Youth Compendium curl-ups
28,jumping_jack,16,1.5,10.67,4.05,estimated_synthetic,NCCOR Youth Compendium
23,squat,11,1.0,11.0,6.73,estimated_synthetic,Nakagata et al. 2022 (21–29; 1–6 reps/min)
46,push-up,51,1.5,34.0,8.5,estimated_synthetic,Nakagata et al. 2022 + NCCOR Youth Compendium
59,crunch,32,1.0,32.0,3.62,estimated_synthetic,Nakagata et al. 2019 + NCCOR Youth Compendium curl-ups
59,jumping_jack,265,5.0,53.0,5.79,estimated_synthetic,NCCOR Youth Compendium
22,squat,14,1.5,9.33,5.92,estimated_synthetic,Nakagata et al. 2022 (21–29; 1–6 reps/min)
20,push-up,56,2.0,28.0,8.5,estimated_synthetic,Nakagata et al. 2022 + NCCOR Youth Compendium
62,crunch,42,2.0,21.0,3.34,estimated_synthetic,Nakagata et al. 2019 + NCCOR Youth Compendium curl-ups
58,jumping_jack,26,2.0,13.0,4.42,estimated_synthetic,NCCOR Youth Compendium
25,squat,65,5.0,13.0,7.98,estimated_synthetic,Nakagata et al. 2022 (21–29; 1–6 reps/min)
52,push-up,128,8.0,16.0,6.78,estimated_synthetic,Nakagata et al. 2022 + NCCOR Youth Compendium
65,crunch,44,1.0,44.0,3.31,estimated_synthetic,Nakagata et al. 2019 + NCCOR Youth Compendium curl-ups
67,jumping_jack,72,8.0,9.0,3.82,estimated_synthetic,NCCOR Youth Compendium
44,squat,12,3.0,4.0,2.86,estimated_synthetic,Nakagata et al. 2022 (21–29; 1–6 reps/min)
43,push-up,90,1.5,60.0,8.5,estimated_synthetic,Nakagata et al. 2022 + NCCOR Youth Compendium
43,crunch,112,2.0,56.0,3.44,estimated_synthetic,Nakagata et al. 2019 + NCCOR Youth Compendium curl-ups
38,jumping_jack,185,5.0,37.0,5.26,estimated_synthetic,NCCOR Youth Compendium
55,squat,190,5.0,38.0,8.5,estimated_synthetic,Nakagata et al. 2022 (21–29; 1–6 reps/min)
17,push-up,15,0.5,30.0,8.5,estimated_synthetic,Nakagata et al. 2022 + NCCOR Youth Compendium
30,crunch,88,2.0,44.0,3.45,estimated_synthetic,Nakagata et al. 2019 + NCCOR Youth Compendium curl-ups
18,jumping_jack,200,5.0,40.0,5.09,estimated_synthetic,NCCOR Youth Compendium
65,squat,58,2.0,29.0,8.5,estimated_synthetic,Nakagata et al. 2022 (21–29; 1–6 reps/min)
50,push-up,312,8.0,39.0,8.5,estimated_synthetic,Nakagata et al. 2022 + NCCOR Youth Compendium
39,crunch,240,5.0,48.0,3.33,estimated_synthetic,Nakagata et al. 2019 + NCCOR Youth Compendium curl-ups
52,jumping_jack,120,5.0,24.0,4.66,estimated_synthetic,NCCOR Youth Compendium
50,squat,192,8.0,24.0,8.5,estimated_synthetic,Nakagata et al. 2022 (21–29; 1–6 reps/min)
43,push-up,58,2.0,29.0,8.5,estimated_synthetic,Nakagata et al. 2022 + NCCOR Youth Compendium
48,crunch,115,5.0,23.0,3.51,estimated_synthetic,Nakagata et al. 2019 + NCCOR Youth Compendium curl-ups
22,jumping_jack,58,1.5,38.67,4.76,estimated_synthetic,NCCOR Youth Compendium
27,squat,450,10.0,45.0,8.5,estimated_synthetic,Nakagata et al. 2022 (21–29; 1–6 reps/min)
30,push-up,29,0.5,58.0,8.5,estimated_synthetic,Nakagata et al. 2022 + NCCOR Youth Compendium
30,crunch,25,1.0,25.0,3.46,estimated_synthetic,Nakagata et al. 2019 + NCCOR Youth Compendium curl-ups
31,jumping_jack,54,1.0,54.0,5.69,estimated_synthetic,NCCOR Youth Compendium
24,squat,255,5.0,51.0,8.5,estimated_synthetic,Nakagata et al. 2022 (21–29; 1–6 reps/min)
24,push-up,240,8.0,30.0,8.5,estimated_synthetic,Nakagata et al. 2022 + NCCOR Youth Compendium
36,crunch,26,1.5,17.33,3.14,estimated_synthetic,Nakagata et al. 2019 + NCCOR Youth Compendium curl-ups
32,jumping_jack,170,5.0,34.0,4.78,estimated_synthetic,NCCOR Youth Compendium
23,squat,14,0.5,28.0,8.5,estimated_synthetic,Nakagata et al. 2022 (21–29; 1–6 reps/min)
41,push-up,138,3.0,46.0,8.5,estimated_synthetic,Nakagata et al. 2022 + NCCOR Youth Compendium
26,crunch,56,2.0,28.0,3.34,estimated_synthetic,Nakagata et al. 2019 + NCCOR Youth Compendium curl-ups
60,jumping_jack,34,1.5,22.67,4.59,estimated_synthetic,NCCOR Youth Compendium
27,squat,44,2.0,22.0,8.5,estimated_synthetic,Nakagata et al. 2022 (21–29; 1–6 reps/min)
36,push-up,460,10.0,46.0,8.5,estimated_synthetic,Nakagata et al. 2022 + NCCOR Youth Compendium
25,crunch,36,1.5,24.0,3.45,estimated_synthetic,Nakagata et al. 2019 + NCCOR Youth Compendium curl-ups
22,jumping_jack,100,5.0,20.0,4.15,estimated_synthetic,NCCOR Youth Compendium
65,squat,34,1.0,34.0,8.5,estimated_synthetic,Nakagata et al. 2022 (21–29; 1–6 reps/min)
57,push-up,46,1.5,30.67,8.5,estimated_synthetic,Nakagata et al. 2022 + NCCOR Youth Compendium
16,crunch,312,8.0,39.0,3.13,estimated_synthetic,Nakagata et al. 2019 + NCCOR Youth Compendium curl-ups
70,jumping_jack,108,2.0,54.0,5.61,estimated_synthetic,NCCOR Youth Compendium
43,squat,184,8.0,23.0,8.5,estimated_synthetic,Nakagata et al. 2022 (21–29; 1–6 reps/min)
40,push-up,15,5.0,3.0,3.14,estimated_synthetic,Nakagata et al. 2022 + NCCOR Youth Compendium
41,crunch,62,2.0,31.0,3.43,estimated_synthetic,Nakagata et al. 2019 + NCCOR Youth Compendium curl-ups
37,jumping_jack,280,8.0,35.0,4.8,estimated_synthetic,NCCOR Youth Compendium
70,squat,22,0.5,44.0,8.5,estimated_synthetic,Nakagata et al. 2022 (21–29; 1–6 reps/min)
27,push-up,26,0.5,52.0,8.5,estimated_synthetic,Nakagata et al. 2022 + NCCOR Youth Compendium
52,crunch,72,8.0,9.0,2.72,estimated_synthetic,Nakagata et al. 2019 + NCCOR Youth Compendium curl-ups
64,jumping_jack,26,1.0,26.0,4.64,estimated_synthetic,NCCOR Youth Compendium
61,squat,117,3.0,39.0,8.5,estimated_synthetic,Nakagata et al. 2022 (21–29; 1–6 reps/min)
67,push-up,350,10.0,35.0,8.5,estimated_synthetic,Nakagata et al. 2022 + NCCOR Youth Compendium
27,crunch,15,1.0,15.0,2.93,estimated_synthetic,Nakagata et al. 2019 + NCCOR Youth Compendium curl-ups
25,jumping_jack,290,5.0,58.0,5.73,estimated_synthetic,NCCOR Youth Compendium
18,squat,24,8.0,3.0,2.39,estimated_synthetic,Nakagata et al. 2022 (21–29; 1–6 reps/min)
53,push-up,65,5.0,13.0,6.2,estimated_synthetic,Nakagata et al. 2022 + NCCOR Youth Compendium
69,crunch,84,1.5,56.0,3.41,estimated_synthetic,Nakagata et al. 2019 + NCCOR Youth Compendium curl-ups
66,jumping_jack,63,1.5,42.0,5.05,estimated_synthetic,NCCOR Youth Compendium
38,squat,58,1.0,58.0,8.5,estimated_synthetic,Nakagata et al. 2022 (21–29; 1–6 reps/min)
30,push-up,54,3.0,18.0,7.19,estimated_synthetic,Nakagata et al. 2022 + NCCOR Youth Compendium
70,crunch,86,2.0,43.0,3.38,estimated_synthetic,Nakagata et al. 2019 + NCCOR Youth Compendium curl-ups
29,jumping_jack,141,3.0,47.0,5.39,estimated_synthetic,NCCOR Youth Compendium
56,squat,408,8.0,51.0,8.5,estimated_synthetic,Nakagata et al. 2022 (21–29; 1–6 reps/min)
26,push-up,108,3.0,36.0,8.5,estimated_synthetic,Nakagata et al. 2022 + NCCOR Youth Compendium
64,crunch,8,0.5,16.0,3.04,estimated_synthetic,Nakagata et al. 2019 + NCCOR Youth Compendium curl-ups
26,jumping_jack,245,5.0,49.0,5.36,estimated_synthetic,NCCOR Youth Compendium
22,squat,44,2.0,22.0,8.5,estimated_synthetic,Nakagata et al. 2022 (21–29; 1–6 reps/min)
56,push-up,13,1.0,13.0,5.98,estimated_synthetic,Nakagata et al. 2022 + NCCOR Youth Compendium
46,crunch,56,2.0,28.0,3.26,estimated_synthetic,Nakagata et al. 2019 + NCCOR Youth Compendium curl-ups
41,jumping_jack,120,3.0,40.0,5.04,estimated_synthetic,NCCOR Youth Compendium
22,squat,120,10.0,12.0,7.33,estimated_synthetic,Nakagata et al. 2022 (21–29; 1–6 reps/min)
38,push-up,56,1.0,56.0,8.5,estimated_synthetic,Nakagata et al. 2022 + NCCOR Youth Compendium
70,crunch,40,5.0,8.0,2.69,estimated_synthetic,Nakagata et al. 2019 + NCCOR Youth Compendium curl-ups
57,jumping_jack,60,2.0,30.0,4.59,estimated_synthetic,NCCOR Youth Compendium
24,squat,26,1.0,26.0,8.5,estimated_synthetic,Nakagata et al. 2022 (21–29; 1–6 reps/min)
40,push-up,49,1.0,49.0,8.5,estimated_synthetic,Nakagata et al. 2022 + NCCOR Youth Compendium
45,crunch,312,8.0,39.0,3.37,estimated_synthetic,Nakagata et al. 2019 + NCCOR Youth Compendium curl-ups
29,jumping_jack,8,0.5,16.0,4.32,estimated_synthetic,NCCOR Youth Compendium
16,squat,320,10.0,32.0,8.5,estimated_synthetic,Nakagata et al. 2022 (21–29; 1–6 reps/min)
37,push-up,104,2.0,52.0,8.5,estimated_synthetic,Nakagata et al. 2022 + NCCOR Youth Compendium
29,crunch,4,0.5,8.0,2.58,estimated_synthetic,Nakagata et al. 2019 + NCCOR Youth Compendium curl-ups
24,jumping_jack,96,2.0,48.0,5.61,estimated_synthetic,NCCOR Youth Compendium
36,squat,380,10.0,38.0,8.5,estimated_synthetic,Nakagata et al. 2022 (21–29; 1–6 reps/min)
62,push-up,8,0.5,16.0,5.75,estimated_synthetic,Nakagata et al. 2022 + NCCOR Youth Compendium
63,crunch,272,8.0,34.0,3.32,estimated_synthetic,Nakagata et al. 2019 + NCCOR Youth Compendium curl-ups
32,jumping_jack,141,3.0,47.0,5.39,estimated_synthetic,NCCOR Youth Compendium
21,squat,96,8.0,12.0,7.12,estimated_synthetic,Nakagata et al. 2022 (21–29; 1–6 reps/min)
67,push-up,280,10.0,28.0,7.5,estimated_synthetic,Nakagata et al. 2022 + NCCOR Youth Compendium
25,crunch,180,3.0,60.0,3.45,estimated_synthetic,Nakagata et al. 2019 + NCCOR Youth Compendium curl-ups
56,jumping_jack,46,1.0,46.0,5.29,estimated_synthetic,NCCOR Youth Compendium
38,squat,30,0.5,60.0,8.5,estimated_synthetic,Nakagata et al. 2022 (21–29; 1–6 reps/min)
28,push-up,160,5.0,32.0,8.5,estimated_synthetic,Nakagata et al. 2022 + NCCOR Youth Compendium
63,crunch,102,2.0,51.0,3.35,estimated_synthetic,Nakagata et al. 2019 + NCCOR Youth Compendium curl-ups
59,jumping_jack,136,8.0,17.0,4.43,estimated_synthetic,NCCOR Youth Compendium
31,squat,85,5.0,17.0,8.5,estimated_synthetic,Nakagata et al. 2022 (21–29; 1–6 reps/min)
44,push-up,74,1.5,49.33,8.5,estimated_synthetic,Nakagata et al. 2022 + NCCOR Youth Compendium
15,crunch,250,5.0,50.0,3.64,estimated_synthetic,Nakagata et al. 2019 + NCCOR Youth Compendium curl-ups
66,jumping_jack,46,2.0,23.0,4.54,estimated_synthetic,NCCOR Youth Compendium
51,squat,14,2.0,7.0,4.23,estimated_synthetic,Nakagata et al. 2022 (21–29; 1–6 reps/min)
70,push-up,78,3.0,26.0,7.2,estimated_synthetic,Nakagata et al. 2022 + NCCOR Youth Compendium
20,crunch,48,1.5,32.0,3.39,estimated_synthetic,Nakagata et al. 2019 + NCCOR Youth Compendium curl-ups
59,jumping_jack,177,3.0,59.0,5.84,estimated_synthetic,NCCOR Youth Compendium
58,squat,26,1.5,17.33,8.5,estimated_synthetic,Nakagata et al. 2022 (21–29; 1–6 reps/min)
58,push-up,38,1.0,38.0,8.5,estimated_synthetic,Nakagata et al. 2022 + NCCOR Youth Compendium
67,crunch,456,8.0,57.0,3.25,estimated_synthetic,Nakagata et al. 2019 + NCCOR Youth Compendium curl-ups
16,jumping_jack,440,10.0,44.0,5.21,estimated_synthetic,NCCOR Youth Compendium
48,squat,60,2.0,30.0,8.5,estimated_synthetic,Nakagata et al. 2022 (21–29; 1–6 reps/min)
18,push-up,424,8.0,53.0,8.5,estimated_synthetic,Nakagata et al. 2022 + NCCOR Youth Compendium
62,crunch,54,2.0,27.0,3.35,estimated_synthetic,Nakagata et al. 2019 + NCCOR Youth Compendium curl-ups
67,jumping_jack,69,1.5,46.0,5.34,estimated_synthetic,NCCOR Youth Compendium
44,squat,120,8.0,15.0,8.5,estimated_synthetic,Nakagata et al. 2022 (21–29; 1–6 reps/min)
56,push-up,22,1.5,14.67,6.48,estimated_synthetic,Nakagata et al. 2022 + NCCOR Youth Compendium
37,crunch,392,8.0,49.0,3.23,estimated_synthetic,Nakagata et al. 2019 + NCCOR Youth Compendium curl-ups
28,jumping_jack,8,2.0,4.0,3.72,estimated_synthetic,NCCOR Youth Compendium
39,squat,45,5.0,9.0,5.27,estimated_synthetic,Nakagata et al. 2022 (21–29; 1–6 reps/min)
50,push-up,330,10.0,33.0,8.5,estimated_synthetic,Nakagata et al. 2022 + NCCOR Youth Compendium
21,crunch,12,2.0,6.0,2.56,estimated_synthetic,Nakagata et al. 2019 + NCCOR Youth Compendium curl-ups
50,jumping_jack,27,0.5,54.0,5.55,estimated_synthetic,NCCOR Youth Compendium
18,squat,88,1.5,58.67,8.5,estimated_synthetic,Nakagata et al. 2022 (21–29; 1–6 reps/min)
47,push-up,88,1.5,58.67,8.5,estimated_synthetic,Nakagata et al. 2022 + NCCOR Youth Compendium
52,crunch,500,10.0,50.0,3.46,estimated_synthetic,Nakagata et al. 2019 + NCCOR Youth Compendium curl-ups
33,jumping_jack,22,1.5,14.67,4.42,estimated_synthetic,NCCOR Youth Compendium
25,squat,12,0.5,24.0,8.5,estimated_synthetic,Nakagata et al. 2022 (21–29; 1–6 reps/min)
18,push-up,4,0.5,8.0,5.01,estimated_synthetic,Nakagata et al. 2022 + NCCOR Youth Compendium
44,crunch,360,8.0,45.0,3.41,estimated_synthetic,Nakagata et al. 2019 + NCCOR Youth Compendium curl-ups
47,jumping_jack,20,0.5,40.0,5.14,estimated_synthetic,NCCOR Youth Compendium
32,squat,140,5.0,28.0,8.5,estimated_synthetic,Nakagata et al. 2022 (21–29; 1–6 reps/min)
44,push-up,56,2.0,28.0,8.5,estimated_synthetic,Nakagata et al. 2022 + NCCOR Youth Compendium
24,crunch,12,2.0,6.0,2.38,estimated_synthetic,Nakagata et al. 2019 + NCCOR Youth Compendium curl-ups
24,jumping_jack,144,8.0,18.0,4.32,estimated_synthetic,NCCOR Youth Compendium
57,squat,49,1.0,49.0,8.5,estimated_synthetic,Nakagata et al. 2022 (21–29; 1–6 reps/min)
62,push-up,420,10.0,42.0,8.5,estimated_synthetic,Nakagata et al. 2022 + NCCOR Youth Compendium
64,crunch,27,0.5,54.0,3.35,estimated_synthetic,Nakagata et al. 2019 + NCCOR Youth Compendium curl-ups
57,jumping_jack,120,8.0,15.0,4.16,estimated_synthetic,NCCOR Youth Compendium
51,squat,90,10.0,9.0,5.44,estimated_synthetic,Nakagata et al. 2022 (21–29; 1–6 reps/min)
31,push-up,19,1.0,19.0,7.38,estimated_synthetic,Nakagata et al. 2022 + NCCOR Youth Compendium
30,crunch,84,3.0,28.0,3.3,estimated_synthetic,Nakagata et al. 2019 + NCCOR Youth Compendium curl-ups
49,jumping_jack,100,10.0,10.0,3.92,estimated_synthetic,NCCOR Youth Compendium
49,squat,175,5.0,35.0,8.5,estimated_synthetic,Nakagata et al. 2022 (21–29; 1–6 reps/min)
53,push-up,224,8.0,28.0,8.5,estimated_synthetic,Nakagata et al. 2022 + NCCOR Youth Compendium
39,crunch,30,0.5,60.0,3.31,estimated_synthetic,Nakagata et al. 2019 + NCCOR Youth Compendium curl-ups
27,jumping_jack,368,8.0,46.0,5.29,estimated_synthetic,NCCOR Youth Compendium
17,squat,464,8.0,58.0,8.5,estimated_synthetic,Nakagata et al. 2022 (21–29; 1–6 reps/min)
41,push-up,19,0.5,38.0,8.5,estimated_synthetic,Nakagata et al. 2022 + NCCOR Youth Compendium
67,crunch,116,2.0,58.0,3.29,estimated_synthetic,Nakagata et al. 2019 + NCCOR Youth Compendium curl-ups
44,jumping_jack,450,10.0,45.0,5.45,estimated_synthetic,NCCOR Youth Compendium
37,squat,123,3.0,41.0,8.5,estimated_synthetic,Nakagata et al. 2022 (21–29; 1–6 reps/min)
41,push-up,46,1.5,30.67,8.5,estimated_synthetic,Nakagata et al. 2022 + NCCOR Youth Compendium
69,crunch,320,10.0,32.0,3.43,estimated_synthetic,Nakagata et al. 2019 + NCCOR Youth Compendium curl-ups
40,jumping_jack,30,2.0,15.0,4.03,estimated_synthetic,NCCOR Youth Compendium
47,squat,20,0.5,40.0,8.5,estimated_synthetic,Nakagata et al. 2022 (21–29; 1–6 reps/min)
39,push-up,135,3.0,45.0,8.5,estimated_synthetic,Nakagata et al. 2022 + NCCOR Youth Compendium
27,crunch,177,3.0,59.0,3.34,estimated_synthetic,Nakagata et al. 2019 + NCCOR Youth Compendium curl-ups
23,jumping_jack,120,10.0,12.0,4.16,estimated_synthetic,NCCOR Youth Compendium
25,squat,38,1.5,25.33,8.5,estimated_synthetic,Nakagata et al. 2022 (21–29; 1–6 reps/min)
50,push-up,70,1.5,46.67,8.5,estimated_synthetic,Nakagata et al. 2022 + NCCOR Youth Compendium
28,crunch,570,10.0,57.0,3.4,estimated_synthetic,Nakagata et al. 2019 + NCCOR Youth Compendium curl-ups
43,jumping_jack,104,2.0,52.0,5.28,estimated_synthetic,NCCOR Youth Compendium
60,squat,45,1.0,45.0,8.5,estimated_synthetic,Nakagata et al. 2022 (21–29; 1–6 reps/min)
31,push-up,90,5.0,18.0,7.04,estimated_synthetic,Nakagata et al. 2022 + NCCOR Youth Compendium
57,crunch,30,10.0,3.0,2.33,estimated_synthetic,Nakagata et al. 2019 + NCCOR Youth Compendium curl-ups
70,jumping_jack,60,1.5,40.0,4.83,estimated_synthetic,NCCOR Youth Compendium
37,squat,210,10.0,21.0,8.5,estimated_synthetic,Nakagata et al. 2022 (21–29; 1–6 reps/min)
26,push-up,255,5.0,51.0,8.5,estimated_synthetic,Nakagata et al. 2022 + NCCOR Youth Compendium
67,crunch,34,2.0,17.0,3.03,estimated_synthetic,Nakagata et al. 2019 + NCCOR Youth Compendium curl-ups
70,jumping_jack,550,10.0,55.0,5.79,estimated_synthetic,NCCOR Youth Compendium
68,squat,8,1.5,5.33,3.44,estimated_synthetic,Nakagata et al. 2022 (21–29; 1–6 reps/min)
32,push-up,18,0.5,36.0,8.5,estimated_synthetic,Nakagata et al. 2022 + NCCOR Youth Compendium
47,crunch,130,5.0,26.0,3.55,estimated_synthetic,Nakagata et al. 2019 + NCCOR Youth Compendium curl-ups
37,jumping_jack,176,8.0,22.0,4.43,estimated_synthetic,NCCOR Youth Compendium
44,squat,27,1.0,27.0,8.5,estimated_synthetic,Nakagata et al. 2022 (21–29; 1–6 reps/min)
25,push-up,280,10.0,28.0,8.5,estimated_synthetic,Nakagata et al. 2022 + NCCOR Youth Compendium
20,crunch,480,8.0,60.0,3.36,estimated_synthetic,Nakagata et al. 2019 + NCCOR Youth Compendium curl-ups
46,jumping_jack,210,10.0,21.0,4.39,estimated_synthetic,NCCOR Youth Compendium
29,squat,270,5.0,54.0,8.5,estimated_synthetic,Nakagata et al. 2022 (21–29; 1–6 reps/min)
30,push-up,3,0.5,6.0,4.62,estimated_synthetic,Nakagata et al. 2022 + NCCOR Youth Compendium
60,crunch,2,0.5,4.0,2.38,estimated_synthetic,Nakagata et al. 2019 + NCCOR Youth Compendium curl-ups
62,jumping_jack,114,3.0,38.0,5.18,estimated_synthetic,NCCOR Youth Compendium
52,squat,50,2.0,25.0,8.5,estimated_synthetic,Nakagata et al. 2022 (21–29; 1–6 reps/min)
19,push-up,270,5.0,54.0,8.5,estimated_synthetic,Nakagata et al. 2022 + NCCOR Youth Compendium
45,crunch,37,1.0,37.0,3.36,estimated_synthetic,Nakagata et al. 2019 + NCCOR Youth Compendium curl-ups
65,jumping_jack,55,5.0,11.0,4.27,estimated_synthetic,NCCOR Youth Compendium
60,squat,55,5.0,11.0,5.83,estimated_synthetic,Nakagata et al. 2022 (21–29; 1–6 reps/min)
55,push-up,580,10.0,58.0,8.5,estimated_synthetic,Nakagata et al. 2022 + NCCOR Youth Compendium
46,crunch,84,1.5,56.0,3.54,estimated_synthetic,Nakagata et al. 2019 + NCCOR Youth Compendium curl-ups
41,jumping_jack,80,5.0,16.0,4.42,estimated_synthetic,NCCOR Youth Compendium
20,squat,45,1.5,30.0,8.5,estimated_synthetic,Nakagata et al. 2022 (21–29; 1–6 reps/min)
54,push-up,42,1.5,28.0,8.5,estimated_synthetic,Nakagata et al. 2022 + NCCOR Youth Compendium
28,crunch,117,3.0,39.0,3.24,estimated_synthetic,Nakagata et al. 2019 + NCCOR Youth Compendium curl-ups
58,jumping_jack,44,1.0,44.0,5.44,estimated_synthetic,NCCOR Youth Compendium
63,squat,78,2.0,39.0,8.5,estimated_synthetic,Nakagata et al. 2022 (21–29; 1–6 reps/min)
48,push-up,5,1.0,5.0,4.43,estimated_synthetic,Nakagata et al. 2022 + NCCOR Youth Compendium
47,crunch,24,2.0,12.0,2.78,estimated_synthetic,Nakagata et al. 2019 + NCCOR Youth Compendium curl-ups
38,jumping_jack,50,1.0,50.0,5.42,estimated_synthetic,NCCOR Youth Compendium
39,squat,38,1.0,38.0,8.5,estimated_synthetic,Nakagata et al. 2022 (21–29; 1–6 reps/min)
67,push-up,84,1.5,56.0,8.5,estimated_synthetic,Nakagata et al. 2022 + NCCOR Youth Compendium
43,crunch,26,0.5,52.0,3.35,estimated_synthetic,Nakagata et al. 2019 + NCCOR Youth Compendium curl-ups
57,jumping_jack,55,1.0,55.0,5.56,estimated_synthetic,NCCOR Youth Compendium
25,squat,144,3.0,48.0,8.5,estimated_synthetic,Nakagata et al. 2022 (21–29; 1–6 reps/min)
19,push-up,19,0.5,38.0,8.5,estimated_synthetic,Nakagata et al. 2022 + NCCOR Youth Compendium
41,crunch,80,2.0,40.0,3.37,estimated_synthetic,Nakagata et al. 2019 + NCCOR Youth Compendium curl-ups
47,jumping_jack,225,5.0,45.0,5.16,estimated_synthetic,NCCOR Youth Compendium
54,squat,65,5.0,13.0,8.01,estimated_synthetic,Nakagata et al. 2022 (21–29; 1–6 reps/min)
62,push-up,160,5.0,32.0,7.96,estimated_synthetic,Nakagata et al. 2022 + NCCOR Youth Compendium
66,crunch,100,10.0,10.0,2.79,estimated_synthetic,Nakagata et al. 2019 + NCCOR Youth Compendium curl-ups
56,jumping_jack,130,10.0,13.0,3.95,estimated_synthetic,NCCOR Youth Compendium
55,squat,74,2.0,37.0,8.5,estimated_synthetic,Nakagata et al. 2022 (21–29; 1–6 reps/min)
67,push-up,8,0.5,16.0,5.89,estimated_synthetic,Nakagata et al. 2022 + NCCOR Youth Compendium
51,crunch,28,2.0,14.0,2.87,estimated_synthetic,Nakagata et al. 2019 + NCCOR Youth Compendium curl-ups
62,jumping_jack,114,3.0,38.0,4.89,estimated_synthetic,NCCOR Youth Compendium
21,squat,12,1.5,8.0,4.68,estimated_synthetic,Nakagata et al. 2022 (21–29; 1–6 reps/min)
53,push-up,33,3.0,11.0,5.48,estimated_synthetic,Nakagata et al. 2022 + NCCOR Youth Compendium
52,crunch,260,5.0,52.0,3.31,estimated_synthetic,Nakagata et al. 2019 + NCCOR Youth Compendium curl-ups
34,jumping_jack,60,2.0,30.0,4.81,estimated_synthetic,NCCOR Youth Compendium
22,squat,48,1.5,32.0,8.5,estimated_synthetic,Nakagata et al. 2022 (21–29; 1–6 reps/min)
33,push-up,165,5.0,33.0,8.5,estimated_synthetic,Nakagata et al. 2022 + NCCOR Youth Compendium
16,crunch,98,2.0,49.0,3.37,estimated_synthetic,Nakagata et al. 2019 + NCCOR Youth Compendium curl-ups
68,jumping_jack,9,1.0,9.0,4.09,estimated_synthetic,NCCOR Youth Compendium
53,squat,38,2.0,19.0,8.5,estimated_synthetic,Nakagata et al. 2022 (21–29; 1–6 reps/min)
22,push-up,42,1.0,42.0,8.5,estimated_synthetic,Nakagata et al. 2022 + NCCOR Youth Compendium
45,crunch,44,1.5,29.33,3.36,estimated_synthetic,Nakagata et al. 2019 + NCCOR Youth Compendium curl-ups
22,jumping_jack,135,5.0,27.0,4.66,estimated_synthetic,NCCOR Youth Compendium
30,squat,40,1.5,26.67,8.5,estimated_synthetic,Nakagata et al. 2022 (21–29; 1–6 reps/min)
16,push-up,36,1.5,24.0,7.97,estimated_synthetic,Nakagata et al. 2022 + NCCOR Youth Compendium
57,crunch,13,0.5,26.0,3.56,estimated_synthetic,Nakagata et al. 2019 + NCCOR Youth Compendium curl-ups
15,jumping_jack,44,1.5,29.33,4.7,estimated_synthetic,NCCOR Youth Compendium
57,squat,24,8.0,3.0,2.37,estimated_synthetic,Nakagata et al. 2022 (21–29; 1–6 reps/min)
36,push-up,37,1.0,37.0,8.5,estimated_synthetic,Nakagata et al. 2022 + NCCOR Youth Compendium
50,crunch,138,3.0,46.0,3.32,estimated_synthetic,Nakagata et al. 2019 + NCCOR Youth Compendium curl-ups
34,jumping_jack,40,5.0,8.0,4.09,estimated_synthetic,NCCOR Youth Compendium
61,squat,210,10.0,21.0,8.5,estimated_synthetic,Nakagata et al. 2022 (21–29; 1–6 reps/min)
16,push-up,47,1.0,47.0,8.5,estimated_synthetic,Nakagata et al. 2022 + NCCOR Youth Compendium
58,crunch,256,8.0,32.0,3.35,estimated_synthetic,Nakagata et al. 2019 + NCCOR Youth Compendium curl-ups
50,jumping_jack,590,10.0,59.0,5.75,estimated_synthetic,NCCOR Youth Compendium
35,squat,116,2.0,58.0,8.5,estimated_synthetic,Nakagata et al. 2022 (21–29; 1–6 reps/min)
45,push-up,176,8.0,22.0,8.03,estimated_synthetic,Nakagata et al. 2022 + NCCOR Youth Compendium
25,crunch,4,0.5,8.0,2.7,estimated_synthetic,Nakagata et al. 2019 + NCCOR Youth Compendium curl-ups
40,jumping_jack,63,3.0,21.0,4.3,estimated_synthetic,NCCOR Youth Compendium
23,squat,190,10.0,19.0,8.5,estimated_synthetic,Nakagata et al. 2022 (21–29; 1–6 reps/min)
41,push-up,285,5.0,57.0,8.5,estimated_synthetic,Nakagata et al. 2022 + NCCOR Youth Compendium
59,crunch,15,3.0,5.0,2.46,estimated_synthetic,Nakagata et al. 2019 + NCCOR Youth Compendium curl-ups
20,jumping_jack,28,0.5,56.0,5.71,estimated_synthetic,NCCOR Youth Compendium
70,squat,590,10.0,59.0,8.5,estimated_synthetic,Nakagata et al. 2022 (21–29; 1–6 reps/min)
29,push-up,260,5.0,52.0,8.5,estimated_synthetic,Nakagata et al. 2022 + NCCOR Youth Compendium
22,crunch,39,1.5,26.0,3.42,estimated_synthetic,Nakagata et al. 2019 + NCCOR Youth Compendium curl-ups
62,jumping_jack,50,1.5,33.33,5.11,estimated_synthetic,NCCOR Youth Compendium
27,squat,43,1.0,43.0,8.5,estimated_synthetic,Nakagata et al. 2022 (21–29; 1–6 reps/min)
31,push-up,50,2.0,25.0,8.5,estimated_synthetic,Nakagata et al. 2022 + NCCOR Youth Compendium
55,crunch,145,5.0,29.0,3.3,estimated_synthetic,Nakagata et al. 2019 + NCCOR Youth Compendium curl-ups
25,jumping_jack,27,1.5,18.0,4.52,estimated_synthetic,NCCOR Youth Compendium
37,squat,30,1.5,20.0,8.5,estimated_synthetic,Nakagata et al. 2022 (21–29; 1–6 reps/min)
55,push-up,115,5.0,23.0,7.98,estimated_synthetic,Nakagata et al. 2022 + NCCOR Youth Compendium
18,crunch,54,3.0,18.0,3.19,estimated_synthetic,Nakagata et al. 2019 + NCCOR Youth Compendium curl-ups
26,jumping_jack,44,2.0,22.0,4.64,estimated_synthetic,NCCOR Youth Compendium
46,squat,70,2.0,35.0,8.5,estimated_synthetic,Nakagata et al. 2022 (21–29; 1–6 reps/min)
21,push-up,230,5.0,46.0,8.5,estimated_synthetic,Nakagata et al. 2022 + NCCOR Youth Compendium
31,crunch,440,8.0,55.0,3.22,estimated_synthetic,Nakagata et al. 2019 + NCCOR Youth Compendium curl-ups
67,jumping_jack,44,1.0,44.0,5.13,estimated_synthetic,NCCOR Youth Compendium
53,squat,310,10.0,31.0,8.5,estimated_synthetic,Nakagata et al. 2022 (21–29; 1–6 reps/min)
34,push-up,16,0.5,32.0,8.5,estimated_synthetic,Nakagata et al. 2022 + NCCOR Youth Compendium
58,crunch,29,1.0,29.0,3.4,estimated_synthetic,Nakagata et al. 2019 + NCCOR Youth Compendium curl-ups
49,jumping_jack,28,0.5,56.0,5.68,estimated_synthetic,NCCOR Youth Compendium
29,squat,28,0.5,56.0,8.5,estimated_synthetic,Nakagata et al. 2022 (21–29; 1–6 reps/min)
21,push-up,27,1.5,18.0,7.11,estimated_synthetic,Nakagata et al. 2022 + NCCOR Youth Compendium
30,crunch,55,1.0,55.0,3.41,estimated_synthetic,Nakagata et al. 2019 + NCCOR Youth Compendium curl-ups
36,jumping_jack,220,10.0,22.0,4.38,estimated_synthetic,NCCOR Youth Compendium
33,squat,19,0.5,38.0,8.5,estimated_synthetic,Nakagata et al. 2022 (21–29; 1–6 reps/min)
16,push-up,69,1.5,46.0,8.5,estimated_synthetic,Nakagata et al. 2022 + NCCOR Youth Compendium
34,crunch,50,10.0,5.0,2.35,estimated_synthetic,Nakagata et al. 2019 + NCCOR Youth Compendium curl-ups
43,jumping_jack,210,10.0,21.0,4.56,estimated_synthetic,NCCOR Youth Compendium
18,squat,360,8.0,45.0,8.5,estimated_synthetic,Nakagata et al. 2022 (21–29; 1–6 reps/min)
62,push-up,28,1.0,28.0,7.51,estimated_synthetic,Nakagata et al. 2022 + NCCOR Youth Compendium
54,crunch,376,8.0,47.0,3.32,estimated_synthetic,Nakagata et al. 2019 + NCCOR Youth Compendium curl-ups
32,jumping_jack,16,2.0,8.0,4.26,estimated_synthetic,NCCOR Youth Compendium
39,squat,40,8.0,5.0,3.03,estimated_synthetic,Nakagata et al. 2022 (21–29; 1–6 reps/min)
20,push-up,4,1.0,4.0,3.97,estimated_synthetic,Nakagata et al. 2022 + NCCOR Youth Compendium
56,crunch,392,8.0,49.0,3.3,estimated_synthetic,Nakagata et al. 2019 + NCCOR Youth Compendium curl-ups
48,jumping_jack,12,1.5,8.0,4.06,estimated_synthetic,NCCOR Youth Compendium
69,squat,104,2.0,52.0,8.5,estimated_synthetic,Nakagata et al. 2022 (21–29; 1–6 reps/min)
17,push-up,36,2.0,18.0,6.86,estimated_synthetic,Nakagata et al. 2022 + NCCOR Youth Compendium
62,crunch,10,2.0,5.0,2.41,estimated_synthetic,Nakagata et al. 2019 + NCCOR Youth Compendium curl-ups
64,jumping_jack,432,8.0,54.0,5.76,estimated_synthetic,NCCOR Youth Compendium
57,squat,68,1.5,45.33,8.5,estimated_synthetic,Nakagata et al. 2022 (21–29; 1–6 reps/min)
43,push-up,34,2.0,17.0,6.9,estimated_synthetic,Nakagata et al. 2022 + NCCOR Youth Compendium
17,crunch,47,1.0,47.0,3.35,estimated_synthetic,Nakagata et al. 2019 + NCCOR Youth Compendium curl-ups
34,jumping_jack,78,3.0,26.0,4.82,estimated_synthetic,NCCOR Youth Compendium
69,squat,62,1.5,41.33,8.5,estimated_synthetic,Nakagata et al. 2022 (21–29; 1–6 reps/min)
69,push-up,118,2.0,59.0,8.5,estimated_synthetic,Nakagata et al. 2022 + NCCOR Youth Compendium
24,crunch,56,1.0,56.0,3.48,estimated_synthetic,Nakagata et al. 2019 + NCCOR Youth Compendium curl-ups
44,jumping_jack,50,1.0,50.0,5.69,estimated_synthetic,NCCOR Youth Compendium
32,squat,18,1.5,12.0,7.57,estimated_synthetic,Nakagata et al. 2022 (21–29; 1–6 reps/min)
67,push-up,52,1.5,34.67,8.41,estimated_synthetic,Nakagata et al. 2022 + NCCOR Youth Compendium
29,crunch,11,0.5,22.0,3.49,estimated_synthetic,Nakagata et al. 2019 + NCCOR Youth Compendium curl-ups
48,jumping_jack,3,0.5,6.0,3.98,estimated_synthetic,NCCOR Youth Compendium
31,squat,10,1.5,6.67,4.02,estimated_synthetic,Nakagata et al. 2022 (21–29; 1–6 reps/min)
52,push-up,114,2.0,57.0,8.5,estimated_synthetic,Nakagata et al. 2022 + NCCOR Youth Compendium
29,crunch,18,1.0,18.0,3.1,estimated_synthetic,Nakagata et al. 2019 + NCCOR Youth Compendium curl-ups
33,jumping_jack,66,1.5,44.0,5.18,estimated_synthetic,NCCOR Youth Compendium
41,squat,44,1.0,44.0,8.5,estimated_synthetic,Nakagata et al. 2022 (21–29; 1–6 reps/min)
20,push-up,45,1.5,30.0,8.5,estimated_synthetic,Nakagata et al. 2022 + NCCOR Youth Compendium
66,crunch,28,0.5,56.0,3.23,estimated_synthetic,Nakagata et al. 2019 + NCCOR Youth Compendium curl-ups
21,jumping_jack,285,5.0,57.0,5.65,estimated_synthetic,NCCOR Youth Compendium
33,squat,63,1.5,42.0,8.5,estimated_synthetic,Nakagata et al. 2022 (21–29; 1–6 reps/min)
40,push-up,21,1.5,14.0,6.34,estimated_synthetic,Nakagata et al. 2022 + NCCOR Youth Compendium
63,crunch,45,1.5,30.0,3.45,estimated_synthetic,Nakagata et al. 2019 + NCCOR Youth Compendium curl-ups
54,jumping_jack,15,3.0,5.0,3.87,estimated_synthetic,NCCOR Youth Compendium
20,squat,56,1.5,37.33,8.5,estimated_synthetic,Nakagata et al. 2022 (21–29; 1–6 reps/min)
51,push-up,464,8.0,58.0,8.5,estimated_synthetic,Nakagata et al. 2022 + NCCOR Youth Compendium
37,crunch,310,10.0,31.0,3.35,estimated_synthetic,Nakagata et al. 2019 + NCCOR Youth Compendium curl-ups
22,jumping_jack,240,10.0,24.0,4.67,estimated_synthetic,NCCOR Youth Compendium
41,squat,76,1.5,50.67,8.5,estimated_synthetic,Nakagata et al. 2022 (21–29; 1–6 reps/min)
18,push-up,51,3.0,17.0,6.64,estimated_synthetic,Nakagata et al. 2022 + NCCOR Youth Compendium
25,crunch,43,1.0,43.0,3.4,estimated_synthetic,Nakagata et al. 2019 + NCCOR Youth Compendium curl-ups
29,jumping_jack,38,1.5,25.33,4.51,estimated_synthetic,NCCOR Youth Compendium
53,squat,180,3.0,60.0,8.5,estimated_synthetic,Nakagata et al. 2022 (21–29; 1–6 reps/min)
58,push-up,56,1.5,37.33,8.5,estimated_synthetic,Nakagata et al. 2022 + NCCOR Youth Compendium
31,crunch,30,3.0,10.0,2.74,estimated_synthetic,Nakagata et al. 2019 + NCCOR Youth Compendium curl-ups
65,jumping_jack,9,1.5,6.0,3.89,estimated_synthetic,NCCOR Youth Compendium
70,squat,170,5.0,34.0,8.5,estimated_synthetic,Nakagata et al. 2022 (21–29; 1–6 reps/min)
70,push-up,4,0.5,8.0,4.4,estimated_synthetic,Nakagata et al. 2022 + NCCOR Youth Compendium
16,crunch,43,1.0,43.0,3.39,estimated_synthetic,Nakagata et al. 2019 + NCCOR Youth Compendium curl-ups
57,jumping_jack,22,0.5,44.0,5.07,estimated_synthetic,NCCOR Youth Compendium
48,squat,280,5.0,56.0,8.5,estimated_synthetic,Nakagata et al. 2022 (21–29; 1–6 reps/min)
49,push-up,153,3.0,51.0,8.5,estimated_synthetic,Nakagata et al. 2022 + NCCOR Youth Compendium
17,crunch,4,0.5,8.0,2.64,estimated_synthetic,Nakagata et al. 2019 + NCCOR Youth Compendium curl-ups
46,jumping_jack,52,1.0,52.0,5.61,estimated_synthetic,NCCOR Youth Compendium
42,squat,8,2.0,4.0,2.77,estimated_synthetic,Nakagata et al. 2022 (21–29; 1–6 reps/min)
25,push-up,215,5.0,43.0,8.5,estimated_synthetic,Nakagata et al. 2022 + NCCOR Youth Compendium
53,crunch,16,0.5,32.0,3.39,estimated_synthetic,Nakagata et al. 2019 + NCCOR Youth Compendium curl-ups
64,jumping_jack,7,0.5,14.0,4.19,estimated_synthetic,NCCOR Youth Compendium
25,squat,120,10.0,12.0,7.16,estimated_synthetic,Nakagata et al. 2022 (21–29; 1–6 reps/min)
54,push-up,20,1.0,20.0,7.56,estimated_synthetic,Nakagata et al. 2022 + NCCOR Youth Compendium
53,crunch,4,0.5,8.0,2.51,estimated_synthetic,Nakagata et al. 2019 + NCCOR Youth Compendium curl-ups
55,jumping_jack,30,10.0,3.0,4.03,estimated_synthetic,NCCOR Youth Compendium
70,squat,210,10.0,21.0,8.5,estimated_synthetic,Nakagata et al. 2022 (21–29; 1–6 reps/min)
57,push-up,31,1.0,31.0,8.5,estimated_synthetic,Nakagata et al. 2022 + NCCOR Youth Compendium
20,crunch,72,1.5,48.0,3.42,estimated_synthetic,Nakagata et al. 2019 + NCCOR Youth Compendium curl-ups
44,jumping_jack,56,1.5,37.33,5.14,estimated_synthetic,NCCOR Youth Compendium
49,squat,500,10.0,50.0,8.5,estimated_synthetic,Nakagata et al. 2022 (21–29; 1–6 reps/min)
19,push-up,6,0.5,12.0,5.77,estimated_synthetic,Nakagata et al. 2022 + NCCOR Youth Compendium
23,crunch,27,1.5,18.0,3.16,estimated_synthetic,Nakagata et al. 2019 + NCCOR Youth Compendium curl-ups
24,jumping_jack,248,8.0,31.0,4.77,estimated_synthetic,NCCOR Youth Compendium
62,squat,29,0.5,58.0,8.5,estimated_synthetic,Nakagata et al. 2022 (21–29; 1–6 reps/min)
18,push-up,35,5.0,7.0,4.84,estimated_synthetic,Nakagata et al. 2022 + NCCOR Youth Compendium
37,crunch,220,10.0,22.0,3.59,estimated_synthetic,Nakagata et al. 2019 + NCCOR Youth Compendium curl-ups
26,jumping_jack,36,1.0,36.0,4.71,estimated_synthetic,NCCOR Youth Compendium
61,squat,33,3.0,11.0,6.06,estimated_synthetic,Nakagata et al. 2022 (21–29; 1–6 reps/min)
36,push-up,16,1.5,10.67,5.69,estimated_synthetic,Nakagata et al. 2022 + NCCOR Youth Compendium
20,crunch,75,5.0,15.0,3.23,estimated_synthetic,Nakagata et al. 2019 + NCCOR Youth Compendium curl-ups
63,jumping_jack,105,3.0,35.0,4.74,estimated_synthetic,NCCOR Youth Compendium
33,squat,43,1.0,43.0,8.5,estimated_synthetic,Nakagata et al. 2022 (21–29; 1–6 reps/min)
18,push-up,190,10.0,19.0,7.12,estimated_synthetic,Nakagata et al. 2022 + NCCOR Youth Compendium
15,crunch,30,0.5,60.0,3.32,estimated_synthetic,Nakagata et al. 2019 + NCCOR Youth Compendium curl-ups
63,jumping_jack,4,0.5,8.0,3.98,estimated_synthetic,NCCOR Youth Compendium
64,squat,17,0.5,34.0,8.5,estimated_synthetic,Nakagata et al. 2022 (21–29; 1–6 reps/min)
62,push-up,68,2.0,34.0,8.44,estimated_synthetic,Nakagata et al. 2022 + NCCOR Youth Compendium
30,crunch,432,8.0,54.0,3.4,estimated_synthetic,Nakagata et al. 2019 + NCCOR Youth Compendium curl-ups
42,jumping_jack,600,10.0,60.0,5.89,estimated_synthetic,NCCOR Youth Compendium
47,squat,456,8.0,57.0,8.5,estimated_synthetic,Nakagata et al. 2022 (21–29; 1–6 reps/min)
17,push-up,27,0.5,54.0,8.5,estimated_synthetic,Nakagata et al. 2022 + NCCOR Youth Compendium
66,crunch,235,5.0,47.0,3.44,estimated_synthetic,Nakagata et al. 2019 + NCCOR Youth Compendium curl-ups
29,jumping_jack,12,0.5,24.0,4.55,estimated_synthetic,NCCOR Youth Compendium
29,squat,54,2.0,27.0,8.5,estimated_synthetic,Nakagata et al. 2022 (21–29; 1–6 reps/min)
33,push-up,136,8.0,17.0,6.61,estimated_synthetic,Nakagata et al. 2022 + NCCOR Youth Compendium
17,crunch,49,1.0,49.0,3.55,estimated_synthetic,Nakagata et al. 2019 + NCCOR Youth Compendium curl-ups
63,jumping_jack,30,3.0,10.0,4.25,estimated_synthetic,NCCOR Youth Compendium
69,squat,64,8.0,8.0,4.63,estimated_synthetic,Nakagata et al. 2022 (21–29; 1–6 reps/min)
28,push-up,9,3.0,3.0,3.34,estimated_synthetic,Nakagata et al. 2022 + NCCOR Youth Compendium
31,crunch,104,8.0,13.0,2.96,estimated_synthetic,Nakagata et al. 2019 + NCCOR Youth Compendium curl-ups
70,jumping_jack,69,1.5,46.0,5.49,estimated_synthetic,NCCOR Youth Compendium
62,squat,66,3.0,22.0,8.5,estimated_synthetic,Nakagata et al. 2022 (21–29; 1–6 reps/min)
57,push-up,9,3.0,3.0,3.5,estimated_synthetic,Nakagata et al. 2022 + NCCOR Youth Compendium
26,crunch,590,10.0,59.0,3.33,estimated_synthetic,Nakagata et al. 2019 + NCCOR Youth Compendium curl-ups
29,jumping_jack,30,3.0,10.0,4.21,estimated_synthetic,NCCOR Youth Compendium
49,squat,45,3.0,15.0,8.5,estimated_synthetic,Nakagata et al. 2022 (21–29; 1–6 reps/min)
59,push-up,108,2.0,54.0,8.5,estimated_synthetic,Nakagata et al. 2022 + NCCOR Youth Compendium
26,crunch,33,1.0,33.0,3.43,estimated_synthetic,Nakagata et al. 2019 + NCCOR Youth Compendium curl-ups
46,jumping_jack,176,8.0,22.0,4.76,estimated_synthetic,NCCOR Youth Compendium
45,squat,275,5.0,55.0,8.5,estimated_synthetic,Nakagata et al. 2022 (21–29; 1–6 reps/min)
69,push-up,34,1.0,34.0,8.5,estimated_synthetic,Nakagata et al. 2022 + NCCOR Youth Compendium
34,crunch,12,0.5,24.0,3.36,estimated_synthetic,Nakagata et al. 2019 + NCCOR Youth Compendium curl-ups
28,jumping_jack,6,1.0,6.0,4.08,estimated_synthetic,NCCOR Youth Compendium
57,squat,4,0.5,8.0,4.89,estimated_synthetic,Nakagata et al. 2022 (21–29; 1–6 reps/min)
26,push-up,64,8.0,8.0,5.06,estimated_synthetic,Nakagata et al. 2022 + NCCOR Youth Compendium
67,crunch,45,5.0,9.0,2.57,estimated_synthetic,Nakagata et al. 2019 + NCCOR Youth Compendium curl-ups
18,jumping_jack,312,8.0,39.0,5.1,estimated_synthetic,NCCOR Youth Compendium
18,squat,432,8.0,54.0,8.5,estimated_synthetic,Nakagata et al. 2022 (21–29; 1–6 reps/min)
55,push-up,42,2.0,21.0,7.78,estimated_synthetic,Nakagata et al. 2022 + NCCOR Youth Compendium
25,crunch,60,10.0,6.0,2.53,estimated_synthetic,Nakagata et al. 2019 + NCCOR Youth Compendium curl-ups
47,jumping_jack,56,2.0,28.0,4.72,estimated_synthetic,NCCOR Youth Compendium
36,squat,310,10.0,31.0,8.5,estimated_synthetic,Nakagata et al. 2022 (21–29; 1–6 reps/min)
23,push-up,170,5.0,34.0,8.5,estimated_synthetic,Nakagata et al. 2022 + NCCOR Youth Compendium
61,crunch,18,3.0,6.0,2.44,estimated_synthetic,Nakagata et al. 2019 + NCCOR Youth Compendium curl-ups
17,jumping_jack,288,8.0,36.0,5.1,estimated_synthetic,NCCOR Youth Compendium
34,squat,195,5.0,39.0,8.5,estimated_synthetic,Nakagata et al. 2022 (21–29; 1–6 reps/min)
55,push-up,72,1.5,48.0,8.5,estimated_synthetic,Nakagata et al. 2022 + NCCOR Youth Compendium
58,crunch,4,0.5,8.0,2.54,estimated_synthetic,Nakagata et al. 2019 + NCCOR Youth Compendium curl-ups
30,jumping_jack,530,10.0,53.0,5.52,estimated_synthetic,NCCOR Youth Compendium
33,squat,13,0.5,26.0,8.5,estimated_synthetic,Nakagata et al. 2022 (21–29; 1–6 reps/min)
48,push-up,22,0.5,44.0,8.5,estimated_synthetic,Nakagata et al. 2022 + NCCOR Youth Compendium
36,crunch,174,3.0,58.0,3.34,estimated_synthetic,Nakagata et al. 2019 + NCCOR Youth Compendium curl-ups
48,jumping_jack,140,5.0,28.0,4.38,estimated_synthetic,NCCOR Youth Compendium
17,squat,120,5.0,24.0,8.5,estimated_synthetic,Nakagata et al. 2022 (21–29; 1–6 reps/min)
44,push-up,8,1.5,5.33,4.58,estimated_synthetic,Nakagata et al. 2022 + NCCOR Youth Compendium
36,crunch,12,1.0,12.0,2.76,estimated_synthetic,Nakagata et al. 2019 + NCCOR Youth Compendium curl-ups
35,jumping_jack,64,2.0,32.0,5.14,estimated_synthetic,NCCOR Youth Compendium
67,squat,8,0.5,16.0,8.1,estimated_synthetic,Nakagata et al. 2022 (21–29; 1–6 reps/min)
33,push-up,200,8.0,25.0,8.47,estimated_synthetic,Nakagata et al. 2022 + NCCOR Youth Compendium
59,crunch,288,8.0,36.0,3.23,estimated_synthetic,Nakagata et al. 2019 + NCCOR Youth Compendium curl-ups
21,jumping_jack,580,10.0,58.0,5.82,estimated_synthetic,NCCOR Youth Compendium
25,squat,30,0.5,60.0,8.5,estimated_synthetic,Nakagata et al. 2022 (21–29; 1–6 reps/min)
66,push-up,165,5.0,33.0,8.13,estimated_synthetic,Nakagata et al. 2022 + NCCOR Youth Compendium
50,crunch,46,1.0,46.0,3.66,estimated_synthetic,Nakagata et al. 2019 + NCCOR Youth Compendium curl-ups
60,jumping_jack,4,1.0,4.0,3.82,estimated_synthetic,NCCOR Youth Compendium
58,squat,310,10.0,31.0,8.5,estimated_synthetic,Nakagata et al. 2022 (21–29; 1–6 reps/min)
61,push-up,48,8.0,6.0,4.26,estimated_synthetic,Nakagata et al. 2022 + NCCOR Youth Compendium
51,crunch,60,10.0,6.0,2.47,estimated_synthetic,Nakagata et al. 2019 + NCCOR Youth Compendium curl-ups
44,jumping_jack,290,10.0,29.0,4.67,estimated_synthetic,NCCOR Youth Compendium
63,squat,8,0.5,16.0,8.07,estimated_synthetic,Nakagata et al. 2022 (21–29; 1–6 reps/min)
20,push-up,76,1.5,50.67,8.5,estimated_synthetic,Nakagata et al. 2022 + NCCOR Youth Compendium
16,crunch,56,1.0,56.0,3.32,estimated_synthetic,Nakagata et al. 2019 + NCCOR Youth Compendium curl-ups
45,jumping_jack,18,1.5,12.0,4.37,estimated_synthetic,NCCOR Youth Compendium
60,squat,70,1.5,46.67,8.5,estimated_synthetic,Nakagata et al. 2022 (21–29; 1–6 reps/min)
50,push-up,22,2.0,11.0,5.74,estimated_synthetic,Nakagata et al. 2022 + NCCOR Youth Compendium
17,crunch,570,10.0,57.0,3.4,estimated_synthetic,Nakagata et al. 2019 + NCCOR Youth Compendium curl-ups
61,jumping_jack,114,3.0,38.0,5.11,estimated_synthetic,NCCOR Youth Compendium
43,squat,165,5.0,33.0,8.5,estimated_synthetic,Nakagata et al. 2022 (21–29; 1–6 reps/min)
15,push-up,360,10.0,36.0,8.5,estimated_synthetic,Nakagata et al. 2022 + NCCOR Youth Compendium
23,crunch,44,2.0,22.0,3.39,estimated_synthetic,Nakagata et al. 2019 + NCCOR Youth Compendium curl-ups
15,jumping_jack,48,1.5,32.0,4.9,estimated_synthetic,NCCOR Youth Compendium
44,squat,76,1.5,50.67,8.5,estimated_synthetic,Nakagata et al. 2022 (21–29; 1–6 reps/min)
28,push-up,240,10.0,24.0,8.4,estimated_synthetic,Nakagata et al. 2022 + NCCOR Youth Compendium
39,crunch,38,1.0,38.0,3.32,estimated_synthetic,Nakagata et al. 2019 + NCCOR Youth Compendium curl-ups
32,jumping_jack,102,3.0,34.0,5.27,estimated_synthetic,NCCOR Youth Compendium
21,squat,230,5.0,46.0,8.5,estimated_synthetic,Nakagata et al. 2022 (21–29; 1–6 reps/min)
68,push-up,129,3.0,43.0,8.5,estimated_synthetic,Nakagata et al. 2022 + NCCOR Youth Compendium
28,crunch,26,1.5,17.33,3.19,estimated_synthetic,Nakagata et al. 2019 + NCCOR Youth Compendium curl-ups
40,jumping_jack,304,8.0,38.0,5.22,estimated_synthetic,NCCOR Youth Compendium
21,squat,85,5.0,17.0,8.5,estimated_synthetic,Nakagata et al. 2022 (21–29; 1–6 reps/min)
43,push-up,38,1.5,25.33,8.49,estimated_synthetic,Nakagata et al. 2022 + NCCOR Youth Compendium
55,crunch,14,0.5,28.0,3.48,estimated_synthetic,Nakagata et al. 2019 + NCCOR Youth Compendium curl-ups
51,jumping_jack,6,2.0,3.0,3.77,estimated_synthetic,NCCOR Youth Compendium
50,squat,240,8.0,30.0,8.5,estimated_synthetic,Nakagata et al. 2022 (21–29; 1–6 reps/min)
61,push-up,38,1.0,38.0,8.5,estimated_synthetic,Nakagata et al. 2022 + NCCOR Youth Compendium
59,crunch,448,8.0,56.0,3.45,estimated_synthetic,Nakagata et al. 2019 + NCCOR Youth Compendium curl-ups
21,jumping_jack,8,2.0,4.0,3.62,estimated_synthetic,NCCOR Youth Compendium
34,squat,22,0.5,44.0,8.5,estimated_synthetic,Nakagata et al. 2022 (21–29; 1–6 reps/min)
25,push-up,84,3.0,28.0,8.5,estimated_synthetic,Nakagata et al. 2022 + NCCOR Youth Compendium
26,crunch,14,1.0,14.0,2.99,estimated_synthetic,Nakagata et al. 2019 + NCCOR Youth Compendium curl-ups
40,jumping_jack,376,8.0,47.0,5.42,estimated_synthetic,NCCOR Youth Compendium
58,squat,265,5.0,53.0,8.5,estimated_synthetic,Nakagata et al. 2022 (21–29; 1–6 reps/min)
21,push-up,275,5.0,55.0,8.5,estimated_synthetic,Nakagata et al. 2022 + NCCOR Youth Compendium
35,crunch,114,2.0,57.0,3.45,estimated_synthetic,Nakagata et al. 2019 + NCCOR Youth Compendium curl-ups
67,jumping_jack,52,2.0,26.0,4.61,estimated_synthetic,NCCOR Youth Compendium
44,squat,86,2.0,43.0,8.5,estimated_synthetic,Nakagata et al. 2022 (21–29; 1–6 reps/min)
57,push-up,6,0.5,12.0,6.14,estimated_synthetic,Nakagata et al. 2022 + NCCOR Youth Compendium
60,crunch,48,1.0,48.0,3.23,estimated_synthetic,Nakagata et al. 2019 + NCCOR Youth Compendium curl-ups
52,jumping_jack,81,1.5,54.0,5.57,estimated_synthetic,NCCOR Youth Compendium
44,squat,42,2.0,21.0,8.5,estimated_synthetic,Nakagata et al. 2022 (21–29; 1–6 reps/min)
58,push-up,31,1.0,31.0,8.5,estimated_synthetic,Nakagata et al. 2022 + NCCOR Youth Compendium
36,crunch,280,8.0,35.0,3.44,estimated_synthetic,Nakagata et al. 2019 + NCCOR Youth Compendium curl-ups
61,jumping_jack,80,1.5,53.33,5.82,estimated_synthetic,NCCOR Youth Compendium
34,squat,36,1.0,36.0,8.5,estimated_synthetic,Nakagata et al. 2022 (21–29; 1–6 reps/min)
67,push-up,27,1.0,27.0,7.4,estimated_synthetic,Nakagata et al. 2022 + NCCOR Youth Compendium
34,crunch,9,1.5,6.0,2.69,estimated_synthetic,Nakagata et al. 2019 + NCCOR Youth Compendium curl-ups
31,jumping_jack,70,10.0,7.0,4.22,estimated_synthetic,NCCOR Youth Compendium
61,squat,340,10.0,34.0,8.5,estimated_synthetic,Nakagata et al. 2022 (21–29; 1–6 reps/min)
50,push-up,27,1.0,27.0,8.5,estimated_synthetic,Nakagata et al. 2022 + NCCOR Youth Compendium
49,crunch,17,1.0,17.0,3.02,estimated_synthetic,Nakagata et al. 2019 + NCCOR Youth Compendium curl-ups
61,jumping_jack,220,5.0,44.0,5.28,estimated_synthetic,NCCOR Youth Compendium
70,squat,57,3.0,19.0,8.5,estimated_synthetic,Nakagata et al. 2022 (21–29; 1–6 reps/min)
63,push-up,432,8.0,54.0,8.5,estimated_synthetic,Nakagata et al. 2022 + NCCOR Youth Compendium
66,crunch,24,8.0,3.0,2.2,estimated_synthetic,Nakagata et al. 2019 + NCCOR Youth Compendium curl-ups
52,jumping_jack,30,0.5,60.0,5.92,estimated_synthetic,NCCOR Youth Compendium
28,squat,200,8.0,25.0,8.5,estimated_synthetic,Nakagata et al. 2022 (21–29; 1–6 reps/min)
56,push-up,560,10.0,56.0,8.5,estimated_synthetic,Nakagata et al. 2022 + NCCOR Youth Compendium
37,crunch,102,3.0,34.0,3.35,estimated_synthetic,Nakagata et al. 2019 + NCCOR Youth Compendium curl-ups
20,jumping_jack,76,1.5,50.67,5.51,estimated_synthetic,NCCOR Youth Compendium
66,squat,70,2.0,35.0,8.5,estimated_synthetic,Nakagata et al. 2022 (21–29; 1–6 reps/min)
28,push-up,147,3.0,49.0,8.5,estimated_synthetic,Nakagata et al. 2022 + NCCOR Youth Compendium
49,crunch,22,0.5,44.0,3.23,estimated_synthetic,Nakagata et al. 2019 + NCCOR Youth Compendium curl-ups
47,jumping_jack,57,1.5,38.0,4.99,estimated_synthetic,NCCOR Youth Compendium
30,squat,62,2.0,31.0,8.5,estimated_synthetic,Nakagata et al. 2022 (21–29; 1–6 reps/min)
41,push-up,32,1.0,32.0,8.5,estimated_synthetic,Nakagata et al. 2022 + NCCOR Youth Compendium
58,crunch,344,8.0,43.0,3.33,estimated_synthetic,Nakagata et al. 2019 + NCCOR Youth Compendium curl-ups
56,jumping_jack,245,5.0,49.0,5.7,estimated_synthetic,NCCOR Youth Compendium
30,squat,8,1.0,8.0,4.88,estimated_synthetic,Nakagata et al. 2022 (21–29; 1–6 reps/min)
47,push-up,360,8.0,45.0,8.5,estimated_synthetic,Nakagata et al. 2022 + NCCOR Youth Compendium
56,crunch,60,5.0,12.0,2.83,estimated_synthetic,Nakagata et al. 2019 + NCCOR Youth Compendium curl-ups
29,jumping_jack,58,1.0,58.0,5.77,estimated_synthetic,NCCOR Youth Compendium
18,squat,160,10.0,16.0,8.5,estimated_synthetic,Nakagata et al. 2022 (21–29; 1–6 reps/min)
70,push-up,12,3.0,4.0,3.65,estimated_synthetic,Nakagata et al. 2022 + NCCOR Youth Compendium
67,crunch,416,8.0,52.0,3.46,estimated_synthetic,Nakagata et al. 2019 + NCCOR Youth Compendium curl-ups
53,jumping_jack,12,0.5,24.0,4.44,estimated_synthetic,NCCOR Youth Compendium
46,squat,20,5.0,4.0,2.88,estimated_synthetic,Nakagata et al. 2022 (21–29; 1–6 reps/min)
41,push-up,24,1.5,16.0,6.64,estimated_synthetic,Nakagata et al. 2022 + NCCOR Youth Compendium
46,crunch,245,5.0,49.0,3.29,estimated_synthetic,Nakagata et al. 2019 + NCCOR Youth Compendium curl-ups
69,jumping_jack,26,1.5,17.33,4.38,estimated_synthetic,NCCOR Youth Compendium
16,squat,464,8.0,58.0,8.5,estimated_synthetic,Nakagata et al. 2022 (21–29; 1–6 reps/min)
27,push-up,180,3.0,60.0,8.5,estimated_synthetic,Nakagata et al. 2022 + NCCOR Youth Compendium
38,crunch,96,3.0,32.0,3.44,estimated_synthetic,Nakagata et al. 2019 + NCCOR Youth Compendium curl-ups
43,jumping_jack,34,1.5,22.67,4.44,estimated_synthetic,NCCOR Youth Compendium
38,squat,17,1.0,17.0,8.5,estimated_synthetic,Nakagata et al. 2022 (21–29; 1–6 reps/min)
56,push-up,15,1.5,10.0,5.45,estimated_synthetic,Nakagata et al. 2022 + NCCOR Youth Compendium
43,crunch,550,10.0,55.0,3.33,estimated_synthetic,Nakagata et al. 2019 + NCCOR Youth Compendium curl-ups
15,jumping_jack,35,1.0,35.0,5.09,estimated_synthetic,NCCOR Youth Compendium
45,squat,56,1.5,37.33,8.5,estimated_synthetic,Nakagata et al. 2022 (21–29; 1–6 reps/min)
40,push-up,16,0.5,32.0,8.5,estimated_synthetic,Nakagata et al. 2022 + NCCOR Youth Compendium
20,crunch,180,3.0,60.0,3.45,estimated_synthetic,Nakagata et al. 2019 + NCCOR Youth Compendium curl-ups
20,jumping_jack,39,3.0,13.0,4.17,estimated_synthetic,NCCOR Youth Compendium
63,squat,45,1.5,30.0,8.5,estimated_synthetic,Nakagata et al. 2022 (21–29; 1–6 reps/min)
58,push-up,104,8.0,13.0,5.89,estimated_synthetic,Nakagata et al. 2022 + NCCOR Youth Compendium
70,crunch,28,0.5,56.0,3.21,estimated_synthetic,Nakagata et al. 2019 + NCCOR Youth Compendium curl-ups
27,jumping_jack,153,3.0,51.0,5.38,estimated_synthetic,NCCOR Youth Compendium
46,squat,260,10.0,26.0,8.5,estimated_synthetic,Nakagata et al. 2022 (21–29; 1–6 reps/min)
59,push-up,129,3.0,43.0,8.5,estimated_synthetic,Nakagata et al. 2022 + NCCOR Youth Compendium
46,crunch,84,3.0,28.0,3.31,estimated_synthetic,Nakagata et al. 2019 + NCCOR Youth Compendium curl-ups
51,jumping_jack,24,3.0,8.0,3.86,estimated_synthetic,NCCOR Youth Compendium
16,squat,18,0.5,36.0,8.5,estimated_synthetic,Nakagata et al. 2022 (21–29; 1–6 reps/min)
67,push-up,21,0.5,42.0,8.5,estimated_synthetic,Nakagata et al. 2022 + NCCOR Youth Compendium
60,crunch,190,10.0,19.0,3.23,estimated_synthetic,Nakagata et al. 2019 + NCCOR Youth Compendium curl-ups
24,jumping_jack,54,1.0,54.0,5.75,estimated_synthetic,NCCOR Youth Compendium
27,squat,296,8.0,37.0,8.5,estimated_synthetic,Nakagata et al. 2022 (21–29; 1–6 reps/min)
34,push-up,96,3.0,32.0,8.5,estimated_synthetic,Nakagata et al. 2022 + NCCOR Youth Compendium
44,crunch,30,1.0,30.0,3.29,estimated_synthetic,Nakagata et al. 2019 + NCCOR Youth Compendium curl-ups
21,jumping_jack,20,0.5,40.0,5.34,estimated_synthetic,NCCOR Youth Compendium
32,squat,47,1.0,47.0,8.5,estimated_synthetic,Nakagata et al. 2022 (21–29; 1–6 reps/min)
53,push-up,170,5.0,34.0,8.5,estimated_synthetic,Nakagata et al. 2022 + NCCOR Youth Compendium
40,crunch,68,2.0,34.0,3.27,estimated_synthetic,Nakagata et al. 2019 + NCCOR Youth Compendium curl-ups
61,jumping_jack,90,2.0,45.0,5.13,estimated_synthetic,NCCOR Youth Compendium
60,squat,56,8.0,7.0,4.15,estimated_synthetic,Nakagata et al. 2022 (21–29; 1–6 reps/min)
47,push-up,184,8.0,23.0,7.99,estimated_synthetic,Nakagata et al. 2022 + NCCOR Youth Compendium
57,crunch,176,8.0,22.0,3.54,estimated_synthetic,Nakagata et al. 2019 + NCCOR Youth Compendium curl-ups
70,jumping_jack,18,3.0,6.0,4.06,estimated_synthetic,NCCOR Youth Compendium
49,squat,10,0.5,20.0,8.5,estimated_synthetic,Nakagata et al. 2022 (21–29; 1–6 reps/min)
28,push-up,135,3.0,45.0,8.5,estimated_synthetic,Nakagata et al. 2022 + NCCOR Youth Compendium
65,crunch,4,1.0,4.0,2.41,estimated_synthetic,Nakagata et al. 2019 + NCCOR Youth Compendium curl-ups
17,jumping_jack,10,2.0,5.0,3.87,estimated_synthetic,NCCOR Youth Compendium
41,squat,99,3.0,33.0,8.5,estimated_synthetic,Nakagata et al. 2022 (21–29; 1–6 reps/min)
30,push-up,42,1.5,28.0,8.5,estimated_synthetic,Nakagata et al. 2022 + NCCOR Youth Compendium
57,crunch,63,1.5,42.0,3.49,estimated_synthetic,Nakagata et al. 2019 + NCCOR Youth Compendium curl-ups
53,jumping_jack,580,10.0,58.0,5.54,estimated_synthetic,NCCOR Youth Compendium
67,squat,30,5.0,6.0,3.65,estimated_synthetic,Nakagata et al. 2022 (21–29; 1–6 reps/min)
41,push-up,400,8.0,50.0,8.5,estimated_synthetic,Nakagata et al. 2022 + NCCOR Youth Compendium
22,crunch,52,1.0,52.0,3.48,estimated_synthetic,Nakagata et al. 2019 + NCCOR Youth Compendium curl-ups
40,jumping_jack,50,1.0,50.0,5.59,estimated_synthetic,NCCOR Youth Compendium
34,squat,290,5.0,58.0,8.5,estimated_synthetic,Nakagata et al. 2022 (21–29; 1–6 reps/min)
51,push-up,72,3.0,24.0,8.37,estimated_synthetic,Nakagata et al. 2022 + NCCOR Youth Compendium
25,crunch,200,8.0,25.0,3.3,estimated_synthetic,Nakagata et al. 2019 + NCCOR Youth Compendium curl-ups
39,jumping_jack,136,8.0,17.0,4.25,estimated_synthetic,NCCOR Youth Compendium
35,squat,162,3.0,54.0,8.5,estimated_synthetic,Nakagata et al. 2022 (21–29; 1–6 reps/min)
28,push-up,24,0.5,48.0,8.5,estimated_synthetic,Nakagata et al. 2022 + NCCOR Youth Compendium
49,crunch,38,2.0,19.0,3.2,estimated_synthetic,Nakagata et al. 2019 + NCCOR Youth Compendium curl-ups
39,jumping_jack,42,2.0,21.0,4.47,estimated_synthetic,NCCOR Youth Compendium
30,squat,290,10.0,29.0,8.5,estimated_synthetic,Nakagata et al. 2022 (21–29; 1–6 reps/min)
52,push-up,46,1.0,46.0,8.5,estimated_synthetic,Nakagata et al. 2022 + NCCOR Youth Compendium
69,crunch,84,2.0,42.0,3.46,estimated_synthetic,Nakagata et al. 2019 + NCCOR Youth Compendium curl-ups
44,jumping_jack,27,3.0,9.0,4.03,estimated_synthetic,NCCOR Youth Compendium
61,squat,26,0.5,52.0,8.5,estimated_synthetic,Nakagata et al. 2022 (21–29; 1–6 reps/min)
37,push-up,84,1.5,56.0,8.5,estimated_synthetic,Nakagata et al. 2022 + NCCOR Youth Compendium
57,crunch,162,3.0,54.0,3.43,estimated_synthetic,Nakagata et al. 2019 + NCCOR Youth Compendium curl-ups
40,jumping_jack,34,2.0,17.0,4.26,estimated_synthetic,NCCOR Youth Compendium
64,squat,9,1.0,9.0,5.01,estimated_synthetic,Nakagata et al. 2022 (21–29; 1–6 reps/min)
30,push-up,50,1.5,33.33,8.5,estimated_synthetic,Nakagata et al. 2022 + NCCOR Youth Compendium
21,crunch,14,1.0,14.0,3.02,estimated_synthetic,Nakagata et al. 2019 + NCCOR Youth Compendium curl-ups
20,jumping_jack,33,1.5,22.0,4.65,estimated_synthetic,NCCOR Youth Compendium
33,squat,26,1.0,26.0,8.5,estimated_synthetic,Nakagata et al. 2022 (21–29; 1–6 reps/min)
16,push-up,18,2.0,9.0,5.18,estimated_synthetic,Nakagata et al. 2022 + NCCOR Youth Compendium
25,crunch,54,1.0,54.0,3.59,estimated_synthetic,Nakagata et al. 2019 + NCCOR Youth Compendium curl-ups
69,jumping_jack,190,5.0,38.0,5.45,estimated_synthetic,NCCOR Youth Compendium
56,squat,12,0.5,24.0,8.5,estimated_synthetic,Nakagata et al. 2022 (21–29; 1–6 reps/min)
69,push-up,312,8.0,39.0,8.5,estimated_synthetic,Nakagata et al. 2022 + NCCOR Youth Compendium
21,crunch,56,2.0,28.0,3.42,estimated_synthetic,Nakagata et al. 2019 + NCCOR Youth Compendium curl-ups
67,jumping_jack,120,2.0,60.0,5.86,estimated_synthetic,NCCOR Youth Compendium
52,squat,100,5.0,20.0,8.5,estimated_synthetic,Nakagata et al. 2022 (21–29; 1–6 reps/min)
69,push-up,112,2.0,56.0,8.5,estimated_synthetic,Nakagata et al. 2022 + NCCOR Youth Compendium
49,crunch,265,5.0,53.0,3.34,estimated_synthetic,Nakagata et al. 2019 + NCCOR Youth Compendium curl-ups
23,jumping_jack,42,1.0,42.0,5.37,estimated_synthetic,NCCOR Youth Compendium
33,squat,50,1.0,50.0,8.5,estimated_synthetic,Nakagata et al. 2022 (21–29; 1–6 reps/min)
28,push-up,40,10.0,4.0,3.9,estimated_synthetic,Nakagata et al. 2022 + NCCOR Youth Compendium
58,crunch,350,10.0,35.0,3.41,estimated_synthetic,Nakagata et al. 2019 + NCCOR Youth Compendium curl-ups
15,jumping_jack,21,0.5,42.0,4.99,estimated_synthetic,NCCOR Youth Compendium
24,squat,51,3.0,17.0,8.5,estimated_synthetic,Nakagata et al. 2022 (21–29; 1–6 reps/min)
53,push-up,48,2.0,24.0,8.17,estimated_synthetic,Nakagata et al. 2022 + NCCOR Youth Compendium
43,crunch,108,3.0,36.0,3.55,estimated_synthetic,Nakagata et al. 2019 + NCCOR Youth Compendium curl-ups
26,jumping_jack,270,5.0,54.0,5.73,estimated_synthetic,NCCOR Youth Compendium
59,squat,90,2.0,45.0,8.5,estimated_synthetic,Nakagata et al. 2022 (21–29; 1–6 reps/min)
33,push-up,170,10.0,17.0,6.91,estimated_synthetic,Nakagata et al. 2022 + NCCOR Youth Compendium
23,crunch,510,10.0,51.0,3.35,estimated_synthetic,Nakagata et al. 2019 + NCCOR Youth Compendium curl-ups
27,jumping_jack,120,10.0,12.0,4.23,estimated_synthetic,NCCOR Youth Compendium
56,squat,20,2.0,10.0,6.18,estimated_synthetic,Nakagata et al. 2022 (21–29; 1–6 reps/min)
33,push-up,29,0.5,58.0,8.5,estimated_synthetic,Nakagata et al. 2022 + NCCOR Youth Compendium
67,crunch,8,1.0,8.0,2.59,estimated_synthetic,Nakagata et al. 2019 + NCCOR Youth Compendium curl-ups
58,jumping_jack,110,2.0,55.0,5.63,estimated_synthetic,NCCOR Youth Compendium
26,squat,63,1.5,42.0,8.5,estimated_synthetic,Nakagata et al. 2022 (21–29; 1–6 reps/min)
23,push-up,26,1.5,17.33,6.89,estimated_synthetic,Nakagata et al. 2022 + NCCOR Youth Compendium
23,crunch,328,8.0,41.0,3.28,estimated_synthetic,Nakagata et al. 2019 + NCCOR Youth Compendium curl-ups
69,jumping_jack,185,5.0,37.0,5.06,estimated_synthetic,NCCOR Youth Compendium
66,squat,66,3.0,22.0,8.5,estimated_synthetic,Nakagata et al. 2022 (21–29; 1–6 reps/min)
32,push-up,36,1.0,36.0,8.5,estimated_synthetic,Nakagata et al. 2022 + NCCOR Youth Compendium
29,crunch,28,2.0,14.0,2.94,estimated_synthetic,Nakagata et al. 2019 + NCCOR Youth Compendium curl-ups
51,jumping_jack,84,1.5,56.0,5.71,estimated_synthetic,NCCOR Youth Compendium
37,squat,112,8.0,14.0,8.45,estimated_synthetic,Nakagata et al. 2022 (21–29; 1–6 reps/min)
51,push-up,44,1.0,44.0,8.5,estimated_synthetic,Nakagata et al. 2022 + NCCOR Youth Compendium
24,crunch,153,3.0,51.0,3.59,estimated_synthetic,Nakagata et al. 2019 + NCCOR Youth Compendium curl-ups
30,jumping_jack,190,5.0,38.0,5.35,estimated_synthetic,NCCOR Youth Compendium
56,squat,31,1.0,31.0,8.5,estimated_synthetic,Nakagata et al. 2022 (21–29; 1–6 reps/min)
18,push-up,120,10.0,12.0,5.57,estimated_synthetic,Nakagata et al. 2022 + NCCOR Youth Compendium
48,crunch,448,8.0,56.0,3.49,estimated_synthetic,Nakagata et al. 2019 + NCCOR Youth Compendium curl-ups
61,jumping_jack,340,10.0,34.0,4.98,estimated_synthetic,NCCOR Youth Compendium
17,squat,100,2.0,50.0,8.5,estimated_synthetic,Nakagata et al. 2022 (21–29; 1–6 reps/min)
51,push-up,472,8.0,59.0,8.5,estimated_synthetic,Nakagata et al. 2022 + NCCOR Youth Compendium
49,crunch,320,8.0,40.0,3.13,estimated_synthetic,Nakagata et al. 2019 + NCCOR Youth Compendium curl-ups
48,jumping_jack,69,1.5,46.0,5.57,estimated_synthetic,NCCOR Youth Compendium
37,squat,328,8.0,41.0,8.5,estimated_synthetic,Nakagata et al. 2022 (21–29; 1–6 reps/min)
48,push-up,10,1.5,6.67,4.84,estimated_synthetic,Nakagata et al. 2022 + NCCOR Youth Compendium
29,crunch,32,1.5,21.33,3.4,estimated_synthetic,Nakagata et al. 2019 + NCCOR Youth Compendium curl-ups
64,jumping_jack,86,2.0,43.0,5.32,estimated_synthetic,NCCOR Youth Compendium
64,squat,235,5.0,47.0,8.5,estimated_synthetic,Nakagata et al. 2022 (21–29; 1–6 reps/min)
68,push-up,63,3.0,21.0,6.41,estimated_synthetic,Nakagata et al. 2022 + NCCOR Youth Compendium
34,crunch,185,5.0,37.0,3.3,estimated_synthetic,Nakagata et al. 2019 + NCCOR Youth Compendium curl-ups
41,jumping_jack,21,1.0,21.0,4.5,estimated_synthetic,NCCOR Youth Compendium
36,squat,78,1.5,52.0,8.5,estimated_synthetic,Nakagata et al. 2022 (21–29; 1–6 reps/min)
63,push-up,120,5.0,24.0,6.94,estimated_synthetic,Nakagata et al. 2022 + NCCOR Youth Compendium
36,crunch,12,0.5,24.0,3.24,estimated_synthetic,Nakagata et al. 2019 + NCCOR Youth Compendium curl-ups
29,jumping_jack,60,1.0,60.0,5.75,estimated_synthetic,NCCOR Youth Compendium
55,squat,165,3.0,55.0,8.5,estimated_synthetic,Nakagata et al. 2022 (21–29; 1–6 reps/min)
15,push-up,117,3.0,39.0,8.5,estimated_synthetic,Nakagata et al. 2022 + NCCOR Youth Compendium
28,crunch,420,10.0,42.0,3.43,estimated_synthetic,Nakagata et al. 2019 + NCCOR Youth Compendium curl-ups
57,jumping_jack,92,2.0,46.0,5.16,estimated_synthetic,NCCOR Youth Compendium
24,squat,42,2.0,21.0,8.5,estimated_synthetic,Nakagata et al. 2022 (21–29; 1–6 reps/min)
50,push-up,136,8.0,17.0,6.89,estimated_synthetic,Nakagata et al. 2022 + NCCOR Youth Compendium
42,crunch,25,0.5,50.0,3.43,estimated_synthetic,Nakagata et al. 2019 + NCCOR Youth Compendium curl-ups
51,jumping_jack,114,3.0,38.0,5.01,estimated_synthetic,NCCOR Youth Compendium
26,squat,51,1.0,51.0,8.5,estimated_synthetic,Nakagata et al. 2022 (21–29; 1–6 reps/min)
27,push-up,37,1.0,37.0,8.5,estimated_synthetic,Nakagata et al. 2022 + NCCOR Youth Compendium
22,crunch,12,1.0,12.0,3.06,estimated_synthetic,Nakagata et al. 2019 + NCCOR Youth Compendium curl-ups
64,jumping_jack,14,0.5,28.0,4.62,estimated_synthetic,NCCOR Youth Compendium
51,squat,11,1.0,11.0,6.78,estimated_synthetic,Nakagata et al. 2022 (21–29; 1–6 reps/min)
55,push-up,4,1.5,2.67,3.32,estimated_synthetic,Nakagata et al. 2022 + NCCOR Youth Compendium
18,crunch,272,8.0,34.0,3.25,estimated_synthetic,Nakagata et al. 2019 + NCCOR Youth Compendium curl-ups
55,jumping_jack,28,0.5,56.0,5.64,estimated_synthetic,NCCOR Youth Compendium
15,squat,24,3.0,8.0,4.68,estimated_synthetic,Nakagata et al. 2022 (21–29; 1–6 reps/min)
49,push-up,15,1.0,15.0,6.78,estimated_synthetic,Nakagata et al. 2022 + NCCOR Youth Compendium
28,crunch,100,5.0,20.0,3.31,estimated_synthetic,Nakagata et al. 2019 + NCCOR Youth Compendium curl-ups
58,jumping_jack,63,3.0,21.0,4.4,estimated_synthetic,NCCOR Youth Compendium
41,squat,92,2.0,46.0,8.5,estimated_synthetic,Nakagata et al. 2022 (21–29; 1–6 reps/min)
45,push-up,106,2.0,53.0,8.5,estimated_synthetic,Nakagata et al. 2022 + NCCOR Youth Compendium
24,crunch,200,8.0,25.0,3.55,estimated_synthetic,Nakagata et al. 2019 + NCCOR Youth Compendium curl-ups
69,jumping_jack,50,10.0,5.0,3.81,estimated_synthetic,NCCOR Youth Compendium
32,squat,76,2.0,38.0,8.5,estimated_synthetic,Nakagata et al. 2022 (21–29; 1–6 reps/min)
29,push-up,580,10.0,58.0,8.5,estimated_synthetic,Nakagata et al. 2022 + NCCOR Youth Compendium
18,crunch,430,10.0,43.0,3.39,estimated_synthetic,Nakagata et al. 2019 + NCCOR Youth Compendium curl-ups
57,jumping_jack,21,0.5,42.0,5.04,estimated_synthetic,NCCOR Youth Compendium
54,squat,140,5.0,28.0,8.5,estimated_synthetic,Nakagata et al. 2022 (21–29; 1–6 reps/min)
25,push-up,30,1.5,20.0,7.49,estimated_synthetic,Nakagata et al. 2022 + NCCOR Youth Compendium
36,crunch,185,5.0,37.0,3.53,estimated_synthetic,Nakagata et al. 2019 + NCCOR Youth Compendium curl-ups
51,jumping_jack,78,2.0,39.0,4.98,estimated_synthetic,NCCOR Youth Compendium
57,squat,250,5.0,50.0,8.5,estimated_synthetic,Nakagata et al. 2022 (21–29; 1–6 reps/min)
30,push-up,60,5.0,12.0,5.96,estimated_synthetic,Nakagata et al. 2022 + NCCOR Youth Compendium
59,crunch,72,1.5,48.0,3.5,estimated_synthetic,Nakagata et al. 2019 + NCCOR Youth Compendium curl-ups
40,jumping_jack,70,5.0,14.0,4.1,estimated_synthetic,NCCOR Youth Compendium
29,squat,39,1.0,39.0,8.5,estimated_synthetic,Nakagata et al. 2022 (21–29; 1–6 reps/min)
53,push-up,14,0.5,28.0,8.5,estimated_synthetic,Nakagata et al. 2022 + NCCOR Youth Compendium
45,crunch,22,0.5,44.0,3.52,estimated_synthetic,Nakagata et al. 2019 + NCCOR Youth Compendium curl-ups
17,jumping_jack,141,3.0,47.0,5.77,estimated_synthetic,NCCOR Youth Compendium
46,squat,4,0.5,8.0,4.9,estimated_synthetic,Nakagata et al. 2022 (21–29; 1–6 reps/min)
58,push-up,10,0.5,20.0,7.55,estimated_synthetic,Nakagata et al. 2022 + NCCOR Youth Compendium
41,crunch,70,10.0,7.0,2.61,estimated_synthetic,Nakagata et al. 2019 + NCCOR Youth Compendium curl-ups
18,jumping_jack,80,2.0,40.0,4.91,estimated_synthetic,NCCOR Youth Compendium
18,squat,55,5.0,11.0,6.24,estimated_synthetic,Nakagata et al. 2022 (21–29; 1–6 reps/min)
63,push-up,4,1.5,2.67,2.84,estimated_synthetic,Nakagata et al. 2022 + NCCOR Youth Compendium
31,crunch,74,1.5,49.33,3.35,estimated_synthetic,Nakagata et al. 2019 + NCCOR Youth Compendium curl-ups
21,jumping_jack,44,2.0,22.0,4.55,estimated_synthetic,NCCOR Youth Compendium
62,squat,24,0.5,48.0,8.5,estimated_synthetic,Nakagata et al. 2022 (21–29; 1–6 reps/min)
66,push-up,472,8.0,59.0,8.5,estimated_synthetic,Nakagata et al. 2022 + NCCOR Youth Compendium
67,crunch,6,1.0,6.0,2.58,estimated_synthetic,Nakagata et al. 2019 + NCCOR Youth Compendium curl-ups
55,jumping_jack,22,0.5,44.0,5.43,estimated_synthetic,NCCOR Youth Compendium
18,squat,34,1.0,34.0,8.5,estimated_synthetic,Nakagata et al. 2022 (21–29; 1–6 reps/min)
19,push-up,90,1.5,60.0,8.5,estimated_synthetic,Nakagata et al. 2022 + NCCOR Youth Compendium
24,crunch,175,5.0,35.0,3.3,estimated_synthetic,Nakagata et al. 2019 + NCCOR Youth Compendium curl-ups
70,jumping_jack,8,1.5,5.33,4.05,estimated_synthetic,NCCOR Youth Compendium
56,squat,64,1.5,42.67,8.5,estimated_synthetic,Nakagata et al. 2022 (21–29; 1–6 reps/min)
15,push-up,171,3.0,57.0,8.5,estimated_synthetic,Nakagata et al. 2022 + NCCOR Youth Compendium
60,crunch,100,2.0,50.0,3.42,estimated_synthetic,Nakagata et al. 2019 + NCCOR Youth Compendium curl-ups
24,jumping_jack,70,10.0,7.0,4.24,estimated_synthetic,NCCOR Youth Compendium
23,squat,88,8.0,11.0,6.77,estimated_synthetic,Nakagata et al. 2022 (21–29; 1–6 reps/min)
23,push-up,21,1.5,14.0,6.28,estimated_synthetic,Nakagata et al. 2022 + NCCOR Youth Compendium
28,crunch,93,3.0,31.0,3.43,estimated_synthetic,Nakagata et al. 2019 + NCCOR Youth Compendium curl-ups
54,jumping_jack,200,8.0,25.0,4.73,estimated_synthetic,NCCOR Youth Compendium
47,squat,18,0.5,36.0,8.5,estimated_synthetic,Nakagata et al. 2022 (21–29; 1–6 reps/min)
23,push-up,141,3.0,47.0,8.5,estimated_synthetic,Nakagata et al. 2022 + NCCOR Youth Compendium
60,crunch,460,10.0,46.0,3.47,estimated_synthetic,Nakagata et al. 2019 + NCCOR Youth Compendium curl-ups
51,jumping_jack,216,8.0,27.0,4.7,estimated_synthetic,NCCOR Youth Compendium
28,squat,8,0.5,16.0,8.5,estimated_synthetic,Nakagata et al. 2022 (21–29; 1–6 reps/min)
21,push-up,115,5.0,23.0,8.23,estimated_synthetic,Nakagata et al. 2022 + NCCOR Youth Compendium
69,crunch,472,8.0,59.0,3.38,estimated_synthetic,Nakagata et al. 2019 + NCCOR Youth Compendium curl-ups
48,jumping_jack,368,8.0,46.0,5.24,estimated_synthetic,NCCOR Youth Compendium
49,squat,25,0.5,50.0,8.5,estimated_synthetic,Nakagata et al. 2022 (21–29; 1–6 reps/min)
30,push-up,144,8.0,18.0,7.2,estimated_synthetic,Nakagata et al. 2022 + NCCOR Youth Compendium
16,crunch,152,8.0,19.0,3.26,estimated_synthetic,Nakagata et al. 2019 + NCCOR Youth Compendium curl-ups
53,jumping_jack,392,8.0,49.0,5.33,estimated_synthetic,NCCOR Youth Compendium
41,squat,20,1.0,20.0,8.5,estimated_synthetic,Nakagata et al. 2022 (21–29; 1–6 reps/min)
51,push-up,28,1.0,28.0,8.5,estimated_synthetic,Nakagata et al. 2022 + NCCOR Youth Compendium
22,crunch,72,3.0,24.0,3.33,estimated_synthetic,Nakagata et al. 2019 + NCCOR Youth Compendium curl-ups
20,jumping_jack,5,0.5,10.0,4.18,estimated_synthetic,NCCOR Youth Compendium
28,squat,26,1.5,17.33,8.5,estimated_synthetic,Nakagata et al. 2022 (21–29; 1–6 reps/min)
34,push-up,275,5.0,55.0,8.5,estimated_synthetic,Nakagata et al. 2022 + NCCOR Youth Compendium
54,crunch,480,10.0,48.0,3.28,estimated_synthetic,Nakagata et al. 2019 + NCCOR Youth Compendium curl-ups
31,jumping_jack,350,10.0,35.0,5.08,estimated_synthetic,NCCOR Youth Compendium
30,squat,304,8.0,38.0,8.5,estimated_synthetic,Nakagata et al. 2022 (21–29; 1–6 reps/min)
64,push-up,30,0.5,60.0,8.5,estimated_synthetic,Nakagata et al. 2022 + NCCOR Youth Compendium
38,crunch,87,1.5,58.0,3.44,estimated_synthetic,Nakagata et al. 2019 + NCCOR Youth Compendium curl-ups
42,jumping_jack,74,1.5,49.33,5.25,estimated_synthetic,NCCOR Youth Compendium
60,squat,27,1.5,18.0,8.5,estimated_synthetic,Nakagata et al. 2022 (21–29; 1–6 reps/min)
46,push-up,4,0.5,8.0,4.98,estimated_synthetic,Nakagata et al. 2022 + NCCOR Youth Compendium
31,crunch,2,0.5,4.0,2.2,estimated_synthetic,Nakagata et al. 2019 + NCCOR Youth Compendium curl-ups
41,jumping_jack,8,0.5,16.0,4.19,estimated_synthetic,NCCOR Youth Compendium
69,squat,176,8.0,22.0,8.5,estimated_synthetic,Nakagata et al. 2022 (21–29; 1–6 reps/min)
68,push-up,580,10.0,58.0,8.5,estimated_synthetic,Nakagata et al. 2022 + NCCOR Youth Compendium
24,crunch,215,5.0,43.0,3.36,estimated_synthetic,Nakagata et al. 2019 + NCCOR Youth Compendium curl-ups
54,jumping_jack,150,3.0,50.0,5.67,estimated_synthetic,NCCOR Youth Compendium
38,squat,33,3.0,11.0,6.74,estimated_synthetic,Nakagata et al. 2022 (21–29; 1–6 reps/min)
33,push-up,205,5.0,41.0,8.5,estimated_synthetic,Nakagata et al. 2022 + NCCOR Youth Compendium
16,crunch,12,1.5,8.0,2.53,estimated_synthetic,Nakagata et al. 2019 + NCCOR Youth Compendium curl-ups
20,jumping_jack,320,8.0,40.0,5.14,estimated_synthetic,NCCOR Youth Compendium
22,squat,10,2.0,5.0,3.2,estimated_synthetic,Nakagata et al. 2022 (21–29; 1–6 reps/min)
20,push-up,46,2.0,23.0,7.53,estimated_synthetic,Nakagata et al. 2022 + NCCOR Youth Compendium
55,crunch,102,3.0,34.0,3.5,estimated_synthetic,Nakagata et al. 2019 + NCCOR Youth Compendium curl-ups
42,jumping_jack,30,0.5,60.0,5.86,estimated_synthetic,NCCOR Youth Compendium
68,squat,104,2.0,52.0,8.5,estimated_synthetic,Nakagata et al. 2022 (21–29; 1–6 reps/min)
41,push-up,57,1.0,57.0,8.5,estimated_synthetic,Nakagata et al. 2022 + NCCOR Youth Compendium
39,crunch,80,1.5,53.33,3.27,estimated_synthetic,Nakagata et al. 2019 + NCCOR Youth Compendium curl-ups
70,jumping_jack,8,1.5,5.33,3.72,estimated_synthetic,NCCOR Youth Compendium
26,squat,15,0.5,30.0,8.5,estimated_synthetic,Nakagata et al. 2022 (21–29; 1–6 reps/min)
48,push-up,28,0.5,56.0,8.5,estimated_synthetic,Nakagata et al. 2022 + NCCOR Youth Compendium
44,crunch,144,3.0,48.0,3.47,estimated_synthetic,Nakagata et al. 2019 + NCCOR Youth Compendium curl-ups
49,jumping_jack,12,2.0,6.0,3.79,estimated_synthetic,NCCOR Youth Compendium
63,squat,4,0.5,8.0,4.63,estimated_synthetic,Nakagata et al. 2022 (21–29; 1–6 reps/min)
19,push-up,4,1.5,2.67,3.31,estimated_synthetic,Nakagata et al. 2022 + NCCOR Youth Compendium
59,crunch,55,5.0,11.0,2.63,estimated_synthetic,Nakagata et al. 2019 + NCCOR Youth Compendium curl-ups
59,jumping_jack,52,1.0,52.0,5.6,estimated_synthetic,NCCOR Youth Compendium
20,squat,432,8.0,54.0,8.5,estimated_synthetic,Nakagata et al. 2022 (21–29; 1–6 reps/min)
43,push-up,28,0.5,56.0,8.5,estimated_synthetic,Nakagata et al. 2022 + NCCOR Youth Compendium
53,crunch,4,0.5,8.0,2.74,estimated_synthetic,Nakagata et al. 2019 + NCCOR Youth Compendium curl-ups
28,jumping_jack,23,1.0,23.0,4.5,estimated_synthetic,NCCOR Youth Compendium
46,squat,490,10.0,49.0,8.5,estimated_synthetic,Nakagata et al. 2022 (21–29; 1–6 reps/min)
31,push-up,22,1.0,22.0,7.84,estimated_synthetic,Nakagata et al. 2022 + NCCOR Youth Compendium
35,crunch,14,1.0,14.0,2.94,estimated_synthetic,Nakagata et al. 2019 + NCCOR Youth Compendium curl-ups
20,jumping_jack,82,2.0,41.0,5.06,estimated_synthetic,NCCOR Youth Compendium
22,squat,162,3.0,54.0,8.5,estimated_synthetic,Nakagata et al. 2022 (21–29; 1–6 reps/min)
58,push-up,40,10.0,4.0,3.77,estimated_synthetic,Nakagata et al. 2022 + NCCOR Youth Compendium
65,crunch,2,0.5,4.0,2.13,estimated_synthetic,Nakagata et al. 2019 + NCCOR Youth Compendium curl-ups
33,jumping_jack,34,1.5,22.67,4.48,estimated_synthetic,NCCOR Youth Compendium
67,squat,70,2.0,35.0,8.5,estimated_synthetic,Nakagata et al. 2022 (21–29; 1–6 reps/min)
52,push-up,168,8.0,21.0,7.61,estimated_synthetic,Nakagata et al. 2022 + NCCOR Youth Compendium
30,crunch,159,3.0,53.0,3.51,estimated_synthetic,Nakagata et al. 2019 + NCCOR Youth Compendium curl-ups
48,jumping_jack,110,5.0,22.0,4.37,estimated_synthetic,NCCOR Youth Compendium
33,squat,130,5.0,26.0,8.5,estimated_synthetic,Nakagata et al. 2022 (21–29; 1–6 reps/min)
22,push-up,27,0.5,54.0,8.5,estimated_synthetic,Nakagata et al. 2022 + NCCOR Youth Compendium
63,crunch,24,8.0,3.0,2.27,estimated_synthetic,Nakagata et al. 2019 + NCCOR Youth Compendium curl-ups
24,jumping_jack,135,5.0,27.0,4.72,estimated_synthetic,NCCOR Youth Compendium
51,squat,330,10.0,33.0,8.5,estimated_synthetic,Nakagata et al. 2022 (21–29; 1–6 reps/min)
40,push-up,10,0.5,20.0,7.87,estimated_synthetic,Nakagata et al. 2022 + NCCOR Youth Compendium
42,crunch,410,10.0,41.0,3.47,estimated_synthetic,Nakagata et al. 2019 + NCCOR Youth Compendium curl-ups
46,jumping_jack,126,3.0,42.0,5.15,estimated_synthetic,NCCOR Youth Compendium
67,squat,330,10.0,33.0,8.5,estimated_synthetic,Nakagata et al. 2022 (21–29; 1–6 reps/min)
39,push-up,110,10.0,11.0,5.83,estimated_synthetic,Nakagata et al. 2022 + NCCOR Youth Compendium
28,crunch,400,10.0,40.0,3.33,estimated_synthetic,Nakagata et al. 2019 + NCCOR Youth Compendium curl-ups
16,jumping_jack,448,8.0,56.0,5.83,estimated_synthetic,NCCOR Youth Compendium
55,squat,4,0.5,8.0,4.92,estimated_synthetic,Nakagata et al. 2022 (21–29; 1–6 reps/min)
53,push-up,48,8.0,6.0,4.81,estimated_synthetic,Nakagata et al. 2022 + NCCOR Youth Compendium
39,crunch,93,3.0,31.0,3.41,estimated_synthetic,Nakagata et al. 2019 + NCCOR Youth Compendium curl-ups
65,jumping_jack,400,8.0,50.0,5.46,estimated_synthetic,NCCOR Youth Compendium
35,squat,80,1.5,53.33,8.5,estimated_synthetic,Nakagata et al. 2022 (21–29; 1–6 reps/min)
43,push-up,328,8.0,41.0,8.5,estimated_synthetic,Nakagata et al. 2022 + NCCOR Youth Compendium
45,crunch,102,3.0,34.0,3.45,estimated_synthetic,Nakagata et al. 2019 + NCCOR Youth Compendium curl-ups
18,jumping_jack,48,3.0,16.0,4.07,estimated_synthetic,NCCOR Youth Compendium
18,squat,352,8.0,44.0,8.5,estimated_synthetic,Nakagata et al. 2022 (21–29; 1–6 reps/min)
18,push-up,78,1.5,52.0,8.5,estimated_synthetic,Nakagata et al. 2022 + NCCOR Youth Compendium
30,crunch,45,5.0,9.0,2.66,estimated_synthetic,Nakagata et al. 2019 + NCCOR Youth Compendium curl-ups
37,jumping_jack,50,1.5,33.33,4.78,estimated_synthetic,NCCOR Youth Compendium
63,squat,430,10.0,43.0,8.5,estimated_synthetic,Nakagata et al. 2022 (21–29; 1–6 reps/min)
66,push-up,175,5.0,35.0,8.5,estimated_synthetic,Nakagata et al. 2022 + NCCOR Youth Compendium
65,crunch,280,10.0,28.0,3.53,estimated_synthetic,Nakagata et al. 2019 + NCCOR Youth Compendium curl-ups
28,jumping_jack,35,1.0,35.0,4.82,estimated_synthetic,NCCOR Youth Compendium
39,squat,42,1.5,28.0,8.5,estimated_synthetic,Nakagata et al. 2022 (21–29; 1–6 reps/min)
15,push-up,27,1.5,18.0,6.68,estimated_synthetic,Nakagata et al. 2022 + NCCOR Youth Compendium
17,crunch,27,0.5,54.0,3.4,estimated_synthetic,Nakagata et al. 2019 + NCCOR Youth Compendium curl-ups
35,jumping_jack,22,1.0,22.0,4.57,estimated_synthetic,NCCOR Youth Compendium
54,squat,144,8.0,18.0,8.5,estimated_synthetic,Nakagata et al. 2022 (21–29; 1–6 reps/min)
33,push-up,22,0.5,44.0,8.5,estimated_synthetic,Nakagata et al. 2022 + NCCOR Youth Compendium
50,crunch,2,0.5,4.0,2.4,estimated_synthetic,Nakagata et al. 2019 + NCCOR Youth Compendium curl-ups
16,jumping_jack,240,5.0,48.0,5.29,estimated_synthetic,NCCOR Youth Compendium
26,squat,40,10.0,4.0,2.93,estimated_synthetic,Nakagata et al. 2022 (21–29; 1–6 reps/min)
16,push-up,44,1.5,29.33,8.5,estimated_synthetic,Nakagata et al. 2022 + NCCOR Youth Compendium
34,crunch,12,0.5,24.0,3.4,estimated_synthetic,Nakagata et al. 2019 + NCCOR Youth Compendium curl-ups
31,jumping_jack,24,0.5,48.0,5.2,estimated_synthetic,NCCOR Youth Compendium
36,squat,46,1.5,30.67,8.5,estimated_synthetic,Nakagata et al. 2022 (21–29; 1–6 reps/min)
32,push-up,224,8.0,28.0,8.5,estimated_synthetic,Nakagata et al. 2022 + NCCOR Youth Compendium
59,crunch,90,3.0,30.0,3.31,estimated_synthetic,Nakagata et al. 2019 + NCCOR Youth Compendium curl-ups
37,jumping_jack,140,5.0,28.0,4.45,estimated_synthetic,NCCOR Youth Compendium
39,squat,130,10.0,13.0,7.98,estimated_synthetic,Nakagata et al. 2022 (21–29; 1–6 reps/min)
67,push-up,42,1.5,28.0,7.63,estimated_synthetic,Nakagata et al. 2022 + NCCOR Youth Compendium
19,crunch,440,8.0,55.0,3.47,estimated_synthetic,Nakagata et al. 2019 + NCCOR Youth Compendium curl-ups
46,jumping_jack,46,1.0,46.0,5.3,estimated_synthetic,NCCOR Youth Compendium
32,squat,240,5.0,48.0,8.5,estimated_synthetic,Nakagata et al. 2022 (21–29; 1–6 reps/min)
26,push-up,520,10.0,52.0,8.5,estimated_synthetic,Nakagata et al. 2022 + NCCOR Youth Compendium
35,crunch,36,1.0,36.0,3.29,estimated_synthetic,Nakagata et al. 2019 + NCCOR Youth Compendium curl-ups
60,jumping_jack,230,5.0,46.0,5.38,estimated_synthetic,NCCOR Youth Compendium
38,squat,440,8.0,55.0,8.5,estimated_synthetic,Nakagata et al. 2022 (21–29; 1–6 reps/min)
38,push-up,6,2.0,3.0,3.39,estimated_synthetic,Nakagata et al. 2022 + NCCOR Youth Compendium
69,crunch,20,5.0,4.0,2.62,estimated_synthetic,Nakagata et al. 2019 + NCCOR Youth Compendium curl-ups
46,jumping_jack,98,2.0,49.0,5.52,estimated_synthetic,NCCOR Youth Compendium
40,squat,50,1.5,33.33,8.5,estimated_synthetic,Nakagata et al. 2022 (21–29; 1–6 reps/min)
68,push-up,30,0.5,60.0,8.5,estimated_synthetic,Nakagata et al. 2022 + NCCOR Youth Compendium
39,crunch,540,10.0,54.0,3.27,estimated_synthetic,Nakagata et al. 2019 + NCCOR Youth Compendium curl-ups
57,jumping_jack,96,8.0,12.0,4.07,estimated_synthetic,NCCOR Youth Compendium
60,squat,264,8.0,33.0,8.5,estimated_synthetic,Nakagata et al. 2022 (21–29; 1–6 reps/min)
44,push-up,72,8.0,9.0,5.31,estimated_synthetic,Nakagata et al. 2022 + NCCOR Youth Compendium
59,crunch,180,3.0,60.0,3.51,estimated_synthetic,Nakagata et al. 2019 + NCCOR Youth Compendium curl-ups
39,jumping_jack,110,10.0,11.0,4.07,estimated_synthetic,NCCOR Youth Compendium
69,squat,62,2.0,31.0,8.5,estimated_synthetic,Nakagata et al. 2022 (21–29; 1–6 reps/min)
17,push-up,15,0.5,30.0,8.5,estimated_synthetic,Nakagata et al. 2022 + NCCOR Youth Compendium
50,crunch,100,5.0,20.0,3.45,estimated_synthetic,Nakagata et al. 2019 + NCCOR Youth Compendium curl-ups
59,jumping_jack,185,5.0,37.0,5.08,estimated_synthetic,NCCOR Youth Compendium
27,squat,33,1.5,22.0,8.5,estimated_synthetic,Nakagata et al. 2022 (21–29; 1–6 reps/min)
64,push-up,162,3.0,54.0,8.5,estimated_synthetic,Nakagata et al. 2022 + NCCOR Youth Compendium
22,crunch,60,1.5,40.0,3.45,estimated_synthetic,Nakagata et al. 2019 + NCCOR Youth Compendium curl-ups
41,jumping_jack,600,10.0,60.0,6.05,estimated_synthetic,NCCOR Youth Compendium
28,squat,232,8.0,29.0,8.5,estimated_synthetic,Nakagata et al. 2022 (21–29; 1–6 reps/min)
63,push-up,33,1.5,22.0,6.56,estimated_synthetic,Nakagata et al. 2022 + NCCOR Youth Compendium
30,crunch,8,1.5,5.33,2.29,estimated_synthetic,Nakagata et al. 2019 + NCCOR Youth Compendium curl-ups
59,jumping_jack,168,3.0,56.0,5.39,estimated_synthetic,NCCOR Youth Compendium
38,squat,99,3.0,33.0,8.5,estimated_synthetic,Nakagata et al. 2022 (21–29; 1–6 reps/min)
54,push-up,28,0.5,56.0,8.5,estimated_synthetic,Nakagata et al. 2022 + NCCOR Youth Compendium
31,crunch,210,10.0,21.0,3.45,estimated_synthetic,Nakagata et al. 2019 + NCCOR Youth Compendium curl-ups
60,jumping_jack,16,0.5,32.0,4.98,estimated_synthetic,NCCOR Youth Compendium
27,squat,20,1.5,13.33,8.08,estimated_synthetic,Nakagata et al. 2022 (21–29; 1–6 reps/min)
57,push-up,20,1.0,20.0,7.39,estimated_synthetic,Nakagata et al. 2022 + NCCOR Youth Compendium
30,crunch,56,1.5,37.33,3.54,estimated_synthetic,Nakagata et al. 2019 + NCCOR Youth Compendium curl-ups
36,jumping_jack,34,2.0,17.0,4.5,estimated_synthetic,NCCOR Youth Compendium
23,squat,2,0.5,4.0,2.96,estimated_synthetic,Nakagata et al. 2022 (21–29; 1–6 reps/min)
57,push-up,130,5.0,26.0,8.5,estimated_synthetic,Nakagata et al. 2022 + NCCOR Youth Compendium
37,crunch,550,10.0,55.0,3.42,estimated_synthetic,Nakagata et al. 2019 + NCCOR Youth Compendium curl-ups
59,jumping_jack,16,0.5,32.0,4.84,estimated_synthetic,NCCOR Youth Compendium
36,squat,42,1.5,28.0,8.5,estimated_synthetic,Nakagata et al. 2022 (21–29; 1–6 reps/min)
60,push-up,49,1.0,49.0,8.5,estimated_synthetic,Nakagata et al. 2022 + NCCOR Youth Compendium
29,crunch,15,0.5,30.0,3.44,estimated_synthetic,Nakagata et al. 2019 + NCCOR Youth Compendium curl-ups
70,jumping_jack,28,1.0,28.0,4.8,estimated_synthetic,NCCOR Youth Compendium
29,squat,3,1.0,3.0,2.47,estimated_synthetic,Nakagata et al. 2022 (21–29; 1–6 reps/min)
43,push-up,114,2.0,57.0,8.5,estimated_synthetic,Nakagata et al. 2022 + NCCOR Youth Compendium
43,crunch,17,1.0,17.0,3.03,estimated_synthetic,Nakagata et al. 2019 + NCCOR Youth Compendium curl-ups
28,jumping_jack,24,1.5,16.0,4.37,estimated_synthetic,NCCOR Youth Compendium
37,squat,50,1.5,33.33,8.5,estimated_synthetic,Nakagata et al. 2022 (21–29; 1–6 reps/min)
49,push-up,370,10.0,37.0,8.5,estimated_synthetic,Nakagata et al. 2022 + NCCOR Youth Compendium
39,crunch,34,1.5,22.67,3.45,estimated_synthetic,Nakagata et al. 2019 + NCCOR Youth Compendium curl-ups
23,jumping_jack,87,1.5,58.0,5.92,estimated_synthetic,NCCOR Youth Compendium
28,squat,68,1.5,45.33,8.5,estimated_synthetic,Nakagata et al. 2022 (21–29; 1–6 reps/min)
40,push-up,82,2.0,41.0,8.5,estimated_synthetic,Nakagata et al. 2022 + NCCOR Youth Compendium
58,crunch,150,10.0,15.0,2.97,estimated_synthetic,Nakagata et al. 2019 + NCCOR Youth Compendium curl-ups
52,jumping_jack,14,1.0,14.0,4.48,estimated_synthetic,NCCOR Youth Compendium
57,squat,320,10.0,32.0,8.5,estimated_synthetic,Nakagata et al. 2022 (21–29; 1–6 reps/min)
48,push-up,74,2.0,37.0,8.5,estimated_synthetic,Nakagata et al. 2022 + NCCOR Youth Compendium
46,crunch,56,8.0,7.0,2.61,estimated_synthetic,Nakagata et al. 2019 + NCCOR Youth Compendium curl-ups
27,jumping_jack,99,3.0,33.0,4.87,estimated_synthetic,NCCOR Youth Compendium
54,squat,4,0.5,8.0,4.82,estimated_synthetic,Nakagata et al. 2022 (21–29; 1–6 reps/min)
60,push-up,12,2.0,6.0,4.21,estimated_synthetic,Nakagata et al. 2022 + NCCOR Youth Compendium
30,crunch,24,1.5,16.0,3.2,estimated_synthetic,Nakagata et al. 2019 + NCCOR Youth Compendium curl-ups
36,jumping_jack,104,2.0,52.0,5.68,estimated_synthetic,NCCOR Youth Compendium
67,squat,55,1.0,55.0,8.5,estimated_synthetic,Nakagata et al. 2022 (21–29; 1–6 reps/min)
32,push-up,168,8.0,21.0,7.79,estimated_synthetic,Nakagata et al. 2022 + NCCOR Youth Compendium
43,crunch,54,1.0,54.0,3.4,estimated_synthetic,Nakagata et al. 2019 + NCCOR Youth Compendium curl-ups
38,jumping_jack,18,3.0,6.0,3.68,estimated_synthetic,NCCOR Youth Compendium
66,squat,300,10.0,30.0,8.5,estimated_synthetic,Nakagata et al. 2022 (21–29; 1–6 reps/min)
64,push-up,32,2.0,16.0,5.78,estimated_synthetic,Nakagata et al. 2022 + NCCOR Youth Compendium
34,crunch,22,1.0,22.0,3.39,estimated_synthetic,Nakagata et al. 2019 + NCCOR Youth Compendium curl-ups
22,jumping_jack,18,0.5,36.0,5.31,estimated_synthetic,NCCOR Youth Compendium
62,squat,135,3.0,45.0,8.5,estimated_synthetic,Nakagata et al. 2022 (21–29; 1–6 reps/min)
31,push-up,480,10.0,48.0,8.5,estimated_synthetic,Nakagata et al. 2022 + NCCOR Youth Compendium
35,crunch,84,1.5,56.0,3.44,estimated_synthetic,Nakagata et al. 2019 + NCCOR Youth Compendium curl-ups
47,jumping_jack,60,10.0,6.0,4.33,estimated_synthetic,NCCOR Youth Compendium
15,squat,60,1.0,60.0,8.5,estimated_synthetic,Nakagata et al. 2022 (21–29; 1–6 reps/min)
38,push-up,6,0.5,12.0,6.02,estimated_synthetic,Nakagata et al. 2022 + NCCOR Youth Compendium
48,crunch,36,1.5,24.0,3.55,estimated_synthetic,Nakagata et al. 2019 + NCCOR Youth Compendium curl-ups
68,jumping_jack,38,1.5,25.33,4.76,estimated_synthetic,NCCOR Youth Compendium
28,squat,117,3.0,39.0,8.5,estimated_synthetic,Nakagata et al. 2022 (21–29; 1–6 reps/min)
20,push-up,46,1.0,46.0,8.5,estimated_synthetic,Nakagata et al. 2022 + NCCOR Youth Compendium
30,crunch,56,1.5,37.33,3.35,estimated_synthetic,Nakagata et al. 2019 + NCCOR Youth Compendium curl-ups
17,jumping_jack,14,0.5,28.0,4.75,estimated_synthetic,NCCOR Youth Compendium
19,squat,27,1.0,27.0,8.5,estimated_synthetic,Nakagata et al. 2022 (21–29; 1–6 reps/min)
47,push-up,18,3.0,6.0,4.74,estimated_synthetic,Nakagata et al. 2022 + NCCOR Youth Compendium
52,crunch,24,1.5,16.0,3.0,estimated_synthetic,Nakagata et al. 2019 + NCCOR Youth Compendium curl-ups
52,jumping_jack,450,10.0,45.0,5.48,estimated_synthetic,NCCOR Youth Compendium
25,squat,464,8.0,58.0,8.5,estimated_synthetic,Nakagata et al. 2022 (21–29; 1–6 reps/min)
70,push-up,520,10.0,52.0,8.5,estimated_synthetic,Nakagata et al. 2022 + NCCOR Youth Compendium
36,crunch,130,5.0,26.0,3.52,estimated_synthetic,Nakagata et al. 2019 + NCCOR Youth Compendium curl-ups
59,jumping_jack,90,3.0,30.0,4.78,estimated_synthetic,NCCOR Youth Compendium
46,squat,126,3.0,42.0,8.5,estimated_synthetic,Nakagata et al. 2022 (21–29; 1–6 reps/min)
62,push-up,250,5.0,50.0,8.5,estimated_synthetic,Nakagata et al. 2022 + NCCOR Youth Compendium
62,crunch,380,10.0,38.0,3.57,estimated_synthetic,Nakagata et al. 2019 + NCCOR Youth Compendium curl-ups
28,jumping_jack,23,0.5,46.0,5.26,estimated_synthetic,NCCOR Youth Compendium
26,squat,280,10.0,28.0,8.5,estimated_synthetic,Nakagata et al. 2022 (21–29; 1–6 reps/min)
47,push-up,120,10.0,12.0,6.06,estimated_synthetic,Nakagata et al. 2022 + NCCOR Youth Compendium
27,crunch,45,1.5,30.0,3.43,estimated_synthetic,Nakagata et al. 2019 + NCCOR Youth Compendium curl-ups
55,jumping_jack,224,8.0,28.0,4.84,estimated_synthetic,NCCOR Youth Compendium
40,squat,4,1.0,4.0,2.88,estimated_synthetic,Nakagata et al. 2022 (21–29; 1–6 reps/min)
62,push-up,4,0.5,8.0,4.39,estimated_synthetic,Nakagata et al. 2022 + NCCOR Youth Compendium
26,crunch,78,1.5,52.0,3.44,estimated_synthetic,Nakagata et al. 2019 + NCCOR Youth Compendium curl-ups
64,jumping_jack,42,3.0,14.0,4.29,estimated_synthetic,NCCOR Youth Compendium
56,squat,138,3.0,46.0,8.5,estimated_synthetic,Nakagata et al. 2022 (21–29; 1–6 reps/min)
40,push-up,145,5.0,29.0,8.5,estimated_synthetic,Nakagata et al. 2022 + NCCOR Youth Compendium
41,crunch,28,1.5,18.67,3.27,estimated_synthetic,Nakagata et al. 2019 + NCCOR Youth Compendium curl-ups
30,jumping_jack,12,1.0,12.0,3.88,estimated_synthetic,NCCOR Youth Compendium
41,squat,39,1.5,26.0,8.5,estimated_synthetic,Nakagata et al. 2022 (21–29; 1–6 reps/min)
19,push-up,48,8.0,6.0,4.55,estimated_synthetic,Nakagata et al. 2022 + NCCOR Youth Compendium
61,crunch,45,3.0,15.0,3.06,estimated_synthetic,Nakagata et al. 2019 + NCCOR Youth Compendium curl-ups
33,jumping_jack,58,1.5,38.67,5.04,estimated_synthetic,NCCOR Youth Compendium
35,squat,260,10.0,26.0,8.5,estimated_synthetic,Nakagata et al. 2022 (21–29; 1–6 reps/min)
53,push-up,96,2.0,48.0,8.5,estimated_synthetic,Nakagata et al. 2022 + NCCOR Youth Compendium
42,crunch,190,5.0,38.0,3.39,estimated_synthetic,Nakagata et al. 2019 + NCCOR Youth Compendium curl-ups
19,jumping_jack,29,0.5,58.0,5.58,estimated_synthetic,NCCOR Youth Compendium
42,squat,152,8.0,19.0,8.5,estimated_synthetic,Nakagata et al. 2022 (21–29; 1–6 reps/min)
67,push-up,50,1.5,33.33,8.17,estimated_synthetic,Nakagata et al. 2022 + NCCOR Youth Compendium
25,crunch,330,10.0,33.0,3.31,estimated_synthetic,Nakagata et al. 2019 + NCCOR Youth Compendium curl-ups
22,jumping_jack,129,3.0,43.0,5.14,estimated_synthetic,NCCOR Youth Compendium
53,squat,4,1.5,2.67,2.25,estimated_synthetic,Nakagata et al. 2022 (21–29; 1–6 reps/min)
16,push-up,18,0.5,36.0,8.5,estimated_synthetic,Nakagata et al. 2022 + NCCOR Youth Compendium
45,crunch,155,5.0,31.0,3.47,estimated_synthetic,Nakagata et al. 2019 + NCCOR Youth Compendium curl-ups
58,jumping_jack,9,0.5,18.0,4.39,estimated_synthetic,NCCOR Youth Compendium
30,squat,7,1.0,7.0,4.38,estimated_synthetic,Nakagata et al. 2022 (21–29; 1–6 reps/min)
32,push-up,6,1.5,4.0,4.05,estimated_synthetic,Nakagata et al. 2022 + NCCOR Youth Compendium
40,crunch,240,5.0,48.0,3.47,estimated_synthetic,Nakagata et al. 2019 + NCCOR Youth Compendium curl-ups
50,jumping_jack,74,1.5,49.33,5.61,estimated_synthetic,NCCOR Youth Compendium
62,squat,53,1.0,53.0,8.5,estimated_synthetic,Nakagata et al. 2022 (21–29; 1–6 reps/min)
46,push-up,135,5.0,27.0,8.5,estimated_synthetic,Nakagata et al. 2022 + NCCOR Youth Compendium
70,crunch,14,2.0,7.0,2.59,estimated_synthetic,Nakagata et al. 2019 + NCCOR Youth Compendium curl-ups
30,jumping_jack,408,8.0,51.0,5.48,estimated_synthetic,NCCOR Youth Compendium
38,squat,45,5.0,9.0,5.45,estimated_synthetic,Nakagata et al. 2022 (21–29; 1–6 reps/min)
45,push-up,132,3.0,44.0,8.5,estimated_synthetic,Nakagata et al. 2022 + NCCOR Youth Compendium
31,crunch,15,1.5,10.0,2.62,estimated_synthetic,Nakagata et al. 2019 + NCCOR Youth Compendium curl-ups
33,jumping_jack,195,5.0,39.0,5.21,estimated_synthetic,NCCOR Youth Compendium
38,squat,144,3.0,48.0,8.5,estimated_synthetic,Nakagata et al. 2022 (21–29; 1–6 reps/min)
38,push-up,28,1.5,18.67,7.15,estimated_synthetic,Nakagata et al. 2022 + NCCOR Youth Compendium
54,crunch,300,5.0,60.0,3.34,estimated_synthetic,Nakagata et al. 2019 + NCCOR Youth Compendium curl-ups
17,jumping_jack,38,2.0,19.0,4.53,estimated_synthetic,NCCOR Youth Compendium
63,squat,160,5.0,32.0,8.5,estimated_synthetic,Nakagata et al. 2022 (21–29; 1–6 reps/min)
51,push-up,68,1.5,45.33,8.5,estimated_synthetic,Nakagata et al. 2022 + NCCOR Youth Compendium
43,crunch,7,1.0,7.0,2.6,estimated_synthetic,Nakagata et al. 2019 + NCCOR Youth Compendium curl-ups
30,jumping_jack,57,3.0,19.0,4.5,estimated_synthetic,NCCOR Youth Compendium
62,squat,56,2.0,28.0,8.5,estimated_synthetic,Nakagata et al. 2022 (21–29; 1–6 reps/min)
48,push-up,98,2.0,49.0,8.5,estimated_synthetic,Nakagata et al. 2022 + NCCOR Youth Compendium
52,crunch,140,5.0,28.0,3.27,estimated_synthetic,Nakagata et al. 2019 + NCCOR Youth Compendium curl-ups
19,jumping_jack,32,8.0,4.0,3.97,estimated_synthetic,NCCOR Youth Compendium
15,squat,22,1.5,14.67,8.22,estimated_synthetic,Nakagata et al. 2022 (21–29; 1–6 reps/min)
68,push-up,52,1.5,34.67,8.49,estimated_synthetic,Nakagata et al. 2022 + NCCOR Youth Compendium
24,crunch,123,3.0,41.0,3.21,estimated_synthetic,Nakagata et al. 2019 + NCCOR Youth Compendium curl-ups
41,jumping_jack,112,8.0,14.0,4.44,estimated_synthetic,NCCOR Youth Compendium
60,squat,18,0.5,36.0,8.5,estimated_synthetic,Nakagata et al. 2022 (21–29; 1–6 reps/min)
70,push-up,3,1.0,3.0,3.44,estimated_synthetic,Nakagata et al. 2022 + NCCOR Youth Compendium
23,crunch,25,0.5,50.0,3.55,estimated_synthetic,Nakagata et al. 2019 + NCCOR Youth Compendium curl-ups
38,jumping_jack,168,3.0,56.0,5.82,estimated_synthetic,NCCOR Youth Compendium
64,squat,38,2.0,19.0,8.5,estimated_synthetic,Nakagata et al. 2022 (21–29; 1–6 reps/min)
69,push-up,180,3.0,60.0,8.5,estimated_synthetic,Nakagata et al. 2022 + NCCOR Youth Compendium
61,crunch,270,10.0,27.0,3.37,estimated_synthetic,Nakagata et al. 2019 + NCCOR Youth Compendium curl-ups
29,jumping_jack,328,8.0,41.0,5.15,estimated_synthetic,NCCOR Youth Compendium
54,squat,153,3.0,51.0,8.5,estimated_synthetic,Nakagata et al. 2022 (21–29; 1–6 reps/min)
66,push-up,105,5.0,21.0,6.47,estimated_synthetic,Nakagata et al. 2022 + NCCOR Youth Compendium
63,crunch,34,1.0,34.0,3.43,estimated_synthetic,Nakagata et al. 2019 + NCCOR Youth Compendium curl-ups
25,jumping_jack,245,5.0,49.0,5.39,estimated_synthetic,NCCOR Youth Compendium
28,squat,27,3.0,9.0,5.46,estimated_synthetic,Nakagata et al. 2022 (21–29; 1–6 reps/min)
35,push-up,25,0.5,50.0,8.5,estimated_synthetic,Nakagata et al. 2022 + NCCOR Youth Compendium
44,crunch,129,3.0,43.0,3.37,estimated_synthetic,Nakagata et al. 2019 + NCCOR Youth Compendium curl-ups
60,jumping_jack,15,0.5,30.0,4.98,estimated_synthetic,NCCOR Youth Compendium
30,squat,68,2.0,34.0,8.5,estimated_synthetic,Nakagata et al. 2022 (21–29; 1–6 reps/min)
37,push-up,66,2.0,33.0,8.5,estimated_synthetic,Nakagata et al. 2022 + NCCOR Youth Compendium
36,crunch,235,5.0,47.0,3.29,estimated_synthetic,Nakagata et al. 2019 + NCCOR Youth Compendium curl-ups
39,jumping_jack,424,8.0,53.0,5.93,estimated_synthetic,NCCOR Youth Compendium
30,squat,60,10.0,6.0,3.84,estimated_synthetic,Nakagata et al. 2022 (21–29; 1–6 reps/min)
26,push-up,34,1.0,34.0,8.5,estimated_synthetic,Nakagata et al. 2022 + NCCOR Youth Compendium
20,crunch,8,1.0,8.0,2.56,estimated_synthetic,Nakagata et al. 2019 + NCCOR Youth Compendium curl-ups
65,jumping_jack,288,8.0,36.0,5.0,estimated_synthetic,NCCOR Youth Compendium
54,squat,19,0.5,38.0,8.5,estimated_synthetic,Nakagata et al. 2022 (21–29; 1–6 reps/min)
42,push-up,44,2.0,22.0,7.89,estimated_synthetic,Nakagata et al. 2022 + NCCOR Youth Compendium
37,crunch,98,2.0,49.0,3.32,estimated_synthetic,Nakagata et al. 2019 + NCCOR Youth Compendium curl-ups
20,jumping_jack,130,10.0,13.0,4.09,estimated_synthetic,NCCOR Youth Compendium
33,squat,153,3.0,51.0,8.5,estimated_synthetic,Nakagata et al. 2022 (21–29; 1–6 reps/min)
24,push-up,22,1.5,14.67,6.3,estimated_synthetic,Nakagata et al. 2022 + NCCOR Youth Compendium
63,crunch,520,10.0,52.0,3.44,estimated_synthetic,Nakagata et al. 2019 + NCCOR Youth Compendium curl-ups
31,jumping_jack,87,1.5,58.0,5.89,estimated_synthetic,NCCOR Youth Compendium
57,squat,45,5.0,9.0,5.33,estimated_synthetic,Nakagata et al. 2022 (21–29; 1–6 reps/min)
18,push-up,60,1.0,60.0,8.5,estimated_synthetic,Nakagata et al. 2022 + NCCOR Youth Compendium
52,crunch,3,0.5,6.0,2.52,estimated_synthetic,Nakagata et al. 2019 + NCCOR Youth Compendium curl-ups
37,jumping_jack,30,3.0,10.0,3.95,estimated_synthetic,NCCOR Youth Compendium
70,squat,86,1.5,57.33,8.5,estimated_synthetic,Nakagata et al. 2022 (21–29; 1–6 reps/min)
34,push-up,62,2.0,31.0,8.5,estimated_synthetic,Nakagata et al. 2022 + NCCOR Youth Compendium
25,crunch,14,2.0,7.0,2.39,estimated_synthetic,Nakagata et al. 2019 + NCCOR Youth Compendium curl-ups
23,jumping_jack,33,3.0,11.0,4.06,estimated_synthetic,NCCOR Youth Compendium
55,squat,36,1.0,36.0,8.5,estimated_synthetic,Nakagata et al. 2022 (21–29; 1–6 reps/min)
19,push-up,60,10.0,6.0,4.64,estimated_synthetic,Nakagata et al. 2022 + NCCOR Youth Compendium
53,crunch,118,2.0,59.0,3.37,estimated_synthetic,Nakagata et al. 2019 + NCCOR Youth Compendium curl-ups
51,jumping_jack,84,3.0,28.0,4.55,estimated_synthetic,NCCOR Youth Compendium
26,squat,3,1.0,3.0,2.29,estimated_synthetic,Nakagata et al. 2022 (21–29; 1–6 reps/min)
35,push-up,30,2.0,15.0,6.31,estimated_synthetic,Nakagata et al. 2022 + NCCOR Youth Compendium
18,crunch,300,10.0,30.0,3.34,estimated_synthetic,Nakagata et al. 2019 + NCCOR Youth Compendium curl-ups
70,jumping_jack,81,3.0,27.0,4.79,estimated_synthetic,NCCOR Youth Compendium
62,squat,4,1.5,2.67,2.6,estimated_synthetic,Nakagata et al. 2022 (21–29; 1–6 reps/min)
28,push-up,40,5.0,8.0,5.39,estimated_synthetic,Nakagata et al. 2022 + NCCOR Youth Compendium
55,crunch,15,1.5,10.0,2.6,estimated_synthetic,Nakagata et al. 2019 + NCCOR Youth Compendium curl-ups
25,jumping_jack,34,1.5,22.67,4.75,estimated_synthetic,NCCOR Youth Compendium
38,squat,20,1.0,20.0,8.5,estimated_synthetic,Nakagata et al. 2022 (21–29; 1–6 reps/min)
45,push-up,16,0.5,32.0,8.5,estimated_synthetic,Nakagata et al. 2022 + NCCOR Youth Compendium
37,crunch,17,1.0,17.0,3.14,estimated_synthetic,Nakagata et al. 2019 + NCCOR Youth Compendium curl-ups
49,jumping_jack,120,10.0,12.0,4.22,estimated_synthetic,NCCOR Youth Compendium
45,squat,14,0.5,28.0,8.5,estimated_synthetic,Nakagata et al. 2022 (21–29; 1–6 reps/min)
46,push-up,85,5.0,17.0,7.01,estimated_synthetic,Nakagata et al. 2022 + NCCOR Youth Compendium
68,crunch,10,0.5,20.0,3.16,estimated_synthetic,Nakagata et al. 2019 + NCCOR Youth Compendium curl-ups
55,jumping_jack,140,10.0,14.0,4.08,estimated_synthetic,NCCOR Youth Compendium
38,squat,450,10.0,45.0,8.5,estimated_synthetic,Nakagata et al. 2022 (21–29; 1–6 reps/min)
59,push-up,80,2.0,40.0,8.5,estimated_synthetic,Nakagata et al. 2022 + NCCOR Youth Compendium
48,crunch,80,2.0,40.0,3.41,estimated_synthetic,Nakagata et al. 2019 + NCCOR Youth Compendium curl-ups
65,jumping_jack,23,1.0,23.0,4.57,estimated_synthetic,NCCOR Youth Compendium
26,squat,150,3.0,50.0,8.5,estimated_synthetic,Nakagata et al. 2022 (21–29; 1–6 reps/min)
21,push-up,105,5.0,21.0,7.85,estimated_synthetic,Nakagata et al. 2022 + NCCOR Youth Compendium
44,crunch,10,2.0,5.0,2.2,estimated_synthetic,Nakagata et al. 2019 + NCCOR Youth Compendium curl-ups
61,jumping_jack,138,3.0,46.0,5.35,estimated_synthetic,NCCOR Youth Compendium
52,squat,460,10.0,46.0,8.5,estimated_synthetic,Nakagata et al. 2022 (21–29; 1–6 reps/min)
41,push-up,85,5.0,17.0,6.9,estimated_synthetic,Nakagata et al. 2022 + NCCOR Youth Compendium
19,crunch,140,5.0,28.0,3.5,estimated_synthetic,Nakagata et al. 2019 + NCCOR Youth Compendium curl-ups
68,jumping_jack,34,1.0,34.0,4.82,estimated_synthetic,NCCOR Youth Compendium
51,squat,168,8.0,21.0,8.5,estimated_synthetic,Nakagata et al. 2022 (21–29; 1–6 reps/min)
62,push-up,87,1.5,58.0,8.5,estimated_synthetic,Nakagata et al. 2022 + NCCOR Youth Compendium
38,crunch,248,8.0,31.0,3.3,estimated_synthetic,Nakagata et al. 2019 + NCCOR Youth Compendium curl-ups
69,jumping_jack,96,8.0,12.0,4.01,estimated_synthetic,NCCOR Youth Compendium
26,squat,5,0.5,10.0,6.12,estimated_synthetic,Nakagata et al. 2022 (21–29; 1–6 reps/min)
59,push-up,215,5.0,43.0,8.5,estimated_synthetic,Nakagata et al. 2022 + NCCOR Youth Compendium
64,crunch,47,1.0,47.0,3.37,estimated_synthetic,Nakagata et al. 2019 + NCCOR Youth Compendium curl-ups
37,jumping_jack,81,3.0,27.0,4.81,estimated_synthetic,NCCOR Youth Compendium
20,squat,25,0.5,50.0,8.5,estimated_synthetic,Nakagata et al. 2022 (21–29; 1–6 reps/min)
37,push-up,72,2.0,36.0,8.5,estimated_synthetic,Nakagata et al. 2022 + NCCOR Youth Compendium
67,crunch,24,2.0,12.0,2.86,estimated_synthetic,Nakagata et al. 2019 + NCCOR Youth Compendium curl-ups
35,jumping_jack,68,1.5,45.33,5.2,estimated_synthetic,NCCOR Youth Compendium
41,squat,162,3.0,54.0,8.5,estimated_synthetic,Nakagata et al. 2022 (21–29; 1–6 reps/min)
66,push-up,19,0.5,38.0,8.5,estimated_synthetic,Nakagata et al. 2022 + NCCOR Youth Compendium
52,crunch,30,1.0,30.0,3.38,estimated_synthetic,Nakagata et al. 2019 + NCCOR Youth Compendium curl-ups
20,jumping_jack,153,3.0,51.0,5.35,estimated_synthetic,NCCOR Youth Compendium
23,squat,14,1.0,14.0,8.5,estimated_synthetic,Nakagata et al. 2022 (21–29; 1–6 reps/min)
33,push-up,39,1.0,39.0,8.5,estimated_synthetic,Nakagata et al. 2022 + NCCOR Youth Compendium
43,crunch,280,10.0,28.0,3.45,estimated_synthetic,Nakagata et al. 2019 + NCCOR Youth Compendium curl-ups
31,jumping_jack,70,2.0,35.0,5.15,estimated_synthetic,NCCOR Youth Compendium
32,squat,420,10.0,42.0,8.5,estimated_synthetic,Nakagata et al. 2022 (21–29; 1–6 reps/min)
20,push-up,22,0.5,44.0,8.5,estimated_synthetic,Nakagata et al. 2022 + NCCOR Youth Compendium
42,crunch,63,3.0,21.0,3.46,estimated_synthetic,Nakagata et al. 2019 + NCCOR Youth Compendium curl-ups
33,jumping_jack,470,10.0,47.0,5.4,estimated_synthetic,NCCOR Youth Compendium
34,squat,168,8.0,21.0,8.5,estimated_synthetic,Nakagata et al. 2022 (21–29; 1–6 reps/min)
30,push-up,80,1.5,53.33,8.5,estimated_synthetic,Nakagata et al. 2022 + NCCOR Youth Compendium
44,crunch,86,2.0,43.0,3.46,estimated_synthetic,Nakagata et al. 2019 + NCCOR Youth Compendium curl-ups
68,jumping_jack,162,3.0,54.0,5.67,estimated_synthetic,NCCOR Youth Compendium
38,squat,380,10.0,38.0,8.5,estimated_synthetic,Nakagata et al. 2022 (21–29; 1–6 reps/min)
23,push-up,240,8.0,30.0,8.5,estimated_synthetic,Nakagata et al. 2022 + NCCOR Youth Compendium
43,crunch,400,10.0,40.0,3.4,estimated_synthetic,Nakagata et al. 2019 + NCCOR Youth Compendium curl-ups
55,jumping_jack,14,0.5,28.0,4.7,estimated_synthetic,NCCOR Youth Compendium
23,squat,66,3.0,22.0,8.5,estimated_synthetic,Nakagata et al. 2022 (21–29; 1–6 reps/min)
16,push-up,26,0.5,52.0,8.5,estimated_synthetic,Nakagata et al. 2022 + NCCOR Youth Compendium
24,crunch,312,8.0,39.0,3.34,estimated_synthetic,Nakagata et al. 2019 + NCCOR Youth Compendium curl-ups
36,jumping_jack,32,8.0,4.0,3.9,estimated_synthetic,NCCOR Youth Compendium
43,squat,54,2.0,27.0,8.5,estimated_synthetic,Nakagata et al. 2022 (21–29; 1–6 reps/min)
29,push-up,22,0.5,44.0,8.5,estimated_synthetic,Nakagata et al. 2022 + NCCOR Youth Compendium
19,crunch,120,2.0,60.0,3.36,estimated_synthetic,Nakagata et al. 2019 + NCCOR Youth Compendium curl-ups
28,jumping_jack,42,1.5,28.0,4.84,estimated_synthetic,NCCOR Youth Compendium
55,squat,18,3.0,6.0,3.72,estimated_synthetic,Nakagata et al. 2022 (21–29; 1–6 reps/min)
15,push-up,4,0.5,8.0,4.91,estimated_synthetic,Nakagata et al. 2022 + NCCOR Youth Compendium
27,crunch,41,1.0,41.0,3.44,estimated_synthetic,Nakagata et al. 2019 + NCCOR Youth Compendium curl-ups
44,jumping_jack,156,3.0,52.0,5.56,estimated_synthetic,NCCOR Youth Compendium
24,squat,20,5.0,4.0,2.88,estimated_synthetic,Nakagata et al. 2022 (21–29; 1–6 reps/min)
28,push-up,260,10.0,26.0,8.5,estimated_synthetic,Nakagata et al. 2022 + NCCOR Youth Compendium
50,crunch,108,2.0,54.0,3.32,estimated_synthetic,Nakagata et al. 2019 + NCCOR Youth Compendium curl-ups
68,jumping_jack,90,1.5,60.0,5.78,estimated_synthetic,NCCOR Youth Compendium
54,squat,80,8.0,10.0,6.21,estimated_synthetic,Nakagata et al. 2022 (21–29; 1–6 reps/min)
46,push-up,180,3.0,60.0,8.5,estimated_synthetic,Nakagata et al. 2022 + NCCOR Youth Compendium
53,crunch,130,10.0,13.0,2.88,estimated_synthetic,Nakagata et al. 2019 + NCCOR Youth Compendium curl-ups
55,jumping_jack,430,10.0,43.0,5.0,estimated_synthetic,NCCOR Youth Compendium
42,squat,590,10.0,59.0,8.5,estimated_synthetic,Nakagata et al. 2022 (21–29; 1–6 reps/min)
60,push-up,100,10.0,10.0,4.71,estimated_synthetic,Nakagata et al. 2022 + NCCOR Youth Compendium
68,crunch,32,2.0,16.0,2.88,estimated_synthetic,Nakagata et al. 2019 + NCCOR Youth Compendium curl-ups
19,jumping_jack,350,10.0,35.0,5.1,estimated_synthetic,NCCOR Youth Compendium
65,squat,90,1.5,60.0,8.5,estimated_synthetic,Nakagata et al. 2022 (21–29; 1–6 reps/min)
44,push-up,27,0.5,54.0,8.5,estimated_synthetic,Nakagata et al. 2022 + NCCOR Youth Compendium
65,crunch,21,0.5,42.0,3.48,estimated_synthetic,Nakagata et al. 2019 + NCCOR Youth Compendium curl-ups
26,jumping_jack,72,8.0,9.0,4.26,estimated_synthetic,NCCOR Youth Compendium
16,squat,280,5.0,56.0,8.5,estimated_synthetic,Nakagata et al. 2022 (21–29; 1–6 reps/min)
57,push-up,30,5.0,6.0,4.62,estimated_synthetic,Nakagata et al. 2022 + NCCOR Youth Compendium
56,crunch,47,1.0,47.0,3.34,estimated_synthetic,Nakagata et al. 2019 + NCCOR Youth Compendium curl-ups
54,jumping_jack,14,0.5,28.0,4.88,estimated_synthetic,NCCOR Youth Compendium
46,squat,21,3.0,7.0,4.24,estimated_synthetic,Nakagata et al. 2022 (21–29; 1–6 reps/min)
25,push-up,10,1.5,6.67,4.71,estimated_synthetic,Nakagata et al. 2022 + NCCOR Youth Compendium
29,crunch,150,5.0,30.0,3.39,estimated_synthetic,Nakagata et al. 2019 + NCCOR Youth Compendium curl-ups
25,jumping_jack,110,5.0,22.0,4.47,estimated_synthetic,NCCOR Youth Compendium
61,squat,35,1.0,35.0,8.5,estimated_synthetic,Nakagata et al. 2022 (21–29; 1–6 reps/min)
63,push-up,130,10.0,13.0,5.29,estimated_synthetic,Nakagata et al. 2022 + NCCOR Youth Compendium
37,crunch,69,1.5,46.0,3.34,estimated_synthetic,Nakagata et al. 2019 + NCCOR Youth Compendium curl-ups
69,jumping_jack,90,2.0,45.0,5.36,estimated_synthetic,NCCOR Youth Compendium
54,squat,18,0.5,36.0,8.5,estimated_synthetic,Nakagata et al. 2022 (21–29; 1–6 reps/min)
24,push-up,424,8.0,53.0,8.5,estimated_synthetic,Nakagata et al. 2022 + NCCOR Youth Compendium
50,crunch,195,5.0,39.0,3.54,estimated_synthetic,Nakagata et al. 2019 + NCCOR Youth Compendium curl-ups
58,jumping_jack,30,1.0,30.0,4.81,estimated_synthetic,NCCOR Youth Compendium
44,squat,135,5.0,27.0,8.5,estimated_synthetic,Nakagata et al. 2022 (21–29; 1–6 reps/min)
29,push-up,6,1.5,4.0,4.17,estimated_synthetic,Nakagata et al. 2022 + NCCOR Youth Compendium
48,crunch,144,8.0,18.0,3.11,estimated_synthetic,Nakagata et al. 2019 + NCCOR Youth Compendium curl-ups
34,jumping_jack,13,1.0,13.0,4.26,estimated_synthetic,NCCOR Youth Compendium
15,squat,336,8.0,42.0,8.5,estimated_synthetic,Nakagata et al. 2022 (21–29; 1–6 reps/min)
18,push-up,87,3.0,29.0,8.5,estimated_synthetic,Nakagata et al. 2022 + NCCOR Youth Compendium
66,crunch,54,1.5,36.0,3.38,estimated_synthetic,Nakagata et al. 2019 + NCCOR Youth Compendium curl-ups
68,jumping_jack,38,2.0,19.0,4.24,estimated_synthetic,NCCOR Youth Compendium
67,squat,215,5.0,43.0,8.5,estimated_synthetic,Nakagata et al. 2022 (21–29; 1–6 reps/min)
43,push-up,100,2.0,50.0,8.5,estimated_synthetic,Nakagata et al. 2022 + NCCOR Youth Compendium
16,crunch,256,8.0,32.0,3.31,estimated_synthetic,Nakagata et al. 2019 + NCCOR Youth Compendium curl-ups
70,jumping_jack,49,1.0,49.0,5.3,estimated_synthetic,NCCOR Youth Compendium
20,squat,53,1.0,53.0,8.5,estimated_synthetic,Nakagata et al. 2022 (21–29; 1–6 reps/min)
17,push-up,520,10.0,52.0,8.5,estimated_synthetic,Nakagata et al. 2022 + NCCOR Youth Compendium
47,crunch,295,5.0,59.0,3.26,estimated_synthetic,Nakagata et al. 2019 + NCCOR Youth Compendium curl-ups
15,jumping_jack,38,1.0,38.0,4.98,estimated_synthetic,NCCOR Youth Compendium
17,squat,570,10.0,57.0,8.5,estimated_synthetic,Nakagata et al. 2022 (21–29; 1–6 reps/min)
23,push-up,150,10.0,15.0,6.75,estimated_synthetic,Nakagata et al. 2022 + NCCOR Youth Compendium
65,crunch,42,3.0,14.0,3.0,estimated_synthetic,Nakagata et al. 2019 + NCCOR Youth Compendium curl-ups
19,jumping_jack,7,1.0,7.0,4.19,estimated_synthetic,NCCOR Youth Compendium
44,squat,208,8.0,26.0,8.5,estimated_synthetic,Nakagata et al. 2022 (21–29; 1–6 reps/min)
37,push-up,37,1.0,37.0,8.5,estimated_synthetic,Nakagata et al. 2022 + NCCOR Youth Compendium
31,crunch,250,5.0,50.0,3.45,estimated_synthetic,Nakagata et al. 2019 + NCCOR Youth Compendium curl-ups
41,jumping_jack,60,1.0,60.0,6.06,estimated_synthetic,NCCOR Youth Compendium
55,squat,7,0.5,14.0,8.5,estimated_synthetic,Nakagata et al. 2022 (21–29; 1–6 reps/min)
22,push-up,22,1.0,22.0,7.86,estimated_synthetic,Nakagata et al. 2022 + NCCOR Youth Compendium
15,crunch,20,5.0,4.0,2.4,estimated_synthetic,Nakagata et al. 2019 + NCCOR Youth Compendium curl-ups
44,jumping_jack,17,1.0,17.0,4.33,estimated_synthetic,NCCOR Youth Compendium
39,squat,84,3.0,28.0,8.5,estimated_synthetic,Nakagata et al. 2022 (21–29; 1–6 reps/min)
67,push-up,26,0.5,52.0,8.5,estimated_synthetic,Nakagata et al. 2022 + NCCOR Youth Compendium
48,crunch,440,8.0,55.0,3.73,estimated_synthetic,Nakagata et al. 2019 + NCCOR Youth Compendium curl-ups
45,jumping_jack,30,5.0,6.0,3.86,estimated_synthetic,NCCOR Youth Compendium
64,squat,63,3.0,21.0,8.5,estimated_synthetic,Nakagata et al. 2022 (21–29; 1–6 reps/min)
18,push-up,102,2.0,51.0,8.5,estimated_synthetic,Nakagata et al. 2022 + NCCOR Youth Compendium
67,crunch,20,0.5,40.0,3.3,estimated_synthetic,Nakagata et al. 2019 + NCCOR Youth Compendium curl-ups
67,jumping_jack,300,10.0,30.0,4.98,estimated_synthetic,NCCOR Youth Compendium
53,squat,9,0.5,18.0,8.5,estimated_synthetic,Nakagata et al. 2022 (21–29; 1–6 reps/min)
16,push-up,256,8.0,32.0,8.5,estimated_synthetic,Nakagata et al. 2022 + NCCOR Youth Compendium
65,crunch,4,1.0,4.0,2.23,estimated_synthetic,Nakagata et al. 2019 + NCCOR Youth Compendium curl-ups
21,jumping_jack,8,0.5,16.0,4.15,estimated_synthetic,NCCOR Youth Compendium
34,squat,600,10.0,60.0,8.5,estimated_synthetic,Nakagata et al. 2022 (21–29; 1–6 reps/min)
57,push-up,165,5.0,33.0,8.5,estimated_synthetic,Nakagata et al. 2022 + NCCOR Youth Compendium
46,crunch,60,1.0,60.0,3.37,estimated_synthetic,Nakagata et al. 2019 + NCCOR Youth Compendium curl-ups
18,jumping_jack,18,3.0,6.0,4.03,estimated_synthetic,NCCOR Youth Compendium
28,squat,260,5.0,52.0,8.5,estimated_synthetic,Nakagata et al. 2022 (21–29; 1–6 reps/min)
68,push-up,155,5.0,31.0,8.08,estimated_synthetic,Nakagata et al. 2022 + NCCOR Youth Compendium
54,crunch,46,1.0,46.0,3.43,estimated_synthetic,Nakagata et al. 2019 + NCCOR Youth Compendium curl-ups
45,jumping_jack,590,10.0,59.0,5.74,estimated_synthetic,NCCOR Youth Compendium
36,squat,96,2.0,48.0,8.5,estimated_synthetic,Nakagata et al. 2022 (21–29; 1–6 reps/min)
47,push-up,140,5.0,28.0,8.5,estimated_synthetic,Nakagata et al. 2022 + NCCOR Youth Compendium
64,crunch,13,0.5,26.0,3.27,estimated_synthetic,Nakagata et al. 2019 + NCCOR Youth Compendium curl-ups
43,jumping_jack,370,10.0,37.0,5.1,estimated_synthetic,NCCOR Youth Compendium
38,squat,225,5.0,45.0,8.5,estimated_synthetic,Nakagata et al. 2022 (21–29; 1–6 reps/min)
25,push-up,4,1.0,4.0,3.97,estimated_synthetic,Nakagata et al. 2022 + NCCOR Youth Compendium
58,crunch,30,1.5,20.0,3.44,estimated_synthetic,Nakagata et al. 2019 + NCCOR Youth Compendium curl-ups
27,jumping_jack,26,0.5,52.0,5.69,estimated_synthetic,NCCOR Youth Compendium
43,squat,48,1.5,32.0,8.5,estimated_synthetic,Nakagata et al. 2022 (21–29; 1–6 reps/min)
23,push-up,36,1.0,36.0,8.5,estimated_synthetic,Nakagata et al. 2022 + NCCOR Youth Compendium
21,crunch,144,8.0,18.0,3.14,estimated_synthetic,Nakagata et al. 2019 + NCCOR Youth Compendium curl-ups
44,jumping_jack,12,0.5,24.0,4.46,estimated_synthetic,NCCOR Youth Compendium
49,squat,28,1.0,28.0,8.5,estimated_synthetic,Nakagata et al. 2022 (21–29; 1–6 reps/min)
57,push-up,384,8.0,48.0,8.5,estimated_synthetic,Nakagata et al. 2022 + NCCOR Youth Compendium
58,crunch,160,5.0,32.0,3.36,estimated_synthetic,Nakagata et al. 2019 + NCCOR Youth Compendium curl-ups
16,jumping_jack,240,8.0,30.0,4.69,estimated_synthetic,NCCOR Youth Compendium
45,squat,300,10.0,30.0,8.5,estimated_synthetic,Nakagata et al. 2022 (21–29; 1–6 reps/min)
36,push-up,96,8.0,12.0,6.15,estimated_synthetic,Nakagata et al. 2022 + NCCOR Youth Compendium
51,crunch,22,0.5,44.0,3.43,estimated_synthetic,Nakagata et al. 2019 + NCCOR Youth Compendium curl-ups
56,jumping_jack,85,5.0,17.0,4.35,estimated_synthetic,NCCOR Youth Compendium
67,squat,10,0.5,20.0,8.5,estimated_synthetic,Nakagata et al. 2022 (21–29; 1–6 reps/min)
15,push-up,30,1.5,20.0,7.08,estimated_synthetic,Nakagata et al. 2022 + NCCOR Youth Compendium
43,crunch,48,3.0,16.0,2.99,estimated_synthetic,Nakagata et al. 2019 + NCCOR Youth Compendium curl-ups
27,jumping_jack,36,1.5,24.0,4.37,estimated_synthetic,NCCOR Youth Compendium
46,squat,11,1.0,11.0,6.66,estimated_synthetic,Nakagata et al. 2022 (21–29; 1–6 reps/min)
28,push-up,200,10.0,20.0,7.56,estimated_synthetic,Nakagata et al. 2022 + NCCOR Youth Compendium
59,crunch,64,8.0,8.0,2.76,estimated_synthetic,Nakagata et al. 2019 + NCCOR Youth Compendium curl-ups
35,jumping_jack,18,0.5,36.0,5.24,estimated_synthetic,NCCOR Youth Compendium
36,squat,20,1.0,20.0,8.5,estimated_synthetic,Nakagata et al. 2022 (21–29; 1–6 reps/min)
31,push-up,10,2.0,5.0,4.44,estimated_synthetic,Nakagata et al. 2022 + NCCOR Youth Compendium
23,crunch,420,10.0,42.0,3.2,estimated_synthetic,Nakagata et al. 2019 + NCCOR Youth Compendium curl-ups
66,jumping_jack,290,10.0,29.0,4.75,estimated_synthetic,NCCOR Youth Compendium
42,squat,38,2.0,19.0,8.5,estimated_synthetic,Nakagata et al. 2022 (21–29; 1–6 reps/min)
46,push-up,51,1.0,51.0,8.5,estimated_synthetic,Nakagata et al. 2022 + NCCOR Youth Compendium
48,crunch,275,5.0,55.0,3.38,estimated_synthetic,Nakagata et al. 2019 + NCCOR Youth Compendium curl-ups
51,jumping_jack,22,1.0,22.0,4.53,estimated_synthetic,NCCOR Youth Compendium
52,squat,60,3.0,20.0,8.5,estimated_synthetic,Nakagata et al. 2022 (21–29; 1–6 reps/min)
17,push-up,135,5.0,27.0,8.38,estimated_synthetic,Nakagata et al. 2022 + NCCOR Youth Compendium
35,crunch,22,1.5,14.67,3.02,estimated_synthetic,Nakagata et al. 2019 + NCCOR Youth Compendium curl-ups
69,jumping_jack,88,8.0,11.0,4.08,estimated_synthetic,NCCOR Youth Compendium
35,squat,300,5.0,60.0,8.5,estimated_synthetic,Nakagata et al. 2022 (21–29; 1–6 reps/min)
70,push-up,28,0.5,56.0,8.5,estimated_synthetic,Nakagata et al. 2022 + NCCOR Youth Compendium
16,crunch,35,5.0,7.0,2.36,estimated_synthetic,Nakagata et al. 2019 + NCCOR Youth Compendium curl-ups
17,jumping_jack,20,0.5,40.0,4.98,estimated_synthetic,NCCOR Youth Compendium
65,squat,40,1.0,40.0,8.5,estimated_synthetic,Nakagata et al. 2022 (21–29; 1–6 reps/min)
61,push-up,58,2.0,29.0,7.63,estimated_synthetic,Nakagata et al. 2022 + NCCOR Youth Compendium
63,crunch,352,8.0,44.0,3.59,estimated_synthetic,Nakagata et al. 2019 + NCCOR Youth Compendium curl-ups
28,jumping_jack,57,3.0,19.0,4.49,estimated_synthetic,NCCOR Youth Compendium
24,squat,24,0.5,48.0,8.5,estimated_synthetic,Nakagata et al. 2022 (21–29; 1–6 reps/min)
31,push-up,330,10.0,33.0,8.5,estimated_synthetic,Nakagata et al. 2022 + NCCOR Youth Compendium
26,crunch,460,10.0,46.0,3.42,estimated_synthetic,Nakagata et al. 2019 + NCCOR Youth Compendium curl-ups
21,jumping_jack,12,0.5,24.0,4.43,estimated_synthetic,NCCOR Youth Compendium
16,squat,30,2.0,15.0,8.5,estimated_synthetic,Nakagata et al. 2022 (21–29; 1–6 reps/min)
62,push-up,8,2.0,4.0,3.62,estimated_synthetic,Nakagata et al. 2022 + NCCOR Youth Compendium
58,crunch,144,3.0,48.0,3.4,estimated_synthetic,Nakagata et al. 2019 + NCCOR Youth Compendium curl-ups
40,jumping_jack,52,2.0,26.0,4.56,estimated_synthetic,NCCOR Youth Compendium
63,squat,25,1.0,25.0,8.5,estimated_synthetic,Nakagata et al. 2022 (21–29; 1–6 reps/min)
57,push-up,296,8.0,37.0,8.5,estimated_synthetic,Nakagata et al. 2022 + NCCOR Youth Compendium
63,crunch,590,10.0,59.0,3.54,estimated_synthetic,Nakagata et al. 2019 + NCCOR Youth Compendium curl-ups
21,jumping_jack,20,1.0,20.0,4.56,estimated_synthetic,NCCOR Youth Compendium
63,squat,57,1.5,38.0,8.5,estimated_synthetic,Nakagata et al. 2022 (21–29; 1–6 reps/min)
57,push-up,35,5.0,7.0,4.94,estimated_synthetic,Nakagata et al. 2022 + NCCOR Youth Compendium
68,crunch,448,8.0,56.0,3.52,estimated_synthetic,Nakagata et al. 2019 + NCCOR Youth Compendium curl-ups
62,jumping_jack,18,0.5,36.0,4.8,estimated_synthetic,NCCOR Youth Compendium
69,squat,255,5.0,51.0,8.5,estimated_synthetic,Nakagata et al. 2022 (21–29; 1–6 reps/min)
28,push-up,235,5.0,47.0,8.5,estimated_synthetic,Nakagata et al. 2022 + NCCOR Youth Compendium
49,crunch,260,5.0,52.0,3.39,estimated_synthetic,Nakagata et al. 2019 + NCCOR Youth Compendium curl-ups
41,jumping_jack,4,0.5,8.0,4.11,estimated_synthetic,NCCOR Youth Compendium
38,squat,344,8.0,43.0,8.5,estimated_synthetic,Nakagata et al. 2022 (21–29; 1–6 reps/min)
22,push-up,50,10.0,5.0,4.45,estimated_synthetic,Nakagata et al. 2022 + NCCOR Youth Compendium
38,crunch,420,10.0,42.0,3.3,estimated_synthetic,Nakagata et al. 2019 + NCCOR Youth Compendium curl-ups
42,jumping_jack,54,3.0,18.0,4.06,estimated_synthetic,NCCOR Youth Compendium
26,squat,15,1.5,10.0,6.11,estimated_synthetic,Nakagata et al. 2022 (21–29; 1–6 reps/min)
55,push-up,7,1.0,7.0,4.95,estimated_synthetic,Nakagata et al. 2022 + NCCOR Youth Compendium
28,crunch,15,0.5,30.0,3.4,estimated_synthetic,Nakagata et al. 2019 + NCCOR Youth Compendium curl-ups
52,jumping_jack,46,1.0,46.0,5.32,estimated_synthetic,NCCOR Youth Compendium
44,squat,130,5.0,26.0,8.5,estimated_synthetic,Nakagata et al. 2022 (21–29; 1–6 reps/min)
16,push-up,300,5.0,60.0,8.5,estimated_synthetic,Nakagata et al. 2022 + NCCOR Youth Compendium
15,crunch,80,1.5,53.33,3.42,estimated_synthetic,Nakagata et al. 2019 + NCCOR Youth Compendium curl-ups
60,jumping_jack,123,3.0,41.0,5.18,estimated_synthetic,NCCOR Youth Compendium
26,squat,20,0.5,40.0,8.5,estimated_synthetic,Nakagata et al. 2022 (21–29; 1–6 reps/min)
46,push-up,60,3.0,20.0,7.5,estimated_synthetic,Nakagata et al. 2022 + NCCOR Youth Compendium
61,crunch,43,1.0,43.0,3.32,estimated_synthetic,Nakagata et al. 2019 + NCCOR Youth Compendium curl-ups
35,jumping_jack,112,8.0,14.0,4.13,estimated_synthetic,NCCOR Youth Compendium
66,squat,26,0.5,52.0,8.5,estimated_synthetic,Nakagata et al. 2022 (21–29; 1–6 reps/min)
42,push-up,210,5.0,42.0,8.5,estimated_synthetic,Nakagata et al. 2022 + NCCOR Youth Compendium
67,crunch,368,8.0,46.0,3.44,estimated_synthetic,Nakagata et al. 2019 + NCCOR Youth Compendium curl-ups
69,jumping_jack,141,3.0,47.0,5.39,estimated_synthetic,NCCOR Youth Compendium
38,squat,70,10.0,7.0,4.31,estimated_synthetic,Nakagata et al. 2022 (21–29; 1–6 reps/min)
51,push-up,128,8.0,16.0,6.9,estimated_synthetic,Nakagata et al. 2022 + NCCOR Youth Compendium
69,crunch,20,5.0,4.0,2.31,estimated_synthetic,Nakagata et al. 2019 + NCCOR Youth Compendium curl-ups
26,jumping_jack,59,1.0,59.0,5.68,estimated_synthetic,NCCOR Youth Compendium
27,squat,56,1.0,56.0,8.5,estimated_synthetic,Nakagata et al. 2022 (21–29; 1–6 reps/min)
33,push-up,78,2.0,39.0,8.5,estimated_synthetic,Nakagata et al. 2022 + NCCOR Youth Compendium
51,crunch,240,10.0,24.0,3.35,estimated_synthetic,Nakagata et al. 2019 + NCCOR Youth Compendium curl-ups
51,jumping_jack,105,5.0,21.0,4.65,estimated_synthetic,NCCOR Youth Compendium
65,squat,44,1.0,44.0,8.5,estimated_synthetic,Nakagata et al. 2022 (21–29; 1–6 reps/min)
20,push-up,53,1.0,53.0,8.5,estimated_synthetic,Nakagata et al. 2022 + NCCOR Youth Compendium
19,crunch,220,5.0,44.0,3.46,estimated_synthetic,Nakagata et al. 2019 + NCCOR Youth Compendium curl-ups
41,jumping_jack,57,3.0,19.0,4.39,estimated_synthetic,NCCOR Youth Compendium
41,squat,105,3.0,35.0,8.5,estimated_synthetic,Nakagata et al. 2022 (21–29; 1–6 reps/min)
40,push-up,22,1.5,14.67,6.53,estimated_synthetic,Nakagata et al. 2022 + NCCOR Youth Compendium
57,crunch,280,5.0,56.0,3.23,estimated_synthetic,Nakagata et al. 2019 + NCCOR Youth Compendium curl-ups
65,jumping_jack,195,5.0,39.0,5.23,estimated_synthetic,NCCOR Youth Compendium
63,squat,45,1.5,30.0,8.5,estimated_synthetic,Nakagata et al. 2022 (21–29; 1–6 reps/min)
25,push-up,27,1.5,18.0,7.22,estimated_synthetic,Nakagata et al. 2022 + NCCOR Youth Compendium
49,crunch,50,1.5,33.33,3.42,estimated_synthetic,Nakagata et al. 2019 + NCCOR Youth Compendium curl-ups
30,jumping_jack,60,10.0,6.0,4.17,estimated_synthetic,NCCOR Youth Compendium
18,squat,60,5.0,12.0,7.05,estimated_synthetic,Nakagata et al. 2022 (21–29; 1–6 reps/min)
24,push-up,42,3.0,14.0,6.3,estimated_synthetic,Nakagata et al. 2022 + NCCOR Youth Compendium
15,crunch,56,2.0,28.0,3.43,estimated_synthetic,Nakagata et al. 2019 + NCCOR Youth Compendium curl-ups
17,jumping_jack,180,3.0,60.0,5.95,estimated_synthetic,NCCOR Youth Compendium
25,squat,46,1.0,46.0,8.5,estimated_synthetic,Nakagata et al. 2022 (21–29; 1–6 reps/min)
32,push-up,51,1.0,51.0,8.5,estimated_synthetic,Nakagata et al. 2022 + NCCOR Youth Compendium
40,crunch,42,1.0,42.0,3.37,estimated_synthetic,Nakagata et al. 2019 + NCCOR Youth Compendium curl-ups
21,jumping_jack,424,8.0,53.0,5.63,estimated_synthetic,NCCOR Youth Compendium
21,squat,30,0.5,60.0,8.5,estimated_synthetic,Nakagata et al. 2022 (21–29; 1–6 reps/min)
47,push-up,63,1.5,42.0,8.5,estimated_synthetic,Nakagata et al. 2022 + NCCOR Youth Compendium
37,crunch,24,2.0,12.0,2.86,estimated_synthetic,Nakagata et al. 2019 + NCCOR Youth Compendium curl-ups
19,jumping_jack,13,0.5,26.0,4.78,estimated_synthetic,NCCOR Youth Compendium
67,squat,38,1.5,25.33,8.5,estimated_synthetic,Nakagata et al. 2022 (21–29; 1–6 reps/min)
63,push-up,60,5.0,12.0,5.01,estimated_synthetic,Nakagata et al. 2022 + NCCOR Youth Compendium
70,crunch,26,0.5,52.0,3.45,estimated_synthetic,Nakagata et al. 2019 + NCCOR Youth Compendium curl-ups
30,jumping_jack,55,5.0,11.0,3.67,estimated_synthetic,NCCOR Youth Compendium
37,squat,43,1.0,43.0,8.5,estimated_synthetic,Nakagata et al. 2022 (21–29; 1–6 reps/min)
19,push-up,70,1.5,46.67,8.5,estimated_synthetic,Nakagata et al. 2022 + NCCOR Youth Compendium
58,crunch,220,10.0,22.0,3.43,estimated_synthetic,Nakagata et al. 2019 + NCCOR Youth Compendium curl-ups
34,jumping_jack,44,1.5,29.33,4.93,estimated_synthetic,NCCOR Youth Compendium
58,squat,15,5.0,3.0,2.16,estimated_synthetic,Nakagata et al. 2022 (21–29; 1–6 reps/min)
41,push-up,90,2.0,45.0,8.5,estimated_synthetic,Nakagata et al. 2022 + NCCOR Youth Compendium
39,crunch,50,2.0,25.0,3.41,estimated_synthetic,Nakagata et al. 2019 + NCCOR Youth Compendium curl-ups
52,jumping_jack,30,1.0,30.0,4.76,estimated_synthetic,NCCOR Youth Compendium
64,squat,240,8.0,30.0,8.5,estimated_synthetic,Nakagata et al. 2022 (21–29; 1–6 reps/min)
69,push-up,176,8.0,22.0,6.54,estimated_synthetic,Nakagata et al. 2022 + NCCOR Youth Compendium
62,crunch,75,1.5,50.0,3.42,estimated_synthetic,Nakagata et al. 2019 + NCCOR Youth Compendium curl-ups
19,jumping_jack,24,2.0,12.0,4.28,estimated_synthetic,NCCOR Youth Compendium
29,squat,84,3.0,28.0,8.5,estimated_synthetic,Nakagata et al. 2022 (21–29; 1–6 reps/min)
65,push-up,7,0.5,14.0,5.63,estimated_synthetic,Nakagata et al. 2022 + NCCOR Youth Compendium
38,crunch,18,3.0,6.0,2.45,estimated_synthetic,Nakagata et al. 2019 + NCCOR Youth Compendium curl-ups
43,jumping_jack,56,2.0,28.0,4.71,estimated_synthetic,NCCOR Youth Compendium
56,squat,88,1.5,58.67,8.5,estimated_synthetic,Nakagata et al. 2022 (21–29; 1–6 reps/min)
49,push-up,176,8.0,22.0,7.85,estimated_synthetic,Nakagata et al. 2022 + NCCOR Youth Compendium
29,crunch,9,1.5,6.0,2.42,estimated_synthetic,Nakagata et al. 2019 + NCCOR Youth Compendium curl-ups
48,jumping_jack,21,1.0,21.0,4.4,estimated_synthetic,NCCOR Youth Compendium
21,squat,60,1.5,40.0,8.5,estimated_synthetic,Nakagata et al. 2022 (21–29; 1–6 reps/min)
28,push-up,92,2.0,46.0,8.5,estimated_synthetic,Nakagata et al. 2022 + NCCOR Youth Compendium
25,crunch,12,0.5,24.0,3.41,estimated_synthetic,Nakagata et al. 2019 + NCCOR Youth Compendium curl-ups
22,jumping_jack,45,3.0,15.0,4.55,estimated_synthetic,NCCOR Youth Compendium
40,squat,192,8.0,24.0,8.5,estimated_synthetic,Nakagata et al. 2022 (21–29; 1–6 reps/min)
31,push-up,5,1.0,5.0,4.38,estimated_synthetic,Nakagata et al. 2022 + NCCOR Youth Compendium
47,crunch,75,3.0,25.0,3.31,estimated_synthetic,Nakagata et al. 2019 + NCCOR Youth Compendium curl-ups
63,jumping_jack,140,10.0,14.0,4.29,estimated_synthetic,NCCOR Youth Compendium
16,squat,21,1.5,14.0,7.85,estimated_synthetic,Nakagata et al. 2022 (21–29; 1–6 reps/min)
42,push-up,34,1.0,34.0,8.5,estimated_synthetic,Nakagata et al. 2022 + NCCOR Youth Compendium
50,crunch,260,10.0,26.0,3.49,estimated_synthetic,Nakagata et al. 2019 + NCCOR Youth Compendium curl-ups
18,jumping_jack,48,1.5,32.0,4.86,estimated_synthetic,NCCOR Youth Compendium
41,squat,510,10.0,51.0,8.5,estimated_synthetic,Nakagata et al. 2022 (21–29; 1–6 reps/min)
43,push-up,90,5.0,18.0,7.07,estimated_synthetic,Nakagata et al. 2022 + NCCOR Youth Compendium
19,crunch,135,3.0,45.0,3.44,estimated_synthetic,Nakagata et al. 2019 + NCCOR Youth Compendium curl-ups
27,jumping_jack,20,0.5,40.0,5.17,estimated_synthetic,NCCOR Youth Compendium
51,squat,2,0.5,4.0,2.91,estimated_synthetic,Nakagata et al. 2022 (21–29; 1–6 reps/min)
40,push-up,56,8.0,7.0,4.79,estimated_synthetic,Nakagata et al. 2022 + NCCOR Youth Compendium
41,crunch,23,0.5,46.0,3.46,estimated_synthetic,Nakagata et al. 2019 + NCCOR Youth Compendium curl-ups
30,jumping_jack,60,3.0,20.0,4.83,estimated_synthetic,NCCOR Youth Compendium
66,squat,150,10.0,15.0,7.83,estimated_synthetic,Nakagata et al. 2022 (21–29; 1–6 reps/min)
47,push-up,530,10.0,53.0,8.5,estimated_synthetic,Nakagata et al. 2022 + NCCOR Youth Compendium
54,crunch,115,5.0,23.0,3.36,estimated_synthetic,Nakagata et al. 2019 + NCCOR Youth Compendium curl-ups
22,jumping_jack,62,2.0,31.0,4.86,estimated_synthetic,NCCOR Youth Compendium
57,squat,86,1.5,57.33,8.5,estimated_synthetic,Nakagata et al. 2022 (21–29; 1–6 reps/min)
68,push-up,13,1.0,13.0,5.14,estimated_synthetic,Nakagata et al. 2022 + NCCOR Youth Compendium
40,crunch,84,2.0,42.0,3.41,estimated_synthetic,Nakagata et al. 2019 + NCCOR Youth Compendium curl-ups
62,jumping_jack,84,3.0,28.0,4.64,estimated_synthetic,NCCOR Youth Compendium
39,squat,10,0.5,20.0,8.5,estimated_synthetic,Nakagata et al. 2022 (21–29; 1–6 reps/min)
40,push-up,450,10.0,45.0,8.5,estimated_synthetic,Nakagata et al. 2022 + NCCOR Youth Compendium
55,crunch,87,3.0,29.0,3.43,estimated_synthetic,Nakagata et al. 2019 + NCCOR Youth Compendium curl-ups
39,jumping_jack,33,1.0,33.0,4.79,estimated_synthetic,NCCOR Youth Compendium
63,squat,75,3.0,25.0,8.5,estimated_synthetic,Nakagata et al. 2022 (21–29; 1–6 reps/min)
67,push-up,2,0.5,4.0,3.8,estimated_synthetic,Nakagata et al. 2022 + NCCOR Youth Compendium
55,crunch,180,3.0,60.0,3.35,estimated_synthetic,Nakagata et al. 2019 + NCCOR Youth Compendium curl-ups
45,jumping_jack,66,1.5,44.0,5.33,estimated_synthetic,NCCOR Youth Compendium
41,squat,120,5.0,24.0,8.5,estimated_synthetic,Nakagata et al. 2022 (21–29; 1–6 reps/min)
54,push-up,39,1.5,26.0,8.5,estimated_synthetic,Nakagata et al. 2022 + NCCOR Youth Compendium
69,crunch,102,2.0,51.0,3.34,estimated_synthetic,Nakagata et al. 2019 + NCCOR Youth Compendium curl-ups
59,jumping_jack,37,1.0,37.0,4.91,estimated_synthetic,NCCOR Youth Compendium
17,squat,190,5.0,38.0,8.5,estimated_synthetic,Nakagata et al. 2022 (21–29; 1–6 reps/min)
56,push-up,250,5.0,50.0,8.5,estimated_synthetic,Nakagata et al. 2022 + NCCOR Youth Compendium
37,crunch,25,0.5,50.0,3.31,estimated_synthetic,Nakagata et al. 2019 + NCCOR Youth Compendium curl-ups
21,jumping_jack,26,0.5,52.0,5.52,estimated_synthetic,NCCOR Youth Compendium
51,squat,64,1.5,42.67,8.5,estimated_synthetic,Nakagata et al. 2022 (21–29; 1–6 reps/min)
39,push-up,10,0.5,20.0,7.54,estimated_synthetic,Nakagata et al. 2022 + NCCOR Youth Compendium
21,crunch,135,5.0,27.0,3.37,estimated_synthetic,Nakagata et al. 2019 + NCCOR Youth Compendium curl-ups
22,jumping_jack,7,0.5,14.0,3.9,estimated_synthetic,NCCOR Youth Compendium
19,squat,168,8.0,21.0,8.5,estimated_synthetic,Nakagata et al. 2022 (21–29; 1–6 reps/min)
22,push-up,58,1.0,58.0,8.5,estimated_synthetic,Nakagata et al. 2022 + NCCOR Youth Compendium
53,crunch,190,5.0,38.0,3.39,estimated_synthetic,Nakagata et al. 2019 + NCCOR Youth Compendium curl-ups
16,jumping_jack,256,8.0,32.0,4.86,estimated_synthetic,NCCOR Youth Compendium
30,squat,86,1.5,57.33,8.5,estimated_synthetic,Nakagata et al. 2022 (21–29; 1–6 reps/min)
58,push-up,90,10.0,9.0,5.17,estimated_synthetic,Nakagata et al. 2022 + NCCOR Youth Compendium
37,crunch,14,1.0,14.0,2.97,estimated_synthetic,Nakagata et al. 2019 + NCCOR Youth Compendium curl-ups
39,jumping_jack,42,1.5,28.0,4.52,estimated_synthetic,NCCOR Youth Compendium
44,squat,85,5.0,17.0,8.5,estimated_synthetic,Nakagata et al. 2022 (21–29; 1–6 reps/min)
47,push-up,52,1.5,34.67,8.5,estimated_synthetic,Nakagata et al. 2022 + NCCOR Youth Compendium
47,crunch,105,5.0,21.0,3.65,estimated_synthetic,Nakagata et al. 2019 + NCCOR Youth Compendium curl-ups
36,jumping_jack,33,3.0,11.0,4.38,estimated_synthetic,NCCOR Youth Compendium
57,squat,69,3.0,23.0,8.5,estimated_synthetic,Nakagata et al. 2022 (21–29; 1–6 reps/min)
34,push-up,52,1.0,52.0,8.5,estimated_synthetic,Nakagata et al. 2022 + NCCOR Youth Compendium
21,crunch,255,5.0,51.0,3.13,estimated_synthetic,Nakagata et al. 2019 + NCCOR Youth Compendium curl-ups
37,jumping_jack,190,10.0,19.0,4.51,estimated_synthetic,NCCOR Youth Compendium
44,squat,63,1.5,42.0,8.5,estimated_synthetic,Nakagata et al. 2022 (21–29; 1–6 reps/min)
53,push-up,8,0.5,16.0,6.69,estimated_synthetic,Nakagata et al. 2022 + NCCOR Youth Compendium
49,crunch,440,10.0,44.0,3.52,estimated_synthetic,Nakagata et al. 2019 + NCCOR Youth Compendium curl-ups
59,jumping_jack,95,5.0,19.0,4.46,estimated_synthetic,NCCOR Youth Compendium
64,squat,110,10.0,11.0,5.82,estimated_synthetic,Nakagata et al. 2022 (21–29; 1–6 reps/min)
54,push-up,81,1.5,54.0,8.5,estimated_synthetic,Nakagata et al. 2022 + NCCOR Youth Compendium
28,crunch,145,5.0,29.0,3.09,estimated_synthetic,Nakagata et al. 2019 + NCCOR Youth Compendium curl-ups
27,jumping_jack,30,1.0,30.0,4.79,estimated_synthetic,NCCOR Youth Compendium
65,squat,530,10.0,53.0,8.5,estimated_synthetic,Nakagata et al. 2022 (21–29; 1–6 reps/min)
33,push-up,69,1.5,46.0,8.5,estimated_synthetic,Nakagata et al. 2022 + NCCOR Youth Compendium
47,crunch,80,10.0,8.0,2.58,estimated_synthetic,Nakagata et al. 2019 + NCCOR Youth Compendium curl-ups
37,jumping_jack,90,5.0,18.0,4.38,estimated_synthetic,NCCOR Youth Compendium
52,squat,28,2.0,14.0,8.37,estimated_synthetic,Nakagata et al. 2022 (21–29; 1–6 reps/min)
34,push-up,155,5.0,31.0,8.5,estimated_synthetic,Nakagata et al. 2022 + NCCOR Youth Compendium
35,crunch,50,1.5,33.33,3.41,estimated_synthetic,Nakagata et al. 2019 + NCCOR Youth Compendium curl-ups
57,jumping_jack,240,5.0,48.0,5.43,estimated_synthetic,NCCOR Youth Compendium
42,squat,200,5.0,40.0,8.5,estimated_synthetic,Nakagata et al. 2022 (21–29; 1–6 reps/min)
23,push-up,450,10.0,45.0,8.5,estimated_synthetic,Nakagata et al. 2022 + NCCOR Youth Compendium
44,crunch,26,1.0,26.0,3.35,estimated_synthetic,Nakagata et al. 2019 + NCCOR Youth Compendium curl-ups
63,jumping_jack,37,1.0,37.0,5.27,estimated_synthetic,NCCOR Youth Compendium
67,squat,105,3.0,35.0,8.5,estimated_synthetic,Nakagata et al. 2022 (21–29; 1–6 reps/min)
59,push-up,96,2.0,48.0,8.5,estimated_synthetic,Nakagata et al. 2022 + NCCOR Youth Compendium
51,crunch,180,5.0,36.0,3.27,estimated_synthetic,Nakagata et al. 2019 + NCCOR Youth Compendium curl-ups
27,jumping_jack,48,3.0,16.0,4.15,estimated_synthetic,NCCOR Youth Compendium
50,squat,57,1.0,57.0,8.5,estimated_synthetic,Nakagata et al. 2022 (21–29; 1–6 reps/min)
28,push-up,51,3.0,17.0,6.78,estimated_synthetic,Nakagata et al. 2022 + NCCOR Youth Compendium
52,crunch,75,5.0,15.0,3.02,estimated_synthetic,Nakagata et al. 2019 + NCCOR Youth Compendium curl-ups
23,jumping_jack,16,0.5,32.0,4.64,estimated_synthetic,NCCOR Youth Compendium
26,squat,22,1.0,22.0,8.5,estimated_synthetic,Nakagata et al. 2022 (21–29; 1–6 reps/min)
15,push-up,10,0.5,20.0,7.23,estimated_synthetic,Nakagata et al. 2022 + NCCOR Youth Compendium
49,crunch,108,3.0,36.0,3.37,estimated_synthetic,Nakagata et al. 2019 + NCCOR Youth Compendium curl-ups
50,jumping_jack,21,1.0,21.0,4.79,estimated_synthetic,NCCOR Youth Compendium
66,squat,78,3.0,26.0,8.5,estimated_synthetic,Nakagata et al. 2022 (21–29; 1–6 reps/min)
38,push-up,45,3.0,15.0,6.42,estimated_synthetic,Nakagata et al. 2022 + NCCOR Youth Compendium
31,crunch,90,10.0,9.0,2.48,estimated_synthetic,Nakagata et al. 2019 + NCCOR Youth Compendium curl-ups
65,jumping_jack,105,5.0,21.0,4.58,estimated_synthetic,NCCOR Youth Compendium
28,squat,21,1.5,14.0,8.5,estimated_synthetic,Nakagata et al. 2022 (21–29; 1–6 reps/min)
33,push-up,39,3.0,13.0,6.06,estimated_synthetic,Nakagata et al. 2022 + NCCOR Youth Compendium
29,crunch,14,0.5,28.0,3.28,estimated_synthetic,Nakagata et al. 2019 + NCCOR Youth Compendium curl-ups
15,jumping_jack,64,1.5,42.67,4.94,estimated_synthetic,NCCOR Youth Compendium
52,squat,63,3.0,21.0,8.5,estimated_synthetic,Nakagata et al. 2022 (21–29; 1–6 reps/min)
27,push-up,300,10.0,30.0,8.5,estimated_synthetic,Nakagata et al. 2022 + NCCOR Youth Compendium
46,crunch,66,3.0,22.0,3.35,estimated_synthetic,Nakagata et al. 2019 + NCCOR Youth Compendium curl-ups
27,jumping_jack,70,1.5,46.67,5.29,estimated_synthetic,NCCOR Youth Compendium
67,squat,20,0.5,40.0,8.5,estimated_synthetic,Nakagata et al. 2022 (21–29; 1–6 reps/min)
39,push-up,200,5.0,40.0,8.5,estimated_synthetic,Nakagata et al. 2022 + NCCOR Youth Compendium
60,crunch,28,2.0,14.0,3.0,estimated_synthetic,Nakagata et al. 2019 + NCCOR Youth Compendium curl-ups
28,jumping_jack,7,0.5,14.0,4.07,estimated_synthetic,NCCOR Youth Compendium
57,squat,6,1.0,6.0,3.69,estimated_synthetic,Nakagata et al. 2022 (21–29; 1–6 reps/min)
31,push-up,248,8.0,31.0,8.5,estimated_synthetic,Nakagata et al. 2022 + NCCOR Youth Compendium
68,crunch,74,2.0,37.0,3.19,estimated_synthetic,Nakagata et al. 2019 + NCCOR Youth Compendium curl-ups
66,jumping_jack,159,3.0,53.0,5.61,estimated_synthetic,NCCOR Youth Compendium
33,squat,105,5.0,21.0,8.5,estimated_synthetic,Nakagata et al. 2022 (21–29; 1–6 reps/min)
49,push-up,42,2.0,21.0,7.58,estimated_synthetic,Nakagata et al. 2022 + NCCOR Youth Compendium
43,crunch,4,0.5,8.0,2.5,estimated_synthetic,Nakagata et al. 2019 + NCCOR Youth Compendium curl-ups
15,jumping_jack,2,0.5,4.0,3.84,estimated_synthetic,NCCOR Youth Compendium
32,squat,48,3.0,16.0,8.5,estimated_synthetic,Nakagata et al. 2022 (21–29; 1–6 reps/min)
26,push-up,112,8.0,14.0,6.29,estimated_synthetic,Nakagata et al. 2022 + NCCOR Youth Compendium
68,crunch,80,8.0,10.0,2.67,estimated_synthetic,Nakagata et al. 2019 + NCCOR Youth Compendium curl-ups
28,jumping_jack,21,1.0,21.0,4.51,estimated_synthetic,NCCOR Youth Compendium
38,squat,11,1.0,11.0,6.81,estimated_synthetic,Nakagata et al. 2022 (21–29; 1–6 reps/min)
70,push-up,408,8.0,51.0,8.5,estimated_synthetic,Nakagata et al. 2022 + NCCOR Youth Compendium
50,crunch,490,10.0,49.0,3.47,estimated_synthetic,Nakagata et al. 2019 + NCCOR Youth Compendium curl-ups
27,jumping_jack,70,2.0,35.0,5.23,estimated_synthetic,NCCOR Youth Compendium
45,squat,272,8.0,34.0,8.5,estimated_synthetic,Nakagata et al. 2022 (21–29; 1–6 reps/min)
30,push-up,170,5.0,34.0,8.5,estimated_synthetic,Nakagata et al. 2022 + NCCOR Youth Compendium
43,crunch,18,0.5,36.0,3.44,estimated_synthetic,Nakagata et al. 2019 + NCCOR Youth Compendium curl-ups
24,jumping_jack,200,10.0,20.0,4.41,estimated_synthetic,NCCOR Youth Compendium
26,squat,190,10.0,19.0,8.5,estimated_synthetic,Nakagata et al. 2022 (21–29; 1–6 reps/min)
43,push-up,12,0.5,24.0,8.34,estimated_synthetic,Nakagata et al. 2022 + NCCOR Youth Compendium
28,crunch,72,3.0,24.0,3.51,estimated_synthetic,Nakagata et al. 2019 + NCCOR Youth Compendium curl-ups
31,jumping_jack,29,1.0,29.0,4.75,estimated_synthetic,NCCOR Youth Compendium
48,squat,380,10.0,38.0,8.5,estimated_synthetic,Nakagata et al. 2022 (21–29; 1–6 reps/min)
27,push-up,22,2.0,11.0,5.44,estimated_synthetic,Nakagata et al. 2022 + NCCOR Youth Compendium
66,crunch,255,5.0,51.0,3.33,estimated_synthetic,Nakagata et al. 2019 + NCCOR Youth Compendium curl-ups
24,jumping_jack,54,2.0,27.0,4.73,estimated_synthetic,NCCOR Youth Compendium
63,squat,70,10.0,7.0,4.16,estimated_synthetic,Nakagata et al. 2022 (21–29; 1–6 reps/min)
38,push-up,270,10.0,27.0,8.5,estimated_synthetic,Nakagata et al. 2022 + NCCOR Youth Compendium
61,crunch,75,1.5,50.0,3.38,estimated_synthetic,Nakagata et al. 2019 + NCCOR Youth Compendium curl-ups
38,jumping_jack,176,8.0,22.0,4.67,estimated_synthetic,NCCOR Youth Compendium
21,squat,40,10.0,4.0,2.84,estimated_synthetic,Nakagata et al. 2022 (21–29; 1–6 reps/min)
46,push-up,400,10.0,40.0,8.5,estimated_synthetic,Nakagata et al. 2022 + NCCOR Youth Compendium
69,crunch,128,8.0,16.0,3.12,estimated_synthetic,Nakagata et al. 2019 + NCCOR Youth Compendium curl-ups
46,jumping_jack,20,5.0,4.0,3.63,estimated_synthetic,NCCOR Youth Compendium
56,squat,120,8.0,15.0,8.5,estimated_synthetic,Nakagata et al. 2022 (21–29; 1–6 reps/min)
40,push-up,152,8.0,19.0,7.33,estimated_synthetic,Nakagata et al. 2022 + NCCOR Youth Compendium
53,crunch,184,8.0,23.0,3.24,estimated_synthetic,Nakagata et al. 2019 + NCCOR Youth Compendium curl-ups
24,jumping_jack,368,8.0,46.0,5.28,estimated_synthetic,NCCOR Youth Compendium
19,squat,2,0.5,4.0,3.02,estimated_synthetic,Nakagata et al. 2022 (21–29; 1–6 reps/min)
66,push-up,376,8.0,47.0,8.5,estimated_synthetic,Nakagata et al. 2022 + NCCOR Youth Compendium
37,crunch,129,3.0,43.0,3.37,estimated_synthetic,Nakagata et al. 2019 + NCCOR Youth Compendium curl-ups
49,jumping_jack,14,0.5,28.0,4.63,estimated_synthetic,NCCOR Youth Compendium
59,squat,108,3.0,36.0,8.5,estimated_synthetic,Nakagata et al. 2022 (21–29; 1–6 reps/min)
17,push-up,8,0.5,16.0,6.49,estimated_synthetic,Nakagata et al. 2022 + NCCOR Youth Compendium
43,crunch,130,10.0,13.0,2.96,estimated_synthetic,Nakagata et al. 2019 + NCCOR Youth Compendium curl-ups
31,jumping_jack,75,5.0,15.0,4.06,estimated_synthetic,NCCOR Youth Compendium
35,squat,472,8.0,59.0,8.5,estimated_synthetic,Nakagata et al. 2022 (21–29; 1–6 reps/min)
43,push-up,5,1.0,5.0,4.39,estimated_synthetic,Nakagata et al. 2022 + NCCOR Youth Compendium
34,crunch,352,8.0,44.0,3.49,estimated_synthetic,Nakagata et al. 2019 + NCCOR Youth Compendium curl-ups
49,jumping_jack,63,3.0,21.0,4.65,estimated_synthetic,NCCOR Youth Compendium
29,squat,32,1.5,21.33,8.5,estimated_synthetic,Nakagata et al. 2022 (21–29; 1–6 reps/min)
61,push-up,248,8.0,31.0,7.94,estimated_synthetic,Nakagata et al. 2022 + NCCOR Youth Compendium
58,crunch,8,1.5,5.33,2.23,estimated_synthetic,Nakagata et al. 2019 + NCCOR Youth Compendium curl-ups
51,jumping_jack,300,10.0,30.0,4.92,estimated_synthetic,NCCOR Youth Compendium
20,squat,12,0.5,24.0,8.5,estimated_synthetic,Nakagata et al. 2022 (21–29; 1–6 reps/min)
15,push-up,111,3.0,37.0,8.5,estimated_synthetic,Nakagata et al. 2022 + NCCOR Youth Compendium
19,crunch,88,1.5,58.67,3.29,estimated_synthetic,Nakagata et al. 2019 + NCCOR Youth Compendium curl-ups
70,jumping_jack,30,3.0,10.0,3.98,estimated_synthetic,NCCOR Youth Compendium
49,squat,100,5.0,20.0,8.5,estimated_synthetic,Nakagata et al. 2022 (21–29; 1–6 reps/min)
56,push-up,69,1.5,46.0,8.5,estimated_synthetic,Nakagata et al. 2022 + NCCOR Youth Compendium
50,crunch,255,5.0,51.0,3.5,estimated_synthetic,Nakagata et al. 2019 + NCCOR Youth Compendium curl-ups
50,jumping_jack,50,10.0,5.0,3.95,estimated_synthetic,NCCOR Youth Compendium
64,squat,8,0.5,16.0,8.2,estimated_synthetic,Nakagata et al. 2022 (21–29; 1–6 reps/min)
25,push-up,16,0.5,32.0,8.5,estimated_synthetic,Nakagata et al. 2022 + NCCOR Youth Compendium
39,crunch,175,5.0,35.0,3.4,estimated_synthetic,Nakagata et al. 2019 + NCCOR Youth Compendium curl-ups
36,jumping_jack,42,1.0,42.0,5.34,estimated_synthetic,NCCOR Youth Compendium
21,squat,176,8.0,22.0,8.5,estimated_synthetic,Nakagata et al. 2022 (21–29; 1–6 reps/min)
16,push-up,108,2.0,54.0,8.5,estimated_synthetic,Nakagata et al. 2022 + NCCOR Youth Compendium
56,crunch,45,3.0,15.0,3.12,estimated_synthetic,Nakagata et al. 2019 + NCCOR Youth Compendium curl-ups
53,jumping_jack,42,1.0,42.0,5.21,estimated_synthetic,NCCOR Youth Compendium
21,squat,410,10.0,41.0,8.5,estimated_synthetic,Nakagata et al. 2022 (21–29; 1–6 reps/min)
39,push-up,230,5.0,46.0,8.5,estimated_synthetic,Nakagata et al. 2022 + NCCOR Youth Compendium
70,crunch,64,1.5,42.67,3.33,estimated_synthetic,Nakagata et al. 2019 + NCCOR Youth Compendium curl-ups
24,jumping_jack,44,1.5,29.33,4.68,estimated_synthetic,NCCOR Youth Compendium
50,squat,30,0.5,60.0,8.5,estimated_synthetic,Nakagata et al. 2022 (21–29; 1–6 reps/min)
17,push-up,7,1.0,7.0,4.7,estimated_synthetic,Nakagata et al. 2022 + NCCOR Youth Compendium
65,crunch,106,2.0,53.0,3.6,estimated_synthetic,Nakagata et al. 2019 + NCCOR Youth Compendium curl-ups
28,jumping_jack,440,8.0,55.0,5.75,estimated_synthetic,NCCOR Youth Compendium
47,squat,34,2.0,17.0,8.5,estimated_synthetic,Nakagata et al. 2022 (21–29; 1–6 reps/min)
36,push-up,28,1.5,18.67,7.36,estimated_synthetic,Nakagata et al. 2022 + NCCOR Youth Compendium
42,crunch,12,0.5,24.0,3.3,estimated_synthetic,Nakagata et al. 2019 + NCCOR Youth Compendium curl-ups
46,jumping_jack,16,2.0,8.0,4.27,estimated_synthetic,NCCOR Youth Compendium
59,squat,114,2.0,57.0,8.5,estimated_synthetic,Nakagata et al. 2022 (21–29; 1–6 reps/min)
22,push-up,21,1.5,14.0,6.41,estimated_synthetic,Nakagata et al. 2022 + NCCOR Youth Compendium
69,crunch,32,8.0,4.0,2.4,estimated_synthetic,Nakagata et al. 2019 + NCCOR Youth Compendium curl-ups
66,jumping_jack,39,1.5,26.0,4.62,estimated_synthetic,NCCOR Youth Compendium
48,squat,225,5.0,45.0,8.5,estimated_synthetic,Nakagata et al. 2022 (21–29; 1–6 reps/min)
25,push-up,140,5.0,28.0,8.5,estimated_synthetic,Nakagata et al. 2022 + NCCOR Youth Compendium
30,crunch,59,1.0,59.0,3.47,estimated_synthetic,Nakagata et al. 2019 + NCCOR Youth Compendium curl-ups
31,jumping_jack,180,10.0,18.0,4.17,estimated_synthetic,NCCOR Youth Compendium
63,squat,25,5.0,5.0,3.2,estimated_synthetic,Nakagata et al. 2022 (21–29; 1–6 reps/min)
43,push-up,24,3.0,8.0,5.16,estimated_synthetic,Nakagata et al. 2022 + NCCOR Youth Compendium
20,crunch,80,2.0,40.0,3.41,estimated_synthetic,Nakagata et al. 2019 + NCCOR Youth Compendium curl-ups
18,jumping_jack,24,0.5,48.0,5.43,estimated_synthetic,NCCOR Youth Compendium
47,squat,600,10.0,60.0,8.5,estimated_synthetic,Nakagata et al. 2022 (21–29; 1–6 reps/min)
48,push-up,216,8.0,27.0,8.5,estimated_synthetic,Nakagata et al. 2022 + NCCOR Youth Compendium
70,crunch,110,5.0,22.0,3.45,estimated_synthetic,Nakagata et al. 2019 + NCCOR Youth Compendium curl-ups
47,jumping_jack,432,8.0,54.0,5.21,estimated_synthetic,NCCOR Youth Compendium
29,squat,22,0.5,44.0,8.5,estimated_synthetic,Nakagata et al. 2022 (21–29; 1–6 reps/min)
33,push-up,56,1.0,56.0,8.5,estimated_synthetic,Nakagata et al. 2022 + NCCOR Youth Compendium
41,crunch,410,10.0,41.0,3.27,estimated_synthetic,Nakagata et al. 2019 + NCCOR Youth Compendium curl-ups
64,jumping_jack,416,8.0,52.0,5.56,estimated_synthetic,NCCOR Youth Compendium
70,squat,448,8.0,56.0,8.5,estimated_synthetic,Nakagata et al. 2022 (21–29; 1–6 reps/min)
47,push-up,65,5.0,13.0,6.02,estimated_synthetic,Nakagata et al. 2022 + NCCOR Youth Compendium
57,crunch,210,10.0,21.0,3.15,estimated_synthetic,Nakagata et al. 2019 + NCCOR Youth Compendium curl-ups
31,jumping_jack,24,1.0,24.0,4.37,estimated_synthetic,NCCOR Youth Compendium
58,squat,6,0.5,12.0,7.21,estimated_synthetic,Nakagata et al. 2022 (21–29; 1–6 reps/min)
58,push-up,160,8.0,20.0,7.27,estimated_synthetic,Nakagata et al. 2022 + NCCOR Youth Compendium
56,crunch,58,1.5,38.67,3.62,estimated_synthetic,Nakagata et al. 2019 + NCCOR Youth Compendium curl-ups
40,jumping_jack,82,2.0,41.0,5.17,estimated_synthetic,NCCOR Youth Compendium
70,squat,57,3.0,19.0,8.5,estimated_synthetic,Nakagata et al. 2022 (21–29; 1–6 reps/min)
70,push-up,27,1.5,18.0,6.25,estimated_synthetic,Nakagata et al. 2022 + NCCOR Youth Compendium
56,crunch,21,3.0,7.0,2.45,estimated_synthetic,Nakagata et al. 2019 + NCCOR Youth Compendium curl-ups
49,jumping_jack,66,3.0,22.0,4.51,estimated_synthetic,NCCOR Youth Compendium
35,squat,25,5.0,5.0,3.14,estimated_synthetic,Nakagata et al. 2022 (21–29; 1–6 reps/min)
70,push-up,130,10.0,13.0,5.28,estimated_synthetic,Nakagata et al. 2022 + NCCOR Youth Compendium
36,crunch,120,2.0,60.0,3.48,estimated_synthetic,Nakagata et al. 2019 + NCCOR Youth Compendium curl-ups
29,jumping_jack,60,1.5,40.0,4.99,estimated_synthetic,NCCOR Youth Compendium
22,squat,68,2.0,34.0,8.5,estimated_synthetic,Nakagata et al. 2022 (21–29; 1–6 reps/min)
17,push-up,13,0.5,26.0,8.41,estimated_synthetic,Nakagata et al. 2022 + NCCOR Youth Compendium
42,crunch,24,0.5,48.0,3.28,estimated_synthetic,Nakagata et al. 2019 + NCCOR Youth Compendium curl-ups
50,jumping_jack,8,1.5,5.33,3.9,estimated_synthetic,NCCOR Youth Compendium
44,squat,56,1.0,56.0,8.5,estimated_synthetic,Nakagata et al. 2022 (21–29; 1–6 reps/min)
48,push-up,224,8.0,28.0,8.5,estimated_synthetic,Nakagata et al. 2022 + NCCOR Youth Compendium
47,crunch,144,8.0,18.0,3.08,estimated_synthetic,Nakagata et al. 2019 + NCCOR Youth Compendium curl-ups
56,jumping_jack,24,2.0,12.0,3.97,estimated_synthetic,NCCOR Youth Compendium
30,squat,176,8.0,22.0,8.5,estimated_synthetic,Nakagata et al. 2022 (21–29; 1–6 reps/min)
53,push-up,76,1.5,50.67,8.5,estimated_synthetic,Nakagata et al. 2022 + NCCOR Youth Compendium
63,crunch,64,1.5,42.67,3.52,estimated_synthetic,Nakagata et al. 2019 + NCCOR Youth Compendium curl-ups
17,jumping_jack,180,5.0,36.0,5.1,estimated_synthetic,NCCOR Youth Compendium
36,squat,22,0.5,44.0,8.5,estimated_synthetic,Nakagata et al. 2022 (21–29; 1–6 reps/min)
55,push-up,41,1.0,41.0,8.5,estimated_synthetic,Nakagata et al. 2022 + NCCOR Youth Compendium
41,crunch,270,10.0,27.0,3.37,estimated_synthetic,Nakagata et al. 2019 + NCCOR Youth Compendium curl-ups
57,jumping_jack,200,5.0,40.0,5.1,estimated_synthetic,NCCOR Youth Compendium
31,squat,390,10.0,39.0,8.5,estimated_synthetic,Nakagata et al. 2022 (21–29; 1–6 reps/min)
48,push-up,120,5.0,24.0,8.22,estimated_synthetic,Nakagata et al. 2022 + NCCOR Youth Compendium
38,crunch,20,5.0,4.0,2.37,estimated_synthetic,Nakagata et al. 2019 + NCCOR Youth Compendium curl-ups
19,jumping_jack,440,8.0,55.0,5.65,estimated_synthetic,NCCOR Youth Compendium
38,squat,160,10.0,16.0,8.5,estimated_synthetic,Nakagata et al. 2022 (21–29; 1–6 reps/min)
38,push-up,26,0.5,52.0,8.5,estimated_synthetic,Nakagata et al. 2022 + NCCOR Youth Compendium
48,crunch,31,1.0,31.0,3.38,estimated_synthetic,Nakagata et al. 2019 + NCCOR Youth Compendium curl-ups
70,jumping_jack,111,3.0,37.0,5.09,estimated_synthetic,NCCOR Youth Compendium
44,squat,100,5.0,20.0,8.5,estimated_synthetic,Nakagata et al. 2022 (21–29; 1–6 reps/min)
29,push-up,15,1.0,15.0,6.68,estimated_synthetic,Nakagata et al. 2022 + NCCOR Youth Compendium
26,crunch,49,1.0,49.0,3.45,estimated_synthetic,Nakagata et al. 2019 + NCCOR Youth Compendium curl-ups
54,jumping_jack,130,10.0,13.0,3.98,estimated_synthetic,NCCOR Youth Compendium
18,squat,328,8.0,41.0,8.5,estimated_synthetic,Nakagata et al. 2022 (21–29; 1–6 reps/min)
19,push-up,58,2.0,29.0,8.5,estimated_synthetic,Nakagata et al. 2022 + NCCOR Youth Compendium
26,crunch,84,3.0,28.0,3.25,estimated_synthetic,Nakagata et al. 2019 + NCCOR Youth Compendium curl-ups
36,jumping_jack,14,0.5,28.0,4.84,estimated_synthetic,NCCOR Youth Compendium
49,squat,40,2.0,20.0,8.5,estimated_synthetic,Nakagata et al. 2022 (21–29; 1–6 reps/min)
32,push-up,63,1.5,42.0,8.5,estimated_synthetic,Nakagata et al. 2022 + NCCOR Youth Compendium
43,crunch,90,5.0,18.0,3.19,estimated_synthetic,Nakagata et al. 2019 + NCCOR Youth Compendium curl-ups
26,jumping_jack,55,5.0,11.0,4.07,estimated_synthetic,NCCOR Youth Compendium
36,squat,160,5.0,32.0,8.5,estimated_synthetic,Nakagata et al. 2022 (21–29; 1–6 reps/min)
34,push-up,128,8.0,16.0,6.81,estimated_synthetic,Nakagata et al. 2022 + NCCOR Youth Compendium
65,crunch,14,1.5,9.33,2.57,estimated_synthetic,Nakagata et al. 2019 + NCCOR Youth Compendium curl-ups
58,jumping_jack,39,3.0,13.0,4.34,estimated_synthetic,NCCOR Youth Compendium
31,squat,44,2.0,22.0,8.5,estimated_synthetic,Nakagata et al. 2022 (21–29; 1–6 reps/min)
16,push-up,22,2.0,11.0,5.83,estimated_synthetic,Nakagata et al. 2022 + NCCOR Youth Compendium
70,crunch,120,2.0,60.0,3.33,estimated_synthetic,Nakagata et al. 2019 + NCCOR Youth Compendium curl-ups
42,jumping_jack,2,0.5,4.0,3.98,estimated_synthetic,NCCOR Youth Compendium
22,squat,280,5.0,56.0,8.5,estimated_synthetic,Nakagata et al. 2022 (21–29; 1–6 reps/min)
68,push-up,280,5.0,56.0,8.5,estimated_synthetic,Nakagata et al. 2022 + NCCOR Youth Compendium
16,crunch,4,1.5,2.67,2.27,estimated_synthetic,Nakagata et al. 2019 + NCCOR Youth Compendium curl-ups
39,jumping_jack,40,1.5,26.67,4.89,estimated_synthetic,NCCOR Youth Compendium
29,squat,16,0.5,32.0,8.5,estimated_synthetic,Nakagata et al. 2022 (21–29; 1–6 reps/min)
61,push-up,28,0.5,56.0,8.5,estimated_synthetic,Nakagata et al. 2022 + NCCOR Youth Compendium
19,crunch,24,1.0,24.0,3.48,estimated_synthetic,Nakagata et al. 2019 + NCCOR Youth Compendium curl-ups
60,jumping_jack,22,0.5,44.0,5.0,estimated_synthetic,NCCOR Youth Compendium
41,squat,26,1.5,17.33,8.5,estimated_synthetic,Nakagata et al. 2022 (21–29; 1–6 reps/min)
61,push-up,170,5.0,34.0,8.3,estimated_synthetic,Nakagata et al. 2022 + NCCOR Youth Compendium
18,crunch,2,0.5,4.0,2.54,estimated_synthetic,Nakagata et al. 2019 + NCCOR Youth Compendium curl-ups
47,jumping_jack,130,10.0,13.0,4.28,estimated_synthetic,NCCOR Youth Compendium
49,squat,39,3.0,13.0,7.94,estimated_synthetic,Nakagata et al. 2022 (21–29; 1–6 reps/min)
24,push-up,28,2.0,14.0,6.5,estimated_synthetic,Nakagata et al. 2022 + NCCOR Youth Compendium
50,crunch,195,5.0,39.0,3.48,estimated_synthetic,Nakagata et al. 2019 + NCCOR Youth Compendium curl-ups
21,jumping_jack,360,8.0,45.0,5.37,estimated_synthetic,NCCOR Youth Compendium
32,squat,88,8.0,11.0,6.72,estimated_synthetic,Nakagata et al. 2022 (21–29; 1–6 reps/min)
59,push-up,330,10.0,33.0,8.5,estimated_synthetic,Nakagata et al. 2022 + NCCOR Youth Compendium
35,crunch,200,5.0,40.0,3.28,estimated_synthetic,Nakagata et al. 2019 + NCCOR Youth Compendium curl-ups
18,jumping_jack,120,8.0,15.0,4.35,estimated_synthetic,NCCOR Youth Compendium
18,squat,56,1.0,56.0,8.5,estimated_synthetic,Nakagata et al. 2022 (21–29; 1–6 reps/min)
26,push-up,108,3.0,36.0,8.5,estimated_synthetic,Nakagata et al. 2022 + NCCOR Youth Compendium
19,crunch,12,0.5,24.0,3.21,estimated_synthetic,Nakagata et al. 2019 + NCCOR Youth Compendium curl-ups
34,jumping_jack,27,0.5,54.0,5.58,estimated_synthetic,NCCOR Youth Compendium
58,squat,500,10.0,50.0,8.5,estimated_synthetic,Nakagata et al. 2022 (21–29; 1–6 reps/min)
23,push-up,230,5.0,46.0,8.5,estimated_synthetic,Nakagata et al. 2022 + NCCOR Youth Compendium
66,crunch,270,5.0,54.0,3.34,estimated_synthetic,Nakagata et al. 2019 + NCCOR Youth Compendium curl-ups
28,jumping_jack,104,2.0,52.0,5.57,estimated_synthetic,NCCOR Youth Compendium
66,squat,210,10.0,21.0,8.5,estimated_synthetic,Nakagata et al. 2022 (21–29; 1–6 reps/min)
32,push-up,51,3.0,17.0,6.83,estimated_synthetic,Nakagata et al. 2022 + NCCOR Youth Compendium
50,crunch,114,3.0,38.0,3.4,estimated_synthetic,Nakagata et al. 2019 + NCCOR Youth Compendium curl-ups
21,jumping_jack,80,1.5,53.33,5.82,estimated_synthetic,NCCOR Youth Compendium
16,squat,30,1.0,30.0,8.5,estimated_synthetic,Nakagata et al. 2022 (21–29; 1–6 reps/min)
37,push-up,37,1.0,37.0,8.5,estimated_synthetic,Nakagata et al. 2022 + NCCOR Youth Compendium
52,crunch,24,3.0,8.0,2.73,estimated_synthetic,Nakagata et al. 2019 + NCCOR Youth Compendium curl-ups
41,jumping_jack,14,1.5,9.33,3.89,estimated_synthetic,NCCOR Youth Compendium
49,squat,30,1.0,30.0,8.5,estimated_synthetic,Nakagata et al. 2022 (21–29; 1–6 reps/min)
25,push-up,108,3.0,36.0,8.5,estimated_synthetic,Nakagata et al. 2022 + NCCOR Youth Compendium
31,crunch,15,1.0,15.0,2.92,estimated_synthetic,Nakagata et al. 2019 + NCCOR Youth Compendium curl-ups
39,jumping_jack,10,0.5,20.0,4.54,estimated_synthetic,NCCOR Youth Compendium
67,squat,15,1.5,10.0,5.56,estimated_synthetic,Nakagata et al. 2022 (21–29; 1–6 reps/min)
26,push-up,500,10.0,50.0,8.5,estimated_synthetic,Nakagata et al. 2022 + NCCOR Youth Compendium
41,crunch,400,8.0,50.0,3.47,estimated_synthetic,Nakagata et al. 2019 + NCCOR Youth Compendium curl-ups
44,jumping_jack,102,2.0,51.0,5.54,estimated_synthetic,NCCOR Youth Compendium
40,squat,22,1.5,14.67,8.5,estimated_synthetic,Nakagata et al. 2022 (21–29; 1–6 reps/min)
48,push-up,15,5.0,3.0,3.27,estimated_synthetic,Nakagata et al. 2022 + NCCOR Youth Compendium
52,crunch,9,3.0,3.0,2.41,estimated_synthetic,Nakagata et al. 2019 + NCCOR Youth Compendium curl-ups
48,jumping_jack,17,0.5,34.0,5.08,estimated_synthetic,NCCOR Youth Compendium
18,squat,440,10.0,44.0,8.5,estimated_synthetic,Nakagata et al. 2022 (21–29; 1–6 reps/min)
49,push-up,29,1.0,29.0,8.5,estimated_synthetic,Nakagata et al. 2022 + NCCOR Youth Compendium
69,crunch,11,0.5,22.0,3.28,estimated_synthetic,Nakagata et al. 2019 + NCCOR Youth Compendium curl-ups
34,jumping_jack,41,1.0,41.0,5.18,estimated_synthetic,NCCOR Youth Compendium
63,squat,52,1.5,34.67,8.5,estimated_synthetic,Nakagata et al. 2022 (21–29; 1–6 reps/min)
33,push-up,16,1.5,10.67,5.75,estimated_synthetic,Nakagata et al. 2022 + NCCOR Youth Compendium
29,crunch,58,1.5,38.67,3.43,estimated_synthetic,Nakagata et al. 2019 + NCCOR Youth Compendium curl-ups
20,jumping_jack,570,10.0,57.0,5.9,estimated_synthetic,NCCOR Youth Compendium
49,squat,265,5.0,53.0,8.5,estimated_synthetic,Nakagata et al. 2022 (21–29; 1–6 reps/min)
23,push-up,159,3.0,53.0,8.5,estimated_synthetic,Nakagata et al. 2022 + NCCOR Youth Compendium
60,crunch,21,0.5,42.0,3.27,estimated_synthetic,Nakagata et al. 2019 + NCCOR Youth Compendium curl-ups
43,jumping_jack,168,8.0,21.0,4.48,estimated_synthetic,NCCOR Youth Compendium
21,squat,370,10.0,37.0,8.5,estimated_synthetic,Nakagata et al. 2022 (21–29; 1–6 reps/min)
52,push-up,230,5.0,46.0,8.5,estimated_synthetic,Nakagata et al. 2022 + NCCOR Youth Compendium
45,crunch,74,2.0,37.0,3.31,estimated_synthetic,Nakagata et al. 2019 + NCCOR Youth Compendium curl-ups
33,jumping_jack,220,5.0,44.0,5.14,estimated_synthetic,NCCOR Youth Compendium
26,squat,21,3.0,7.0,4.11,estimated_synthetic,Nakagata et al. 2022 (21–29; 1–6 reps/min)
31,push-up,380,10.0,38.0,8.5,estimated_synthetic,Nakagata et al. 2022 + NCCOR Youth Compendium
49,crunch,152,8.0,19.0,3.22,estimated_synthetic,Nakagata et al. 2019 + NCCOR Youth Compendium curl-ups
47,jumping_jack,360,10.0,36.0,4.99,estimated_synthetic,NCCOR Youth Compendium
52,squat,40,10.0,4.0,2.98,estimated_synthetic,Nakagata et al. 2022 (21–29; 1–6 reps/min)
38,push-up,90,3.0,30.0,8.5,estimated_synthetic,Nakagata et al. 2022 + NCCOR Youth Compendium
38,crunch,10,0.5,20.0,3.25,estimated_synthetic,Nakagata et al. 2019 + NCCOR Youth Compendium curl-ups
65,jumping_jack,102,3.0,34.0,4.88,estimated_synthetic,NCCOR Youth Compendium
18,squat,15,0.5,30.0,8.5,estimated_synthetic,Nakagata et al. 2022 (21–29; 1–6 reps/min)
48,push-up,66,1.5,44.0,8.5,estimated_synthetic,Nakagata et al. 2022 + NCCOR Youth Compendium
40,crunch,240,5.0,48.0,3.35,estimated_synthetic,Nakagata et al. 2019 + NCCOR Youth Compendium curl-ups
31,jumping_jack,78,2.0,39.0,5.33,estimated_synthetic,NCCOR Youth Compendium
23,squat,14,2.0,7.0,4.49,estimated_synthetic,Nakagata et al. 2022 (21–29; 1–6 reps/min)
61,push-up,60,10.0,6.0,4.08,estimated_synthetic,Nakagata et al. 2022 + NCCOR Youth Compendium
30,crunch,51,1.5,34.0,3.16,estimated_synthetic,Nakagata et al. 2019 + NCCOR Youth Compendium curl-ups
50,jumping_jack,30,10.0,3.0,3.77,estimated_synthetic,NCCOR Youth Compendium
34,squat,190,5.0,38.0,8.5,estimated_synthetic,Nakagata et al. 2022 (21–29; 1–6 reps/min)
58,push-up,100,5.0,20.0,7.59,estimated_synthetic,Nakagata et al. 2022 + NCCOR Youth Compendium
55,crunch,59,1.0,59.0,3.18,estimated_synthetic,Nakagata et al. 2019 + NCCOR Youth Compendium curl-ups
38,jumping_jack,72,8.0,9.0,3.95,estimated_synthetic,NCCOR Youth Compendium
43,squat,14,1.5,9.33,5.65,estimated_synthetic,Nakagata et al. 2022 (21–29; 1–6 reps/min)
54,push-up,35,1.0,35.0,8.5,estimated_synthetic,Nakagata et al. 2022 + NCCOR Youth Compendium
21,crunch,312,8.0,39.0,3.4,estimated_synthetic,Nakagata et al. 2019 + NCCOR Youth Compendium curl-ups
58,jumping_jack,58,1.5,38.67,5.3,estimated_synthetic,NCCOR Youth Compendium
58,squat,150,3.0,50.0,8.5,estimated_synthetic,Nakagata et al. 2022 (21–29; 1–6 reps/min)
19,push-up,20,1.5,13.33,5.96,estimated_synthetic,Nakagata et al. 2022 + NCCOR Youth Compendium
22,crunch,90,2.0,45.0,3.3,estimated_synthetic,Nakagata et al. 2019 + NCCOR Youth Compendium curl-ups
48,jumping_jack,28,1.5,18.67,4.5,estimated_synthetic,NCCOR Youth Compendium
54,squat,490,10.0,49.0,8.5,estimated_synthetic,Nakagata et al. 2022 (21–29; 1–6 reps/min)
59,push-up,368,8.0,46.0,8.5,estimated_synthetic,Nakagata et al. 2022 + NCCOR Youth Compendium
44,crunch,10,0.5,20.0,3.3,estimated_synthetic,Nakagata et al. 2019 + NCCOR Youth Compendium curl-ups
44,jumping_jack,8,0.5,16.0,4.4,estimated_synthetic,NCCOR Youth Compendium
68,squat,56,1.5,37.33,8.5,estimated_synthetic,Nakagata et al. 2022 (21–29; 1–6 reps/min)
64,push-up,255,5.0,51.0,8.5,estimated_synthetic,Nakagata et al. 2022 + NCCOR Youth Compendium
47,crunch,336,8.0,42.0,3.28,estimated_synthetic,Nakagata et al. 2019 + NCCOR Youth Compendium curl-ups
35,jumping_jack,32,1.0,32.0,4.93,estimated_synthetic,NCCOR Youth Compendium
47,squat,60,1.0,60.0,8.5,estimated_synthetic,Nakagata et al. 2022 (21–29; 1–6 reps/min)
47,push-up,48,2.0,24.0,8.5,estimated_synthetic,Nakagata et al. 2022 + NCCOR Youth Compendium
44,crunch,80,1.5,53.33,3.3,estimated_synthetic,Nakagata et al. 2019 + NCCOR Youth Compendium curl-ups
24,jumping_jack,216,8.0,27.0,4.67,estimated_synthetic,NCCOR Youth Compendium
57,squat,20,0.5,40.0,8.5,estimated_synthetic,Nakagata et al. 2022 (21–29; 1–6 reps/min)
25,push-up,27,0.5,54.0,8.5,estimated_synthetic,Nakagata et al. 2022 + NCCOR Youth Compendium
19,crunch,8,0.5,16.0,2.93,estimated_synthetic,Nakagata et al. 2019 + NCCOR Youth Compendium curl-ups
44,jumping_jack,46,1.0,46.0,5.42,estimated_synthetic,NCCOR Youth Compendium
24,squat,18,0.5,36.0,8.5,estimated_synthetic,Nakagata et al. 2022 (21–29; 1–6 reps/min)
65,push-up,18,3.0,6.0,4.26,estimated_synthetic,Nakagata et al. 2022 + NCCOR Youth Compendium
17,crunch,26,0.5,52.0,3.39,estimated_synthetic,Nakagata et al. 2019 + NCCOR Youth Compendium curl-ups
18,jumping_jack,170,5.0,34.0,5.07,estimated_synthetic,NCCOR Youth Compendium
60,squat,280,10.0,28.0,8.5,estimated_synthetic,Nakagata et al. 2022 (21–29; 1–6 reps/min)
62,push-up,114,3.0,38.0,8.5,estimated_synthetic,Nakagata et al. 2022 + NCCOR Youth Compendium
64,crunch,63,3.0,21.0,3.28,estimated_synthetic,Nakagata et al. 2019 + NCCOR Youth Compendium curl-ups
70,jumping_jack,45,5.0,9.0,4.12,estimated_synthetic,NCCOR Youth Compendium
43,squat,128,8.0,16.0,8.5,estimated_synthetic,Nakagata et al. 2022 (21–29; 1–6 reps/min)
70,push-up,80,10.0,8.0,4.52,estimated_synthetic,Nakagata et al. 2022 + NCCOR Youth Compendium
33,crunch,10,0.5,20.0,3.28,estimated_synthetic,Nakagata et al. 2019 + NCCOR Youth Compendium curl-ups
18,jumping_jack,490,10.0,49.0,5.47,estimated_synthetic,NCCOR Youth Compendium
58,squat,300,5.0,60.0,8.5,estimated_synthetic,Nakagata et al. 2022 (21–29; 1–6 reps/min)
33,push-up,30,1.5,20.0,7.54,estimated_synthetic,Nakagata et al. 2022 + NCCOR Youth Compendium
48,crunch,100,10.0,10.0,2.73,estimated_synthetic,Nakagata et al. 2019 + NCCOR Youth Compendium curl-ups
53,jumping_jack,96,8.0,12.0,4.42,estimated_synthetic,NCCOR Youth Compendium
65,squat,174,3.0,58.0,8.5,estimated_synthetic,Nakagata et al. 2022 (21–29; 1–6 reps/min)
52,push-up,25,1.0,25.0,8.35,estimated_synthetic,Nakagata et al. 2022 + NCCOR Youth Compendium
16,crunch,265,5.0,53.0,3.42,estimated_synthetic,Nakagata et al. 2019 + NCCOR Youth Compendium curl-ups
59,jumping_jack,63,1.5,42.0,5.36,estimated_synthetic,NCCOR Youth Compendium
15,squat,57,1.0,57.0,8.5,estimated_synthetic,Nakagata et al. 2022 (21–29; 1–6 reps/min)
68,push-up,30,0.5,60.0,8.5,estimated_synthetic,Nakagata et al. 2022 + NCCOR Youth Compendium
57,crunch,38,2.0,19.0,3.24,estimated_synthetic,Nakagata et al. 2019 + NCCOR Youth Compendium curl-ups
57,jumping_jack,7,1.0,7.0,4.38,estimated_synthetic,NCCOR Youth Compendium
27,squat,46,1.0,46.0,8.5,estimated_synthetic,Nakagata et al. 2022 (21–29; 1–6 reps/min)
42,push-up,3,0.5,6.0,4.85,estimated_synthetic,Nakagata et al. 2022 + NCCOR Youth Compendium
28,crunch,220,10.0,22.0,3.5,estimated_synthetic,Nakagata et al. 2019 + NCCOR Youth Compendium curl-ups
56,jumping_jack,240,8.0,30.0,4.9,estimated_synthetic,NCCOR Youth Compendium
67,squat,76,1.5,50.67,8.5,estimated_synthetic,Nakagata et al. 2022 (21–29; 1–6 reps/min)
49,push-up,368,8.0,46.0,8.5,estimated_synthetic,Nakagata et al. 2022 + NCCOR Youth Compendium
23,crunch,510,10.0,51.0,3.44,estimated_synthetic,Nakagata et al. 2019 + NCCOR Youth Compendium curl-ups
28,jumping_jack,22,1.5,14.67,4.32,estimated_synthetic,NCCOR Youth Compendium
53,squat,205,5.0,41.0,8.5,estimated_synthetic,Nakagata et al. 2022 (21–29; 1–6 reps/min)
45,push-up,64,8.0,8.0,5.31,estimated_synthetic,Nakagata et al. 2022 + NCCOR Youth Compendium
63,crunch,130,10.0,13.0,2.73,estimated_synthetic,Nakagata et al. 2019 + NCCOR Youth Compendium curl-ups
41,jumping_jack,51,3.0,17.0,4.11,estimated_synthetic,NCCOR Youth Compendium
60,squat,590,10.0,59.0,8.5,estimated_synthetic,Nakagata et al. 2022 (21–29; 1–6 reps/min)
60,push-up,290,10.0,29.0,7.72,estimated_synthetic,Nakagata et al. 2022 + NCCOR Youth Compendium
21,crunch,110,5.0,22.0,3.21,estimated_synthetic,Nakagata et al. 2019 + NCCOR Youth Compendium curl-ups
22,jumping_jack,470,10.0,47.0,5.4,estimated_synthetic,NCCOR Youth Compendium
51,squat,114,3.0,38.0,8.5,estimated_synthetic,Nakagata et al. 2022 (21–29; 1–6 reps/min)
65,push-up,75,3.0,25.0,7.08,estimated_synthetic,Nakagata et al. 2022 + NCCOR Youth Compendium
59,crunch,126,3.0,42.0,3.43,estimated_synthetic,Nakagata et al. 2019 + NCCOR Youth Compendium curl-ups
57,jumping_jack,96,3.0,32.0,4.77,estimated_synthetic,NCCOR Youth Compendium
64,squat,235,5.0,47.0,8.5,estimated_synthetic,Nakagata et al. 2022 (21–29; 1–6 reps/min)
61,push-up,69,1.5,46.0,8.5,estimated_synthetic,Nakagata et al. 2022 + NCCOR Youth Compendium
58,crunch,20,0.5,40.0,3.24,estimated_synthetic,Nakagata et al. 2019 + NCCOR Youth Compendium curl-ups
53,jumping_jack,66,2.0,33.0,4.94,estimated_synthetic,NCCOR Youth Compendium
28,squat,40,1.5,26.67,8.5,estimated_synthetic,Nakagata et al. 2022 (21–29; 1–6 reps/min)
26,push-up,39,1.5,26.0,8.5,estimated_synthetic,Nakagata et al. 2022 + NCCOR Youth Compendium
31,crunch,240,8.0,30.0,3.55,estimated_synthetic,Nakagata et al. 2019 + NCCOR Youth Compendium curl-ups
55,jumping_jack,48,2.0,24.0,4.68,estimated_synthetic,NCCOR Youth Compendium
41,squat,225,5.0,45.0,8.5,estimated_synthetic,Nakagata et al. 2022 (21–29; 1–6 reps/min)
28,push-up,144,3.0,48.0,8.5,estimated_synthetic,Nakagata et al. 2022 + NCCOR Youth Compendium
64,crunch,75,1.5,50.0,3.42,estimated_synthetic,Nakagata et al. 2019 + NCCOR Youth Compendium curl-ups
33,jumping_jack,102,3.0,34.0,4.85,estimated_synthetic,NCCOR Youth Compendium
65,squat,432,8.0,54.0,8.5,estimated_synthetic,Nakagata et al. 2022 (21–29; 1–6 reps/min)
43,push-up,7,0.5,14.0,6.3,estimated_synthetic,Nakagata et al. 2022 + NCCOR Youth Compendium
67,crunch,57,1.5,38.0,3.5,estimated_synthetic,Nakagata et al. 2019 + NCCOR Youth Compendium curl-ups
30,jumping_jack,29,1.0,29.0,4.79,estimated_synthetic,NCCOR Youth Compendium
54,squat,530,10.0,53.0,8.5,estimated_synthetic,Nakagata et al. 2022 (21–29; 1–6 reps/min)
27,push-up,480,10.0,48.0,8.5,estimated_synthetic,Nakagata et al. 2022 + NCCOR Youth Compendium
62,crunch,64,8.0,8.0,2.58,estimated_synthetic,Nakagata et al. 2019 + NCCOR Youth Compendium curl-ups
16,jumping_jack,10,2.0,5.0,4.08,estimated_synthetic,NCCOR Youth Compendium
62,squat,123,3.0,41.0,8.5,estimated_synthetic,Nakagata et al. 2022 (21–29; 1–6 reps/min)
43,push-up,170,10.0,17.0,7.28,estimated_synthetic,Nakagata et al. 2022 + NCCOR Youth Compendium
46,crunch,10,0.5,20.0,3.13,estimated_synthetic,Nakagata et al. 2019 + NCCOR Youth Compendium curl-ups
51,jumping_jack,420,10.0,42.0,5.39,estimated_synthetic,NCCOR Youth Compendium
35,squat,240,8.0,30.0,8.5,estimated_synthetic,Nakagata et al. 2022 (21–29; 1–6 reps/min)
55,push-up,14,1.0,14.0,6.31,estimated_synthetic,Nakagata et al. 2022 + NCCOR Youth Compendium
46,crunch,54,1.5,36.0,3.45,estimated_synthetic,Nakagata et al. 2019 + NCCOR Youth Compendium curl-ups
21,jumping_jack,6,0.5,12.0,3.9,estimated_synthetic,NCCOR Youth Compendium
45,squat,84,3.0,28.0,8.5,estimated_synthetic,Nakagata et al. 2022 (21–29; 1–6 reps/min)
24,push-up,190,10.0,19.0,7.38,estimated_synthetic,Nakagata et al. 2022 + NCCOR Youth Compendium
27,crunch,31,1.0,31.0,3.22,estimated_synthetic,Nakagata et al. 2019 + NCCOR Youth Compendium curl-ups
58,jumping_jack,46,1.5,30.67,4.71,estimated_synthetic,NCCOR Youth Compendium
36,squat,45,1.5,30.0,8.5,estimated_synthetic,Nakagata et al. 2022 (21–29; 1–6 reps/min)
23,push-up,70,10.0,7.0,5.04,estimated_synthetic,Nakagata et al. 2022 + NCCOR Youth Compendium
62,crunch,63,3.0,21.0,3.28,estimated_synthetic,Nakagata et al. 2019 + NCCOR Youth Compendium curl-ups
43,jumping_jack,12,3.0,4.0,3.94,estimated_synthetic,NCCOR Youth Compendium
31,squat,6,0.5,12.0,7.36,estimated_synthetic,Nakagata et al. 2022 (21–29; 1–6 reps/min)
62,push-up,60,10.0,6.0,4.43,estimated_synthetic,Nakagata et al. 2022 + NCCOR Youth Compendium
45,crunch,22,0.5,44.0,3.35,estimated_synthetic,Nakagata et al. 2019 + NCCOR Youth Compendium curl-ups
22,jumping_jack,232,8.0,29.0,4.75,estimated_synthetic,NCCOR Youth Compendium
46,squat,50,5.0,10.0,6.16,estimated_synthetic,Nakagata et al. 2022 (21–29; 1–6 reps/min)
49,push-up,80,8.0,10.0,5.63,estimated_synthetic,Nakagata et al. 2022 + NCCOR Youth Compendium
46,crunch,18,0.5,36.0,3.41,estimated_synthetic,Nakagata et al. 2019 + NCCOR Youth Compendium curl-ups
44,jumping_jack,90,5.0,18.0,4.58,estimated_synthetic,NCCOR Youth Compendium
51,squat,432,8.0,54.0,8.5,estimated_synthetic,Nakagata et al. 2022 (21–29; 1–6 reps/min)
58,push-up,19,1.0,19.0,7.24,estimated_synthetic,Nakagata et al. 2022 + NCCOR Youth Compendium
54,crunch,6,0.5,12.0,2.87,estimated_synthetic,Nakagata et al. 2019 + NCCOR Youth Compendium curl-ups
56,jumping_jack,52,1.5,34.67,4.85,estimated_synthetic,NCCOR Youth Compendium
43,squat,360,8.0,45.0,8.5,estimated_synthetic,Nakagata et al. 2022 (21–29; 1–6 reps/min)
60,push-up,5,1.0,5.0,4.18,estimated_synthetic,Nakagata et al. 2022 + NCCOR Youth Compendium
50,crunch,52,1.0,52.0,3.63,estimated_synthetic,Nakagata et al. 2019 + NCCOR Youth Compendium curl-ups
32,jumping_jack,35,1.0,35.0,4.86,estimated_synthetic,NCCOR Youth Compendium
46,squat,78,2.0,39.0,8.5,estimated_synthetic,Nakagata et al. 2022 (21–29; 1–6 reps/min)
51,push-up,43,1.0,43.0,8.5,estimated_synthetic,Nakagata et al. 2022 + NCCOR Youth Compendium
59,crunch,24,1.0,24.0,3.3,estimated_synthetic,Nakagata et al. 2019 + NCCOR Youth Compendium curl-ups
60,jumping_jack,36,2.0,18.0,4.3,estimated_synthetic,NCCOR Youth Compendium
45,squat,165,5.0,33.0,8.5,estimated_synthetic,Nakagata et al. 2022 (21–29; 1–6 reps/min)
35,push-up,230,10.0,23.0,8.21,estimated_synthetic,Nakagata et al. 2022 + NCCOR Youth Compendium
43,crunch,102,2.0,51.0,3.43,estimated_synthetic,Nakagata et al. 2019 + NCCOR Youth Compendium curl-ups
17,jumping_jack,40,1.0,40.0,5.22,estimated_synthetic,NCCOR Youth Compendium
19,squat,14,0.5,28.0,8.5,estimated_synthetic,Nakagata et al. 2022 (21–29; 1–6 reps/min)
52,push-up,24,8.0,3.0,3.38,estimated_synthetic,Nakagata et al. 2022 + NCCOR Youth Compendium
70,crunch,24,2.0,12.0,2.92,estimated_synthetic,Nakagata et al. 2019 + NCCOR Youth Compendium curl-ups
32,jumping_jack,16,1.0,16.0,4.25,estimated_synthetic,NCCOR Youth Compendium
22,squat,34,1.5,22.67,8.5,estimated_synthetic,Nakagata et al. 2022 (21–29; 1–6 reps/min)
49,push-up,38,1.5,25.33,8.47,estimated_synthetic,Nakagata et al. 2022 + NCCOR Youth Compendium
56,crunch,90,3.0,30.0,3.49,estimated_synthetic,Nakagata et al. 2019 + NCCOR Youth Compendium curl-ups
70,jumping_jack,75,5.0,15.0,4.27,estimated_synthetic,NCCOR Youth Compendium
35,squat,76,1.5,50.67,8.5,estimated_synthetic,Nakagata et al. 2022 (21–29; 1–6 reps/min)
23,push-up,320,10.0,32.0,8.5,estimated_synthetic,Nakagata et al. 2022 + NCCOR Youth Compendium
29,crunch,304,8.0,38.0,3.5,estimated_synthetic,Nakagata et al. 2019 + NCCOR Youth Compendium curl-ups
33,jumping_jack,120,5.0,24.0,4.68,estimated_synthetic,NCCOR Youth Compendium
37,squat,68,2.0,34.0,8.5,estimated_synthetic,Nakagata et al. 2022 (21–29; 1–6 reps/min)
68,push-up,45,5.0,9.0,4.48,estimated_synthetic,Nakagata et al. 2022 + NCCOR Youth Compendium
53,crunch,300,10.0,30.0,3.48,estimated_synthetic,Nakagata et al. 2019 + NCCOR Youth Compendium curl-ups
65,jumping_jack,12,0.5,24.0,4.76,estimated_synthetic,NCCOR Youth Compendium
67,squat,48,8.0,6.0,3.82,estimated_synthetic,Nakagata et al. 2022 (21–29; 1–6 reps/min)
63,push-up,87,3.0,29.0,7.71,estimated_synthetic,Nakagata et al. 2022 + NCCOR Youth Compendium
43,crunch,6,0.5,12.0,2.79,estimated_synthetic,Nakagata et al. 2019 + NCCOR Youth Compendium curl-ups
42,jumping_jack,520,10.0,52.0,5.64,estimated_synthetic,NCCOR Youth Compendium
20,squat,200,8.0,25.0,8.5,estimated_synthetic,Nakagata et al. 2022 (21–29; 1–6 reps/min)
57,push-up,30,10.0,3.0,3.4,estimated_synthetic,Nakagata et al. 2022 + NCCOR Youth Compendium
45,crunch,22,0.5,44.0,3.35,estimated_synthetic,Nakagata et al. 2019 + NCCOR Youth Compendium curl-ups
18,jumping_jack,100,2.0,50.0,5.69,estimated_synthetic,NCCOR Youth Compendium
54,squat,290,10.0,29.0,8.5,estimated_synthetic,Nakagata et al. 2022 (21–29; 1–6 reps/min)
69,push-up,50,5.0,10.0,4.79,estimated_synthetic,Nakagata et al. 2022 + NCCOR Youth Compendium
22,crunch,72,8.0,9.0,2.68,estimated_synthetic,Nakagata et al. 2019 + NCCOR Youth Compendium curl-ups
63,jumping_jack,45,5.0,9.0,4.2,estimated_synthetic,NCCOR Youth Compendium
26,squat,27,1.0,27.0,8.5,estimated_synthetic,Nakagata et al. 2022 (21–29; 1–6 reps/min)
35,push-up,15,1.5,10.0,5.47,estimated_synthetic,Nakagata et al. 2022 + NCCOR Youth Compendium
66,crunch,240,10.0,24.0,3.38,estimated_synthetic,Nakagata et al. 2019 + NCCOR Youth Compendium curl-ups
64,jumping_jack,19,1.0,19.0,4.67,estimated_synthetic,NCCOR Youth Compendium
61,squat,52,2.0,26.0,8.5,estimated_synthetic,Nakagata et al. 2022 (21–29; 1–6 reps/min)
40,push-up,384,8.0,48.0,8.5,estimated_synthetic,Nakagata et al. 2022 + NCCOR Youth Compendium
61,crunch,72,2.0,36.0,3.38,estimated_synthetic,Nakagata et al. 2019 + NCCOR Youth Compendium curl-ups
20,jumping_jack,64,2.0,32.0,4.74,estimated_synthetic,NCCOR Youth Compendium
23,squat,18,3.0,6.0,3.86,estimated_synthetic,Nakagata et al. 2022 (21–29; 1–6 reps/min)
62,push-up,6,1.5,4.0,3.74,estimated_synthetic,Nakagata et al. 2022 + NCCOR Youth Compendium
67,crunch,41,1.0,41.0,3.43,estimated_synthetic,Nakagata et al. 2019 + NCCOR Youth Compendium curl-ups
46,jumping_jack,27,0.5,54.0,5.66,estimated_synthetic,NCCOR Youth Compendium
64,squat,38,2.0,19.0,8.5,estimated_synthetic,Nakagata et al. 2022 (21–29; 1–6 reps/min)
23,push-up,176,8.0,22.0,8.23,estimated_synthetic,Nakagata et al. 2022 + NCCOR Youth Compendium
32,crunch,98,2.0,49.0,3.3,estimated_synthetic,Nakagata et al. 2019 + NCCOR Youth Compendium curl-ups
27,jumping_jack,30,3.0,10.0,4.23,estimated_synthetic,NCCOR Youth Compendium
19,squat,14,0.5,28.0,8.5,estimated_synthetic,Nakagata et al. 2022 (21–29; 1–6 reps/min)
15,push-up,25,0.5,50.0,8.5,estimated_synthetic,Nakagata et al. 2022 + NCCOR Youth Compendium
54,crunch,200,5.0,40.0,3.28,estimated_synthetic,Nakagata et al. 2019 + NCCOR Youth Compendium curl-ups
35,jumping_jack,26,0.5,52.0,5.68,estimated_synthetic,NCCOR Youth Compendium
24,squat,4,0.5,8.0,4.72,estimated_synthetic,Nakagata et al. 2022 (21–29; 1–6 reps/min)
47,push-up,80,10.0,8.0,5.18,estimated_synthetic,Nakagata et al. 2022 + NCCOR Youth Compendium
44,crunch,18,2.0,9.0,2.46,estimated_synthetic,Nakagata et al. 2019 + NCCOR Youth Compendium curl-ups
28,jumping_jack,22,0.5,44.0,5.16,estimated_synthetic,NCCOR Youth Compendium
17,squat,2,0.5,4.0,2.68,estimated_synthetic,Nakagata et al. 2022 (21–29; 1–6 reps/min)
49,push-up,59,1.0,59.0,8.5,estimated_synthetic,Nakagata et al. 2022 + NCCOR Youth Compendium
18,crunch,12,3.0,4.0,2.35,estimated_synthetic,Nakagata et al. 2019 + NCCOR Youth Compendium curl-ups
50,jumping_jack,105,3.0,35.0,5.09,estimated_synthetic,NCCOR Youth Compendium
45,squat,144,8.0,18.0,8.5,estimated_synthetic,Nakagata et al. 2022 (21–29; 1–6 reps/min)
61,push-up,590,10.0,59.0,8.5,estimated_synthetic,Nakagata et al. 2022 + NCCOR Youth Compendium
15,crunch,5,1.0,5.0,2.52,estimated_synthetic,Nakagata et al. 2019 + NCCOR Youth Compendium curl-ups
35,jumping_jack,21,3.0,7.0,3.98,estimated_synthetic,NCCOR Youth Compendium
41,squat,21,1.5,14.0,8.5,estimated_synthetic,Nakagata et al. 2022 (21–29; 1–6 reps/min)
68,push-up,24,0.5,48.0,8.5,estimated_synthetic,Nakagata et al. 2022 + NCCOR Youth Compendium
52,crunch,33,1.0,33.0,3.4,estimated_synthetic,Nakagata et al. 2019 + NCCOR Youth Compendium curl-ups
63,jumping_jack,6,1.0,6.0,3.88,estimated_synthetic,NCCOR Youth Compendium
22,squat,65,5.0,13.0,7.82,estimated_synthetic,Nakagata et al. 2022 (21–29; 1–6 reps/min)
34,push-up,21,1.0,21.0,7.68,estimated_synthetic,Nakagata et al. 2022 + NCCOR Youth Compendium
68,crunch,15,3.0,5.0,2.46,estimated_synthetic,Nakagata et al. 2019 + NCCOR Youth Compendium curl-ups
21,jumping_jack,60,1.5,40.0,5.08,estimated_synthetic,NCCOR Youth Compendium
31,squat,27,1.5,18.0,8.5,estimated_synthetic,Nakagata et al. 2022 (21–29; 1–6 reps/min)
33,push-up,87,1.5,58.0,8.5,estimated_synthetic,Nakagata et al. 2022 + NCCOR Youth Compendium
63,crunch,12,1.0,12.0,2.67,estimated_synthetic,Nakagata et al. 2019 + NCCOR Youth Compendium curl-ups
39,jumping_jack,96,8.0,12.0,4.41,estimated_synthetic,NCCOR Youth Compendium
41,squat,90,5.0,18.0,8.5,estimated_synthetic,Nakagata et al. 2022 (21–29; 1–6 reps/min)
49,push-up,94,2.0,47.0,8.5,estimated_synthetic,Nakagata et al. 2022 + NCCOR Youth Compendium
56,crunch,500,10.0,50.0,3.45,estimated_synthetic,Nakagata et al. 2019 + NCCOR Youth Compendium curl-ups
56,jumping_jack,66,1.5,44.0,5.08,estimated_synthetic,NCCOR Youth Compendium
67,squat,76,1.5,50.67,8.5,estimated_synthetic,Nakagata et al. 2022 (21–29; 1–6 reps/min)
38,push-up,87,3.0,29.0,8.5,estimated_synthetic,Nakagata et al. 2022 + NCCOR Youth Compendium
30,crunch,10,0.5,20.0,3.2,estimated_synthetic,Nakagata et al. 2019 + NCCOR Youth Compendium curl-ups
67,jumping_jack,18,0.5,36.0,4.78,estimated_synthetic,NCCOR Youth Compendium
26,squat,57,3.0,19.0,8.5,estimated_synthetic,Nakagata et al. 2022 (21–29; 1–6 reps/min)
64,push-up,185,5.0,37.0,8.5,estimated_synthetic,Nakagata et al. 2022 + NCCOR Youth Compendium
15,crunch,205,5.0,41.0,3.45,estimated_synthetic,Nakagata et al. 2019 + NCCOR Youth Compendium curl-ups
69,jumping_jack,75,3.0,25.0,4.53,estimated_synthetic,NCCOR Youth Compendium
58,squat,32,2.0,16.0,8.5,estimated_synthetic,Nakagata et al. 2022 (21–29; 1–6 reps/min)
70,push-up,69,3.0,23.0,6.92,estimated_synthetic,Nakagata et al. 2022 + NCCOR Youth Compendium
70,crunch,8,2.0,4.0,2.28,estimated_synthetic,Nakagata et al. 2019 + NCCOR Youth Compendium curl-ups
17,jumping_jack,100,2.0,50.0,5.58,estimated_synthetic,NCCOR Youth Compendium
53,squat,8,1.0,8.0,5.11,estimated_synthetic,Nakagata et al. 2022 (21–29; 1–6 reps/min)
55,push-up,18,1.0,18.0,6.94,estimated_synthetic,Nakagata et al. 2022 + NCCOR Youth Compendium
58,crunch,15,3.0,5.0,2.39,estimated_synthetic,Nakagata et al. 2019 + NCCOR Youth Compendium curl-ups
62,jumping_jack,140,10.0,14.0,4.16,estimated_synthetic,NCCOR Youth Compendium
58,squat,4,0.5,8.0,4.83,estimated_synthetic,Nakagata et al. 2022 (21–29; 1–6 reps/min)
38,push-up,33,3.0,11.0,5.56,estimated_synthetic,Nakagata et al. 2022 + NCCOR Youth Compendium
69,crunch,50,10.0,5.0,2.46,estimated_synthetic,Nakagata et al. 2019 + NCCOR Youth Compendium curl-ups
43,jumping_jack,16,1.5,10.67,3.97,estimated_synthetic,NCCOR Youth Compendium
36,squat,14,2.0,7.0,4.25,estimated_synthetic,Nakagata et al. 2022 (21–29; 1–6 reps/min)
31,push-up,52,1.0,52.0,8.5,estimated_synthetic,Nakagata et al. 2022 + NCCOR Youth Compendium
42,crunch,115,5.0,23.0,3.45,estimated_synthetic,Nakagata et al. 2019 + NCCOR Youth Compendium curl-ups
36,jumping_jack,170,10.0,17.0,4.4,estimated_synthetic,NCCOR Youth Compendium
52,squat,69,3.0,23.0,8.5,estimated_synthetic,Nakagata et al. 2022 (21–29; 1–6 reps/min)
53,push-up,84,3.0,28.0,8.5,estimated_synthetic,Nakagata et al. 2022 + NCCOR Youth Compendium
66,crunch,18,1.0,18.0,3.21,estimated_synthetic,Nakagata et al. 2019 + NCCOR Youth Compendium curl-ups
46,jumping_jack,96,3.0,32.0,4.48,estimated_synthetic,NCCOR Youth Compendium
62,squat,22,2.0,11.0,6.16,estimated_synthetic,Nakagata et al. 2022 (21–29; 1–6 reps/min)
32,push-up,56,2.0,28.0,8.5,estimated_synthetic,Nakagata et al. 2022 + NCCOR Youth Compendium
68,crunch,116,2.0,58.0,3.29,estimated_synthetic,Nakagata et al. 2019 + NCCOR Youth Compendium curl-ups
60,jumping_jack,46,2.0,23.0,4.35,estimated_synthetic,NCCOR Youth Compendium
49,squat,100,2.0,50.0,8.5,estimated_synthetic,Nakagata et al. 2022 (21–29; 1–6 reps/min)
52,push-up,70,2.0,35.0,8.5,estimated_synthetic,Nakagata et al. 2022 + NCCOR Youth Compendium
16,crunch,27,1.0,27.0,3.35,estimated_synthetic,Nakagata et al. 2019 + NCCOR Youth Compendium curl-ups
17,jumping_jack,12,1.0,12.0,4.32,estimated_synthetic,NCCOR Youth Compendium
29,squat,390,10.0,39.0,8.5,estimated_synthetic,Nakagata et al. 2022 (21–29; 1–6 reps/min)
68,push-up,24,1.0,24.0,6.86,estimated_synthetic,Nakagata et al. 2022 + NCCOR Youth Compendium
25,crunch,29,1.0,29.0,3.57,estimated_synthetic,Nakagata et al. 2019 + NCCOR Youth Compendium curl-ups
39,jumping_jack,82,1.5,54.67,5.69,estimated_synthetic,NCCOR Youth Compendium
70,squat,250,5.0,50.0,8.5,estimated_synthetic,Nakagata et al. 2022 (21–29; 1–6 reps/min)
21,push-up,85,5.0,17.0,6.87,estimated_synthetic,Nakagata et al. 2022 + NCCOR Youth Compendium
40,crunch,41,1.0,41.0,3.33,estimated_synthetic,Nakagata et al. 2019 + NCCOR Youth Compendium curl-ups
18,jumping_jack,145,5.0,29.0,4.98,estimated_synthetic,NCCOR Youth Compendium
25,squat,6,0.5,12.0,7.25,estimated_synthetic,Nakagata et al. 2022 (21–29; 1–6 reps/min)
59,push-up,4,1.0,4.0,4.24,estimated_synthetic,Nakagata et al. 2022 + NCCOR Youth Compendium
18,crunch,38,1.0,38.0,3.37,estimated_synthetic,Nakagata et al. 2019 + NCCOR Youth Compendium curl-ups
48,jumping_jack,2,0.5,4.0,3.67,estimated_synthetic,NCCOR Youth Compendium
52,squat,41,1.0,41.0,8.5,estimated_synthetic,Nakagata et al. 2022 (21–29; 1–6 reps/min)
51,push-up,94,2.0,47.0,8.5,estimated_synthetic,Nakagata et al. 2022 + NCCOR Youth Compendium
57,crunch,58,2.0,29.0,3.25,estimated_synthetic,Nakagata et al. 2019 + NCCOR Youth Compendium curl-ups
19,jumping_jack,35,1.0,35.0,4.97,estimated_synthetic,NCCOR Youth Compendium
26,squat,180,10.0,18.0,8.5,estimated_synthetic,Nakagata et al. 2022 (21–29; 1–6 reps/min)
33,push-up,132,3.0,44.0,8.5,estimated_synthetic,Nakagata et al. 2022 + NCCOR Youth Compendium
62,crunch,570,10.0,57.0,3.4,estimated_synthetic,Nakagata et al. 2019 + NCCOR Youth Compendium curl-ups
70,jumping_jack,24,0.5,48.0,5.36,estimated_synthetic,NCCOR Youth Compendium
67,squat,235,5.0,47.0,8.5,estimated_synthetic,Nakagata et al. 2022 (21–29; 1–6 reps/min)
30,push-up,112,8.0,14.0,6.22,estimated_synthetic,Nakagata et al. 2022 + NCCOR Youth Compendium
33,crunch,255,5.0,51.0,3.38,estimated_synthetic,Nakagata et al. 2019 + NCCOR Youth Compendium curl-ups
19,jumping_jack,104,2.0,52.0,5.88,estimated_synthetic,NCCOR Youth Compendium
16,squat,260,5.0,52.0,8.5,estimated_synthetic,Nakagata et al. 2022 (21–29; 1–6 reps/min)
23,push-up,29,0.5,58.0,8.5,estimated_synthetic,Nakagata et al. 2022 + NCCOR Youth Compendium
22,crunch,15,5.0,3.0,2.23,estimated_synthetic,Nakagata et al. 2019 + NCCOR Youth Compendium curl-ups
43,jumping_jack,64,1.5,42.67,5.33,estimated_synthetic,NCCOR Youth Compendium
50,squat,180,3.0,60.0,8.5,estimated_synthetic,Nakagata et al. 2022 (21–29; 1–6 reps/min)
27,push-up,265,5.0,53.0,8.5,estimated_synthetic,Nakagata et al. 2022 + NCCOR Youth Compendium
49,crunch,72,3.0,24.0,3.28,estimated_synthetic,Nakagata et al. 2019 + NCCOR Youth Compendium curl-ups
25,jumping_jack,180,5.0,36.0,5.05,estimated_synthetic,NCCOR Youth Compendium
18,squat,29,1.0,29.0,8.5,estimated_synthetic,Nakagata et al. 2022 (21–29; 1–6 reps/min)
39,push-up,48,1.5,32.0,8.5,estimated_synthetic,Nakagata et al. 2022 + NCCOR Youth Compendium
62,crunch,265,5.0,53.0,3.48,estimated_synthetic,Nakagata et al. 2019 + NCCOR Youth Compendium curl-ups
36,jumping_jack,66,3.0,22.0,4.46,estimated_synthetic,NCCOR Youth Compendium
47,squat,165,5.0,33.0,8.5,estimated_synthetic,Nakagata et al. 2022 (21–29; 1–6 reps/min)
63,push-up,27,0.5,54.0,8.5,estimated_synthetic,Nakagata et al. 2022 + NCCOR Youth Compendium
38,crunch,80,1.5,53.33,3.49,estimated_synthetic,Nakagata et al. 2019 + NCCOR Youth Compendium curl-ups
50,jumping_jack,90,2.0,45.0,5.29,estimated_synthetic,NCCOR Youth Compendium
49,squat,80,10.0,8.0,4.98,estimated_synthetic,Nakagata et al. 2022 (21–29; 1–6 reps/min)
57,push-up,144,8.0,18.0,7.01,estimated_synthetic,Nakagata et al. 2022 + NCCOR Youth Compendium
20,crunch,153,3.0,51.0,3.32,estimated_synthetic,Nakagata et al. 2019 + NCCOR Youth Compendium curl-ups
41,jumping_jack,40,1.0,40.0,5.12,estimated_synthetic,NCCOR Youth Compendium
39,squat,57,1.0,57.0,8.5,estimated_synthetic,Nakagata et al. 2022 (21–29; 1–6 reps/min)
63,push-up,140,5.0,28.0,7.62,estimated_synthetic,Nakagata et al. 2022 + NCCOR Youth Compendium
36,crunch,30,3.0,10.0,2.69,estimated_synthetic,Nakagata et al. 2019 + NCCOR Youth Compendium curl-ups
54,jumping_jack,8,1.5,5.33,4.12,estimated_synthetic,NCCOR Youth Compendium
33,squat,255,5.0,51.0,8.5,estimated_synthetic,Nakagata et al. 2022 (21–29; 1–6 reps/min)
30,push-up,30,1.5,20.0,7.5,estimated_synthetic,Nakagata et al. 2022 + NCCOR Youth Compendium
29,crunch,75,1.5,50.0,3.33,estimated_synthetic,Nakagata et al. 2019 + NCCOR Youth Compendium curl-ups
40,jumping_jack,53,1.0,53.0,5.56,estimated_synthetic,NCCOR Youth Compendium
39,squat,304,8.0,38.0,8.5,estimated_synthetic,Nakagata et al. 2022 (21–29; 1–6 reps/min)
24,push-up,54,3.0,18.0,7.1,estimated_synthetic,Nakagata et al. 2022 + NCCOR Youth Compendium
66,crunch,250,10.0,25.0,3.39,estimated_synthetic,Nakagata et al. 2019 + NCCOR Youth Compendium curl-ups
26,jumping_jack,117,3.0,39.0,5.24,estimated_synthetic,NCCOR Youth Compendium
26,squat,24,1.0,24.0,8.5,estimated_synthetic,Nakagata et al. 2022 (21–29; 1–6 reps/min)
48,push-up,98,2.0,49.0,8.5,estimated_synthetic,Nakagata et al. 2022 + NCCOR Youth Compendium
16,crunch,102,3.0,34.0,3.35,estimated_synthetic,Nakagata et al. 2019 + NCCOR Youth Compendium curl-ups
60,jumping_jack,22,1.5,14.67,4.26,estimated_synthetic,NCCOR Youth Compendium
19,squat,33,3.0,11.0,6.49,estimated_synthetic,Nakagata et al. 2022 (21–29; 1–6 reps/min)
25,push-up,290,5.0,58.0,8.5,estimated_synthetic,Nakagata et al. 2022 + NCCOR Youth Compendium
40,crunch,50,5.0,10.0,2.72,estimated_synthetic,Nakagata et al. 2019 + NCCOR Youth Compendium curl-ups
26,jumping_jack,92,2.0,46.0,5.47,estimated_synthetic,NCCOR Youth Compendium
42,squat,330,10.0,33.0,8.5,estimated_synthetic,Nakagata et al. 2022 (21–29; 1–6 reps/min)
44,push-up,14,0.5,28.0,8.5,estimated_synthetic,Nakagata et al. 2022 + NCCOR Youth Compendium
21,crunch,380,10.0,38.0,3.3,estimated_synthetic,Nakagata et al. 2019 + NCCOR Youth Compendium curl-ups
53,jumping_jack,99,3.0,33.0,4.98,estimated_synthetic,NCCOR Youth Compendium
38,squat,144,8.0,18.0,8.5,estimated_synthetic,Nakagata et al. 2022 (21–29; 1–6 reps/min)
19,push-up,14,1.5,9.33,5.28,estimated_synthetic,Nakagata et al. 2022 + NCCOR Youth Compendium
22,crunch,112,2.0,56.0,3.38,estimated_synthetic,Nakagata et al. 2019 + NCCOR Youth Compendium curl-ups
22,jumping_jack,84,3.0,28.0,4.43,estimated_synthetic,NCCOR Youth Compendium
48,squat,330,10.0,33.0,8.5,estimated_synthetic,Nakagata et al. 2022 (21–29; 1–6 reps/min)
48,push-up,16,0.5,32.0,8.5,estimated_synthetic,Nakagata et al. 2022 + NCCOR Youth Compendium
63,crunch,136,8.0,17.0,2.9,estimated_synthetic,Nakagata et al. 2019 + NCCOR Youth Compendium curl-ups
47,jumping_jack,275,5.0,55.0,6.06,estimated_synthetic,NCCOR Youth Compendium
59,squat,416,8.0,52.0,8.5,estimated_synthetic,Nakagata et al. 2022 (21–29; 1–6 reps/min)
27,push-up,43,1.0,43.0,8.5,estimated_synthetic,Nakagata et al. 2022 + NCCOR Youth Compendium
15,crunch,120,5.0,24.0,3.31,estimated_synthetic,Nakagata et al. 2019 + NCCOR Youth Compendium curl-ups
57,jumping_jack,10,0.5,20.0,4.67,estimated_synthetic,NCCOR Youth Compendium
39,squat,27,1.5,18.0,8.5,estimated_synthetic,Nakagata et al. 2022 (21–29; 1–6 reps/min)
52,push-up,150,5.0,30.0,8.5,estimated_synthetic,Nakagata et al. 2022 + NCCOR Youth Compendium
60,crunch,24,3.0,8.0,2.52,estimated_synthetic,Nakagata et al. 2019 + NCCOR Youth Compendium curl-ups
54,jumping_jack,45,1.0,45.0,5.22,estimated_synthetic,NCCOR Youth Compendium
54,squat,8,1.5,5.33,3.4,estimated_synthetic,Nakagata et al. 2022 (21–29; 1–6 reps/min)
46,push-up,26,1.5,17.33,6.77,estimated_synthetic,Nakagata et al. 2022 + NCCOR Youth Compendium
49,crunch,480,10.0,48.0,3.37,estimated_synthetic,Nakagata et al. 2019 + NCCOR Youth Compendium curl-ups
63,jumping_jack,19,0.5,38.0,4.86,estimated_synthetic,NCCOR Youth Compendium
53,squat,108,3.0,36.0,8.5,estimated_synthetic,Nakagata et al. 2022 (21–29; 1–6 reps/min)
21,push-up,40,1.5,26.67,8.5,estimated_synthetic,Nakagata et al. 2022 + NCCOR Youth Compendium
38,crunch,64,1.5,42.67,3.35,estimated_synthetic,Nakagata et al. 2019 + NCCOR Youth Compendium curl-ups
57,jumping_jack,530,10.0,53.0,5.75,estimated_synthetic,NCCOR Youth Compendium
15,squat,450,10.0,45.0,8.5,estimated_synthetic,Nakagata et al. 2022 (21–29; 1–6 reps/min)
64,push-up,20,0.5,40.0,8.5,estimated_synthetic,Nakagata et al. 2022 + NCCOR Youth Compendium
30,crunch,240,10.0,24.0,3.36,estimated_synthetic,Nakagata et al. 2019 + NCCOR Youth Compendium curl-ups
29,jumping_jack,78,1.5,52.0,5.61,estimated_synthetic,NCCOR Youth Compendium
33,squat,64,8.0,8.0,4.88,estimated_synthetic,Nakagata et al. 2022 (21–29; 1–6 reps/min)
15,push-up,45,1.5,30.0,8.5,estimated_synthetic,Nakagata et al. 2022 + NCCOR Youth Compendium
28,crunch,126,3.0,42.0,3.26,estimated_synthetic,Nakagata et al. 2019 + NCCOR Youth Compendium curl-ups
66,jumping_jack,54,1.5,36.0,5.01,estimated_synthetic,NCCOR Youth Compendium
66,squat,112,8.0,14.0,7.36,estimated_synthetic,Nakagata et al. 2022 (21–29; 1–6 reps/min)
17,push-up,8,1.5,5.33,4.4,estimated_synthetic,Nakagata et al. 2022 + NCCOR Youth Compendium
64,crunch,141,3.0,47.0,3.38,estimated_synthetic,Nakagata et al. 2019 + NCCOR Youth Compendium curl-ups
59,jumping_jack,104,8.0,13.0,4.21,estimated_synthetic,NCCOR Youth Compendium
26,squat,3,1.0,3.0,2.61,estimated_synthetic,Nakagata et al. 2022 (21–29; 1–6 reps/min)
41,push-up,400,10.0,40.0,8.5,estimated_synthetic,Nakagata et al. 2022 + NCCOR Youth Compendium
34,crunch,9,1.5,6.0,2.53,estimated_synthetic,Nakagata et al. 2019 + NCCOR Youth Compendium curl-ups
69,jumping_jack,8,1.5,5.33,3.81,estimated_synthetic,NCCOR Youth Compendium
20,squat,16,1.5,10.67,6.18,estimated_synthetic,Nakagata et al. 2022 (21–29; 1–6 reps/min)
70,push-up,6,1.5,4.0,3.68,estimated_synthetic,Nakagata et al. 2022 + NCCOR Youth Compendium
28,crunch,10,0.5,20.0,3.47,estimated_synthetic,Nakagata et al. 2019 + NCCOR Youth Compendium curl-ups
30,jumping_jack,64,1.5,42.67,5.1,estimated_synthetic,NCCOR Youth Compendium
43,squat,64,2.0,32.0,8.5,estimated_synthetic,Nakagata et al. 2022 (21–29; 1–6 reps/min)
24,push-up,370,10.0,37.0,8.5,estimated_synthetic,Nakagata et al. 2022 + NCCOR Youth Compendium
66,crunch,90,5.0,18.0,3.0,estimated_synthetic,Nakagata et al. 2019 + NCCOR Youth Compendium curl-ups
64,jumping_jack,56,1.0,56.0,5.76,estimated_synthetic,NCCOR Youth Compendium
52,squat,10,1.5,6.67,4.01,estimated_synthetic,Nakagata et al. 2022 (21–29; 1–6 reps/min)
62,push-up,18,0.5,36.0,8.5,estimated_synthetic,Nakagata et al. 2022 + NCCOR Youth Compendium
67,crunch,30,1.5,20.0,3.45,estimated_synthetic,Nakagata et al. 2019 + NCCOR Youth Compendium curl-ups
63,jumping_jack,26,0.5,52.0,5.49,estimated_synthetic,NCCOR Youth Compendium
59,squat,11,1.0,11.0,6.56,estimated_synthetic,Nakagata et al. 2022 (21–29; 1–6 reps/min)
36,push-up,55,5.0,11.0,5.7,estimated_synthetic,Nakagata et al. 2022 + NCCOR Youth Compendium
52,crunch,10,1.0,10.0,2.82,estimated_synthetic,Nakagata et al. 2019 + NCCOR Youth Compendium curl-ups
40,jumping_jack,4,0.5,8.0,3.88,estimated_synthetic,NCCOR Youth Compendium
48,squat,114,2.0,57.0,8.5,estimated_synthetic,Nakagata et al. 2022 (21–29; 1–6 reps/min)
53,push-up,256,8.0,32.0,8.5,estimated_synthetic,Nakagata et al. 2022 + NCCOR Youth Compendium
57,crunch,200,10.0,20.0,3.26,estimated_synthetic,Nakagata et al. 2019 + NCCOR Youth Compendium curl-ups
54,jumping_jack,400,10.0,40.0,4.98,estimated_synthetic,NCCOR Youth Compendium
35,squat,32,2.0,16.0,8.5,estimated_synthetic,Nakagata et al. 2022 (21–29; 1–6 reps/min)
49,push-up,460,10.0,46.0,8.5,estimated_synthetic,Nakagata et al. 2022 + NCCOR Youth Compendium
15,crunch,230,10.0,23.0,3.3,estimated_synthetic,Nakagata et al. 2019 + NCCOR Youth Compendium curl-ups
60,jumping_jack,138,3.0,46.0,5.34,estimated_synthetic,NCCOR Youth Compendium
34,squat,92,2.0,46.0,8.5,estimated_synthetic,Nakagata et al. 2022 (21–29; 1–6 reps/min)
29,push-up,30,0.5,60.0,8.5,estimated_synthetic,Nakagata et al. 2022 + NCCOR Youth Compendium
33,crunch,126,3.0,42.0,3.55,estimated_synthetic,Nakagata et al. 2019 + NCCOR Youth Compendium curl-ups
29,jumping_jack,56,2.0,28.0,4.56,estimated_synthetic,NCCOR Youth Compendium
70,squat,470,10.0,47.0,8.5,estimated_synthetic,Nakagata et al. 2022 (21–29; 1–6 reps/min)
34,push-up,180,10.0,18.0,6.99,estimated_synthetic,Nakagata et al. 2022 + NCCOR Youth Compendium
19,crunch,68,2.0,34.0,3.55,estimated_synthetic,Nakagata et al. 2019 + NCCOR Youth Compendium curl-ups
15,jumping_jack,180,10.0,18.0,4.31,estimated_synthetic,NCCOR Youth Compendium
61,squat,35,5.0,7.0,4.23,estimated_synthetic,Nakagata et al. 2022 (21–29; 1–6 reps/min)
20,push-up,8,0.5,16.0,6.5,estimated_synthetic,Nakagata et al. 2022 + NCCOR Youth Compendium
32,crunch,16,0.5,32.0,3.39,estimated_synthetic,Nakagata et al. 2019 + NCCOR Youth Compendium curl-ups
55,jumping_jack,64,2.0,32.0,5.13,estimated_synthetic,NCCOR Youth Compendium
25,squat,440,10.0,44.0,8.5,estimated_synthetic,Nakagata et al. 2022 (21–29; 1–6 reps/min)
22,push-up,52,1.0,52.0,8.5,estimated_synthetic,Nakagata et al. 2022 + NCCOR Youth Compendium
15,crunch,54,1.5,36.0,3.43,estimated_synthetic,Nakagata et al. 2019 + NCCOR Youth Compendium curl-ups
60,jumping_jack,3,1.0,3.0,3.76,estimated_synthetic,NCCOR Youth Compendium
49,squat,7,0.5,14.0,8.46,estimated_synthetic,Nakagata et al. 2022 (21–29; 1–6 reps/min)
65,push-up,108,3.0,36.0,8.5,estimated_synthetic,Nakagata et al. 2022 + NCCOR Youth Compendium
36,crunch,205,5.0,41.0,3.48,estimated_synthetic,Nakagata et al. 2019 + NCCOR Youth Compendium curl-ups
52,jumping_jack,270,5.0,54.0,5.45,estimated_synthetic,NCCOR Youth Compendium
27,squat,232,8.0,29.0,8.5,estimated_synthetic,Nakagata et al. 2022 (21–29; 1–6 reps/min)
29,push-up,430,10.0,43.0,8.5,estimated_synthetic,Nakagata et al. 2022 + NCCOR Youth Compendium
18,crunch,80,2.0,40.0,3.3,estimated_synthetic,Nakagata et al. 2019 + NCCOR Youth Compendium curl-ups
16,jumping_jack,42,3.0,14.0,4.11,estimated_synthetic,NCCOR Youth Compendium
56,squat,40,5.0,8.0,4.85,estimated_synthetic,Nakagata et al. 2022 (21–29; 1–6 reps/min)
20,push-up,6,1.5,4.0,3.97,estimated_synthetic,Nakagata et al. 2022 + NCCOR Youth Compendium
24,crunch,69,1.5,46.0,3.57,estimated_synthetic,Nakagata et al. 2019 + NCCOR Youth Compendium curl-ups
51,jumping_jack,205,5.0,41.0,5.1,estimated_synthetic,NCCOR Youth Compendium
31,squat,168,3.0,56.0,8.5,estimated_synthetic,Nakagata et al. 2022 (21–29; 1–6 reps/min)
36,push-up,464,8.0,58.0,8.5,estimated_synthetic,Nakagata et al. 2022 + NCCOR Youth Compendium
29,crunch,54,2.0,27.0,3.4,estimated_synthetic,Nakagata et al. 2019 + NCCOR Youth Compendium curl-ups
33,jumping_jack,15,1.5,10.0,3.8,estimated_synthetic,NCCOR Youth Compendium
67,squat,66,1.5,44.0,8.5,estimated_synthetic,Nakagata et al. 2022 (21–29; 1–6 reps/min)
55,push-up,300,10.0,30.0,8.5,estimated_synthetic,Nakagata et al. 2022 + NCCOR Youth Compendium
64,crunch,24,8.0,3.0,2.36,estimated_synthetic,Nakagata et al. 2019 + NCCOR Youth Compendium curl-ups
35,jumping_jack,160,5.0,32.0,5.02,estimated_synthetic,NCCOR Youth Compendium
50,squat,25,5.0,5.0,3.04,estimated_synthetic,Nakagata et al. 2022 (21–29; 1–6 reps/min)
22,push-up,540,10.0,54.0,8.5,estimated_synthetic,Nakagata et al. 2022 + NCCOR Youth Compendium
20,crunch,74,2.0,37.0,3.39,estimated_synthetic,Nakagata et al. 2019 + NCCOR Youth Compendium curl-ups
51,jumping_jack,74,2.0,37.0,4.83,estimated_synthetic,NCCOR Youth Compendium
45,squat,21,1.0,21.0,8.5,estimated_synthetic,Nakagata et al. 2022 (21–29; 1–6 reps/min)
34,push-up,432,8.0,54.0,8.5,estimated_synthetic,Nakagata et al. 2022 + NCCOR Youth Compendium
40,crunch,74,2.0,37.0,3.46,estimated_synthetic,Nakagata et al. 2019 + NCCOR Youth Compendium curl-ups
40,jumping_jack,54,1.0,54.0,5.8,estimated_synthetic,NCCOR Youth Compendium
35,squat,8,2.0,4.0,3.03,estimated_synthetic,Nakagata et al. 2022 (21–29; 1–6 reps/min)
30,push-up,20,2.0,10.0,5.47,estimated_synthetic,Nakagata et al. 2022 + NCCOR Youth Compendium
47,crunch,168,3.0,56.0,3.56,estimated_synthetic,Nakagata et al. 2019 + NCCOR Youth Compendium curl-ups
28,jumping_jack,118,2.0,59.0,6.03,estimated_synthetic,NCCOR Youth Compendium
34,squat,108,2.0,54.0,8.5,estimated_synthetic,Nakagata et al. 2022 (21–29; 1–6 reps/min)
42,push-up,66,2.0,33.0,8.5,estimated_synthetic,Nakagata et al. 2022 + NCCOR Youth Compendium
39,crunch,11,1.0,11.0,2.87,estimated_synthetic,Nakagata et al. 2019 + NCCOR Youth Compendium curl-ups
23,jumping_jack,210,10.0,21.0,4.48,estimated_synthetic,NCCOR Youth Compendium
17,squat,125,5.0,25.0,8.5,estimated_synthetic,Nakagata et al. 2022 (21–29; 1–6 reps/min)
61,push-up,102,2.0,51.0,8.5,estimated_synthetic,Nakagata et al. 2022 + NCCOR Youth Compendium
35,crunch,102,2.0,51.0,3.39,estimated_synthetic,Nakagata et al. 2019 + NCCOR Youth Compendium curl-ups
37,jumping_jack,54,2.0,27.0,4.7,estimated_synthetic,NCCOR Youth Compendium
33,squat,8,2.0,4.0,2.85,estimated_synthetic,Nakagata et al. 2022 (21–29; 1–6 reps/min)
36,push-up,27,1.5,18.0,7.1,estimated_synthetic,Nakagata et al. 2022 + NCCOR Youth Compendium
19,crunch,123,3.0,41.0,3.35,estimated_synthetic,Nakagata et al. 2019 + NCCOR Youth Compendium curl-ups
60,jumping_jack,416,8.0,52.0,5.66,estimated_synthetic,NCCOR Youth Compendium
40,squat,19,0.5,38.0,8.5,estimated_synthetic,Nakagata et al. 2022 (21–29; 1–6 reps/min)
69,push-up,370,10.0,37.0,8.5,estimated_synthetic,Nakagata et al. 2022 + NCCOR Youth Compendium
37,crunch,28,1.5,18.67,3.11,estimated_synthetic,Nakagata et al. 2019 + NCCOR Youth Compendium curl-ups
48,jumping_jack,9,1.5,6.0,3.95,estimated_synthetic,NCCOR Youth Compendium
68,squat,12,0.5,24.0,8.5,estimated_synthetic,Nakagata et al. 2022 (21–29; 1–6 reps/min)
20,push-up,16,0.5,32.0,8.5,estimated_synthetic,Nakagata et al. 2022 + NCCOR Youth Compendium
21,crunch,65,5.0,13.0,2.92,estimated_synthetic,Nakagata et al. 2019 + NCCOR Youth Compendium curl-ups
15,jumping_jack,24,0.5,48.0,5.28,estimated_synthetic,NCCOR Youth Compendium
41,squat,102,2.0,51.0,8.5,estimated_synthetic,Nakagata et al. 2022 (21–29; 1–6 reps/min)
19,push-up,81,1.5,54.0,8.5,estimated_synthetic,Nakagata et al. 2022 + NCCOR Youth Compendium
65,crunch,59,1.0,59.0,3.52,estimated_synthetic,Nakagata et al. 2019 + NCCOR Youth Compendium curl-ups
17,jumping_jack,165,3.0,55.0,5.6,estimated_synthetic,NCCOR Youth Compendium
51,squat,74,1.5,49.33,8.5,estimated_synthetic,Nakagata et al. 2022 (21–29; 1–6 reps/min)
51,push-up,45,1.5,30.0,8.5,estimated_synthetic,Nakagata et al. 2022 + NCCOR Youth Compendium
30,crunch,10,2.0,5.0,2.42,estimated_synthetic,Nakagata et al. 2019 + NCCOR Youth Compendium curl-ups
34,jumping_jack,290,10.0,29.0,4.56,estimated_synthetic,NCCOR Youth Compendium
18,squat,99,3.0,33.0,8.5,estimated_synthetic,Nakagata et al. 2022 (21–29; 1–6 reps/min)
36,push-up,17,0.5,34.0,8.5,estimated_synthetic,Nakagata et al. 2022 + NCCOR Youth Compendium
43,crunch,95,5.0,19.0,3.25,estimated_synthetic,Nakagata et al. 2019 + NCCOR Youth Compendium curl-ups
36,jumping_jack,114,3.0,38.0,5.17,estimated_synthetic,NCCOR Youth Compendium
47,squat,35,5.0,7.0,4.41,estimated_synthetic,Nakagata et al. 2022 (21–29; 1–6 reps/min)
43,push-up,220,5.0,44.0,8.5,estimated_synthetic,Nakagata et al. 2022 + NCCOR Youth Compendium
28,crunch,184,8.0,23.0,3.64,estimated_synthetic,Nakagata et al. 2019 + NCCOR Youth Compendium curl-ups
35,jumping_jack,22,0.5,44.0,5.18,estimated_synthetic,NCCOR Youth Compendium
23,squat,70,5.0,14.0,8.47,estimated_synthetic,Nakagata et al. 2022 (21–29; 1–6 reps/min)
46,push-up,140,10.0,14.0,6.22,estimated_synthetic,Nakagata et al. 2022 + NCCOR Youth Compendium
68,crunch,31,1.0,31.0,3.35,estimated_synthetic,Nakagata et al. 2019 + NCCOR Youth Compendium curl-ups
37,jumping_jack,46,1.5,30.67,4.83,estimated_synthetic,NCCOR Youth Compendium
16,squat,180,10.0,18.0,8.5,estimated_synthetic,Nakagata et al. 2022 (21–29; 1–6 reps/min)
58,push-up,29,0.5,58.0,8.5,estimated_synthetic,Nakagata et al. 2022 + NCCOR Youth Compendium
62,crunch,376,8.0,47.0,3.34,estimated_synthetic,Nakagata et al. 2019 + NCCOR Youth Compendium curl-ups
24,jumping_jack,11,0.5,22.0,4.43,estimated_synthetic,NCCOR Youth Compendium
55,squat,78,3.0,26.0,8.5,estimated_synthetic,Nakagata et al. 2022 (21–29; 1–6 reps/min)
25,push-up,42,3.0,14.0,6.1,estimated_synthetic,Nakagata et al. 2022 + NCCOR Youth Compendium
16,crunch,240,10.0,24.0,3.32,estimated_synthetic,Nakagata et al. 2019 + NCCOR Youth Compendium curl-ups
51,jumping_jack,46,1.5,30.67,4.89,estimated_synthetic,NCCOR Youth Compendium
58,squat,72,3.0,24.0,8.5,estimated_synthetic,Nakagata et al. 2022 (21–29; 1–6 reps/min)
46,push-up,260,5.0,52.0,8.5,estimated_synthetic,Nakagata et al. 2022 + NCCOR Youth Compendium
20,crunch,230,5.0,46.0,3.13,estimated_synthetic,Nakagata et al. 2019 + NCCOR Youth Compendium curl-ups
42,jumping_jack,8,0.5,16.0,4.2,estimated_synthetic,NCCOR Youth Compendium
30,squat,112,2.0,56.0,8.5,estimated_synthetic,Nakagata et al. 2022 (21–29; 1–6 reps/min)
24,push-up,39,1.0,39.0,8.5,estimated_synthetic,Nakagata et al. 2022 + NCCOR Youth Compendium
64,crunch,450,10.0,45.0,3.28,estimated_synthetic,Nakagata et al. 2019 + NCCOR Youth Compendium curl-ups
54,jumping_jack,22,0.5,44.0,5.59,estimated_synthetic,NCCOR Youth Compendium
29,squat,144,3.0,48.0,8.5,estimated_synthetic,Nakagata et al. 2022 (21–29; 1–6 reps/min)
19,push-up,14,0.5,28.0,8.5,estimated_synthetic,Nakagata et al. 2022 + NCCOR Youth Compendium
36,crunch,230,10.0,23.0,3.25,estimated_synthetic,Nakagata et al. 2019 + NCCOR Youth Compendium curl-ups
70,jumping_jack,132,3.0,44.0,5.23,estimated_synthetic,NCCOR Youth Compendium
33,squat,4,1.0,4.0,2.98,estimated_synthetic,Nakagata et al. 2022 (21–29; 1–6 reps/min)
33,push-up,22,1.0,22.0,8.08,estimated_synthetic,Nakagata et al. 2022 + NCCOR Youth Compendium
27,crunch,11,0.5,22.0,3.44,estimated_synthetic,Nakagata et al. 2019 + NCCOR Youth Compendium curl-ups
27,jumping_jack,10,1.5,6.67,4.08,estimated_synthetic,NCCOR Youth Compendium
40,squat,60,3.0,20.0,8.5,estimated_synthetic,Nakagata et al. 2022 (21–29; 1–6 reps/min)
34,push-up,25,5.0,5.0,4.46,estimated_synthetic,Nakagata et al. 2022 + NCCOR Youth Compendium
52,crunch,99,3.0,33.0,3.57,estimated_synthetic,Nakagata et al. 2019 + NCCOR Youth Compendium curl-ups
53,jumping_jack,42,1.5,28.0,4.97,estimated_synthetic,NCCOR Youth Compendium
22,squat,27,1.0,27.0,8.5,estimated_synthetic,Nakagata et al. 2022 (21–29; 1–6 reps/min)
43,push-up,220,10.0,22.0,8.0,estimated_synthetic,Nakagata et al. 2022 + NCCOR Youth Compendium
69,crunch,30,0.5,60.0,3.36,estimated_synthetic,Nakagata et al. 2019 + NCCOR Youth Compendium curl-ups
18,jumping_jack,52,2.0,26.0,4.54,estimated_synthetic,NCCOR Youth Compendium
55,squat,450,10.0,45.0,8.5,estimated_synthetic,Nakagata et al. 2022 (21–29; 1–6 reps/min)
68,push-up,90,5.0,18.0,5.77,estimated_synthetic,Nakagata et al. 2022 + NCCOR Youth Compendium
39,crunch,95,5.0,19.0,3.35,estimated_synthetic,Nakagata et al. 2019 + NCCOR Youth Compendium curl-ups
49,jumping_jack,60,10.0,6.0,3.75,estimated_synthetic,NCCOR Youth Compendium
27,squat,8,1.0,8.0,5.01,estimated_synthetic,Nakagata et al. 2022 (21–29; 1–6 reps/min)
21,push-up,9,3.0,3.0,3.62,estimated_synthetic,Nakagata et al. 2022 + NCCOR Youth Compendium
44,crunch,260,10.0,26.0,3.39,estimated_synthetic,Nakagata et al. 2019 + NCCOR Youth Compendium curl-ups
35,jumping_jack,215,5.0,43.0,5.05,estimated_synthetic,NCCOR Youth Compendium
19,squat,80,2.0,40.0,8.5,estimated_synthetic,Nakagata et al. 2022 (21–29; 1–6 reps/min)
60,push-up,392,8.0,49.0,8.5,estimated_synthetic,Nakagata et al. 2022 + NCCOR Youth Compendium
52,crunch,42,1.5,28.0,3.55,estimated_synthetic,Nakagata et al. 2019 + NCCOR Youth Compendium curl-ups
56,jumping_jack,123,3.0,41.0,5.41,estimated_synthetic,NCCOR Youth Compendium
19,squat,250,5.0,50.0,8.5,estimated_synthetic,Nakagata et al. 2022 (21–29; 1–6 reps/min)
64,push-up,20,0.5,40.0,8.5,estimated_synthetic,Nakagata et al. 2022 + NCCOR Youth Compendium
54,crunch,114,3.0,38.0,3.36,estimated_synthetic,Nakagata et al. 2019 + NCCOR Youth Compendium curl-ups
57,jumping_jack,81,3.0,27.0,4.67,estimated_synthetic,NCCOR Youth Compendium
45,squat,22,1.5,14.67,8.5,estimated_synthetic,Nakagata et al. 2022 (21–29; 1–6 reps/min)
24,push-up,165,3.0,55.0,8.5,estimated_synthetic,Nakagata et al. 2022 + NCCOR Youth Compendium
17,crunch,430,10.0,43.0,3.55,estimated_synthetic,Nakagata et al. 2019 + NCCOR Youth Compendium curl-ups
28,jumping_jack,360,10.0,36.0,4.95,estimated_synthetic,NCCOR Youth Compendium
53,squat,25,5.0,5.0,3.06,estimated_synthetic,Nakagata et al. 2022 (21–29; 1–6 reps/min)
54,push-up,350,10.0,35.0,8.5,estimated_synthetic,Nakagata et al. 2022 + NCCOR Youth Compendium
63,crunch,27,1.5,18.0,3.04,estimated_synthetic,Nakagata et al. 2019 + NCCOR Youth Compendium curl-ups
54,jumping_jack,102,3.0,34.0,5.25,estimated_synthetic,NCCOR Youth Compendium
68,squat,94,2.0,47.0,8.5,estimated_synthetic,Nakagata et al. 2022 (21–29; 1–6 reps/min)
58,push-up,440,10.0,44.0,8.5,estimated_synthetic,Nakagata et al. 2022 + NCCOR Youth Compendium
61,crunch,600,10.0,60.0,3.56,estimated_synthetic,Nakagata et al. 2019 + NCCOR Youth Compendium curl-ups
48,jumping_jack,18,2.0,9.0,4.06,estimated_synthetic,NCCOR Youth Compendium
38,squat,20,5.0,4.0,2.86,estimated_synthetic,Nakagata et al. 2022 (21–29; 1–6 reps/min)
41,push-up,340,10.0,34.0,8.5,estimated_synthetic,Nakagata et al. 2022 + NCCOR Youth Compendium
28,crunch,190,10.0,19.0,3.18,estimated_synthetic,Nakagata et al. 2019 + NCCOR Youth Compendium curl-ups
34,jumping_jack,288,8.0,36.0,4.95,estimated_synthetic,NCCOR Youth Compendium
52,squat,28,0.5,56.0,8.5,estimated_synthetic,Nakagata et al. 2022 (21–29; 1–6 reps/min)
46,push-up,111,3.0,37.0,8.5,estimated_synthetic,Nakagata et al. 2022 + NCCOR Youth Compendium
56,crunch,432,8.0,54.0,3.55,estimated_synthetic,Nakagata et al. 2019 + NCCOR Youth Compendium curl-ups
35,jumping_jack,464,8.0,58.0,5.94,estimated_synthetic,NCCOR Youth Compendium
61,squat,22,0.5,44.0,8.5,estimated_synthetic,Nakagata et al. 2022 (21–29; 1–6 reps/min)
60,push-up,384,8.0,48.0,8.5,estimated_synthetic,Nakagata et al. 2022 + NCCOR Youth Compendium
50,crunch,50,10.0,5.0,2.36,estimated_synthetic,Nakagata et al. 2019 + NCCOR Youth Compendium curl-ups
69,jumping_jack,94,2.0,47.0,5.33,estimated_synthetic,NCCOR Youth Compendium
70,squat,70,5.0,14.0,7.32,estimated_synthetic,Nakagata et al. 2022 (21–29; 1–6 reps/min)
48,push-up,2,0.5,4.0,3.94,estimated_synthetic,Nakagata et al. 2022 + NCCOR Youth Compendium
67,crunch,7,1.0,7.0,2.46,estimated_synthetic,Nakagata et al. 2019 + NCCOR Youth Compendium curl-ups
29,jumping_jack,50,1.5,33.33,4.77,estimated_synthetic,NCCOR Youth Compendium
23,squat,424,8.0,53.0,8.5,estimated_synthetic,Nakagata et al. 2022 (21–29; 1–6 reps/min)
56,push-up,530,10.0,53.0,8.5,estimated_synthetic,Nakagata et al. 2022 + NCCOR Youth Compendium
37,crunch,40,5.0,8.0,2.44,estimated_synthetic,Nakagata et al. 2019 + NCCOR Youth Compendium curl-ups
65,jumping_jack,33,1.0,33.0,4.94,estimated_synthetic,NCCOR Youth Compendium
56,squat,102,2.0,51.0,8.5,estimated_synthetic,Nakagata et al. 2022 (21–29; 1–6 reps/min)
60,push-up,4,1.5,2.67,3.09,estimated_synthetic,Nakagata et al. 2022 + NCCOR Youth Compendium
45,crunch,28,0.5,56.0,3.39,estimated_synthetic,Nakagata et al. 2019 + NCCOR Youth Compendium curl-ups
69,jumping_jack,88,2.0,44.0,5.17,estimated_synthetic,NCCOR Youth Compendium
61,squat,320,10.0,32.0,8.5,estimated_synthetic,Nakagata et al. 2022 (21–29; 1–6 reps/min)
36,push-up,12,3.0,4.0,3.96,estimated_synthetic,Nakagata et al. 2022 + NCCOR Youth Compendium
43,crunch,320,10.0,32.0,3.53,estimated_synthetic,Nakagata et al. 2019 + NCCOR Youth Compendium curl-ups
69,jumping_jack,300,10.0,30.0,5.08,estimated_synthetic,NCCOR Youth Compendium
19,squat,62,1.5,41.33,8.5,estimated_synthetic,Nakagata et al. 2022 (21–29; 1–6 reps/min)
49,push-up,24,8.0,3.0,3.28,estimated_synthetic,Nakagata et al. 2022 + NCCOR Youth Compendium
29,crunch,29,1.0,29.0,3.45,estimated_synthetic,Nakagata et al. 2019 + NCCOR Youth Compendium curl-ups
21,jumping_jack,117,3.0,39.0,4.92,estimated_synthetic,NCCOR Youth Compendium
60,squat,90,5.0,18.0,8.5,estimated_synthetic,Nakagata et al. 2022 (21–29; 1–6 reps/min)
64,push-up,20,0.5,40.0,8.5,estimated_synthetic,Nakagata et al. 2022 + NCCOR Youth Compendium
37,crunch,14,0.5,28.0,3.26,estimated_synthetic,Nakagata et al. 2019 + NCCOR Youth Compendium curl-ups
27,jumping_jack,580,10.0,58.0,5.76,estimated_synthetic,NCCOR Youth Compendium
33,squat,40,1.5,26.67,8.5,estimated_synthetic,Nakagata et al. 2022 (21–29; 1–6 reps/min)
43,push-up,590,10.0,59.0,8.5,estimated_synthetic,Nakagata et al. 2022 + NCCOR Youth Compendium
44,crunch,90,1.5,60.0,3.4,estimated_synthetic,Nakagata et al. 2019 + NCCOR Youth Compendium curl-ups
39,jumping_jack,12,0.5,24.0,4.33,estimated_synthetic,NCCOR Youth Compendium
64,squat,57,1.0,57.0,8.5,estimated_synthetic,Nakagata et al. 2022 (21–29; 1–6 reps/min)
47,push-up,24,2.0,12.0,5.92,estimated_synthetic,Nakagata et al. 2022 + NCCOR Youth Compendium
18,crunch,16,1.5,10.67,2.74,estimated_synthetic,Nakagata et al. 2019 + NCCOR Youth Compendium curl-ups
18,jumping_jack,49,1.0,49.0,5.31,estimated_synthetic,NCCOR Youth Compendium
44,squat,230,10.0,23.0,8.5,estimated_synthetic,Nakagata et al. 2022 (21–29; 1–6 reps/min)
38,push-up,20,0.5,40.0,8.5,estimated_synthetic,Nakagata et al. 2022 + NCCOR Youth Compendium
49,crunch,39,1.5,26.0,3.28,estimated_synthetic,Nakagata et al. 2019 + NCCOR Youth Compendium curl-ups
44,jumping_jack,58,2.0,29.0,4.55,estimated_synthetic,NCCOR Youth Compendium
40,squat,260,10.0,26.0,8.5,estimated_synthetic,Nakagata et al. 2022 (21–29; 1–6 reps/min)
21,push-up,392,8.0,49.0,8.5,estimated_synthetic,Nakagata et al. 2022 + NCCOR Youth Compendium
37,crunch,432,8.0,54.0,3.4,estimated_synthetic,Nakagata et al. 2019 + NCCOR Youth Compendium curl-ups
26,jumping_jack,230,5.0,46.0,5.71,estimated_synthetic,NCCOR Youth Compendium
26,squat,14,1.5,9.33,5.77,estimated_synthetic,Nakagata et al. 2022 (21–29; 1–6 reps/min)
25,push-up,60,2.0,30.0,8.5,estimated_synthetic,Nakagata et al. 2022 + NCCOR Youth Compendium
45,crunch,248,8.0,31.0,3.36,estimated_synthetic,Nakagata et al. 2019 + NCCOR Youth Compendium curl-ups
58,jumping_jack,9,0.5,18.0,4.18,estimated_synthetic,NCCOR Youth Compendium
30,squat,10,1.5,6.67,4.08,estimated_synthetic,Nakagata et al. 2022 (21–29; 1–6 reps/min)
28,push-up,176,8.0,22.0,7.9,estimated_synthetic,Nakagata et al. 2022 + NCCOR Youth Compendium
61,crunch,156,3.0,52.0,3.38,estimated_synthetic,Nakagata et al. 2019 + NCCOR Youth Compendium curl-ups
18,jumping_jack,8,1.5,5.33,3.97,estimated_synthetic,NCCOR Youth Compendium
69,squat,36,3.0,12.0,6.41,estimated_synthetic,Nakagata et al. 2022 (21–29; 1–6 reps/min)
33,push-up,580,10.0,58.0,8.5,estimated_synthetic,Nakagata et al. 2022 + NCCOR Youth Compendium
54,crunch,30,5.0,6.0,2.41,estimated_synthetic,Nakagata et al. 2019 + NCCOR Youth Compendium curl-ups
44,jumping_jack,162,3.0,54.0,5.63,estimated_synthetic,NCCOR Youth Compendium
39,squat,270,5.0,54.0,8.5,estimated_synthetic,Nakagata et al. 2022 (21–29; 1–6 reps/min)
27,push-up,208,8.0,26.0,8.5,estimated_synthetic,Nakagata et al. 2022 + NCCOR Youth Compendium
31,crunch,360,10.0,36.0,3.48,estimated_synthetic,Nakagata et al. 2019 + NCCOR Youth Compendium curl-ups
63,jumping_jack,600,10.0,60.0,5.97,estimated_synthetic,NCCOR Youth Compendium
59,squat,102,2.0,51.0,8.5,estimated_synthetic,Nakagata et al. 2022 (21–29; 1–6 reps/min)
62,push-up,290,10.0,29.0,7.63,estimated_synthetic,Nakagata et al. 2022 + NCCOR Youth Compendium
67,crunch,60,1.0,60.0,3.46,estimated_synthetic,Nakagata et al. 2019 + NCCOR Youth Compendium curl-ups
38,jumping_jack,84,2.0,42.0,5.19,estimated_synthetic,NCCOR Youth Compendium
42,squat,18,1.0,18.0,8.5,estimated_synthetic,Nakagata et al. 2022 (21–29; 1–6 reps/min)
54,push-up,81,3.0,27.0,8.5,estimated_synthetic,Nakagata et al. 2022 + NCCOR Youth Compendium
28,crunch,208,8.0,26.0,3.28,estimated_synthetic,Nakagata et al. 2019 + NCCOR Youth Compendium curl-ups
20,jumping_jack,132,3.0,44.0,5.45,estimated_synthetic,NCCOR Youth Compendium
34,squat,184,8.0,23.0,8.5,estimated_synthetic,Nakagata et al. 2022 (21–29; 1–6 reps/min)
55,push-up,35,1.0,35.0,8.5,estimated_synthetic,Nakagata et al. 2022 + NCCOR Youth Compendium
16,crunch,510,10.0,51.0,3.45,estimated_synthetic,Nakagata et al. 2019 + NCCOR Youth Compendium curl-ups
47,jumping_jack,46,1.0,46.0,5.12,estimated_synthetic,NCCOR Youth Compendium
63,squat,290,10.0,29.0,8.5,estimated_synthetic,Nakagata et al. 2022 (21–29; 1–6 reps/min)
25,push-up,370,10.0,37.0,8.5,estimated_synthetic,Nakagata et al. 2022 + NCCOR Youth Compendium
24,crunch,81,3.0,27.0,3.47,estimated_synthetic,Nakagata et al. 2019 + NCCOR Youth Compendium curl-ups
59,jumping_jack,14,0.5,28.0,4.55,estimated_synthetic,NCCOR Youth Compendium
51,squat,31,1.0,31.0,8.5,estimated_synthetic,Nakagata et al. 2022 (21–29; 1–6 reps/min)
44,push-up,32,1.0,32.0,8.5,estimated_synthetic,Nakagata et al. 2022 + NCCOR Youth Compendium
24,crunch,65,5.0,13.0,2.78,estimated_synthetic,Nakagata et al. 2019 + NCCOR Youth Compendium curl-ups
51,jumping_jack,3,1.0,3.0,3.93,estimated_synthetic,NCCOR Youth Compendium
64,squat,590,10.0,59.0,8.5,estimated_synthetic,Nakagata et al. 2022 (21–29; 1–6 reps/min)
66,push-up,36,2.0,18.0,5.91,estimated_synthetic,Nakagata et al. 2022 + NCCOR Youth Compendium
36,crunch,120,5.0,24.0,3.24,estimated_synthetic,Nakagata et al. 2019 + NCCOR Youth Compendium curl-ups
34,jumping_jack,13,0.5,26.0,4.63,estimated_synthetic,NCCOR Youth Compendium
50,squat,30,1.5,20.0,8.5,estimated_synthetic,Nakagata et al. 2022 (21–29; 1–6 reps/min)
24,push-up,50,1.5,33.33,8.5,estimated_synthetic,Nakagata et al. 2022 + NCCOR Youth Compendium
53,crunch,18,3.0,6.0,2.51,estimated_synthetic,Nakagata et al. 2019 + NCCOR Youth Compendium curl-ups
42,jumping_jack,87,1.5,58.0,5.79,estimated_synthetic,NCCOR Youth Compendium
37,squat,170,10.0,17.0,8.5,estimated_synthetic,Nakagata et al. 2022 (21–29; 1–6 reps/min)
54,push-up,12,0.5,24.0,8.12,estimated_synthetic,Nakagata et al. 2022 + NCCOR Youth Compendium
64,crunch,17,0.5,34.0,3.53,estimated_synthetic,Nakagata et al. 2019 + NCCOR Youth Compendium curl-ups
70,jumping_jack,260,10.0,26.0,4.62,estimated_synthetic,NCCOR Youth Compendium
17,squat,28,0.5,56.0,8.5,estimated_synthetic,Nakagata et al. 2022 (21–29; 1–6 reps/min)
24,push-up,96,3.0,32.0,8.5,estimated_synthetic,Nakagata et al. 2022 + NCCOR Youth Compendium
67,crunch,295,5.0,59.0,3.46,estimated_synthetic,Nakagata et al. 2019 + NCCOR Youth Compendium curl-ups
48,jumping_jack,48,8.0,6.0,4.12,estimated_synthetic,NCCOR Youth Compendium
65,squat,280,5.0,56.0,8.5,estimated_synthetic,Nakagata et al. 2022 (21–29; 1–6 reps/min)
30,push-up,22,1.5,14.67,6.68,estimated_synthetic,Nakagata et al. 2022 + NCCOR Youth Compendium
23,crunch,147,3.0,49.0,3.46,estimated_synthetic,Nakagata et al. 2019 + NCCOR Youth Compendium curl-ups
22,jumping_jack,45,5.0,9.0,4.11,estimated_synthetic,NCCOR Youth Compendium
28,squat,78,1.5,52.0,8.5,estimated_synthetic,Nakagata et al. 2022 (21–29; 1–6 reps/min)
25,push-up,200,10.0,20.0,7.74,estimated_synthetic,Nakagata et al. 2022 + NCCOR Youth Compendium
58,crunch,40,1.0,40.0,3.66,estimated_synthetic,Nakagata et al. 2019 + NCCOR Youth Compendium curl-ups
35,jumping_jack,144,3.0,48.0,5.65,estimated_synthetic,NCCOR Youth Compendium
44,squat,250,5.0,50.0,8.5,estimated_synthetic,Nakagata et al. 2022 (21–29; 1–6 reps/min)
41,push-up,360,10.0,36.0,8.5,estimated_synthetic,Nakagata et al. 2022 + NCCOR Youth Compendium
40,crunch,205,5.0,41.0,3.49,estimated_synthetic,Nakagata et al. 2019 + NCCOR Youth Compendium curl-ups
60,jumping_jack,300,5.0,60.0,5.84,estimated_synthetic,NCCOR Youth Compendium
15,squat,52,1.0,52.0,8.5,estimated_synthetic,Nakagata et al. 2022 (21–29; 1–6 reps/min)
59,push-up,102,3.0,34.0,8.5,estimated_synthetic,Nakagata et al. 2022 + NCCOR Youth Compendium
31,crunch,184,8.0,23.0,3.46,estimated_synthetic,Nakagata et al. 2019 + NCCOR Youth Compendium curl-ups
49,jumping_jack,15,3.0,5.0,3.79,estimated_synthetic,NCCOR Youth Compendium
37,squat,550,10.0,55.0,8.5,estimated_synthetic,Nakagata et al. 2022 (21–29; 1–6 reps/min)
54,push-up,432,8.0,54.0,8.5,estimated_synthetic,Nakagata et al. 2022 + NCCOR Youth Compendium
67,crunch,45,3.0,15.0,2.93,estimated_synthetic,Nakagata et al. 2019 + NCCOR Youth Compendium curl-ups
16,jumping_jack,6,1.0,6.0,4.09,estimated_synthetic,NCCOR Youth Compendium
33,squat,120,5.0,24.0,8.5,estimated_synthetic,Nakagata et al. 2022 (21–29; 1–6 reps/min)
66,push-up,78,1.5,52.0,8.5,estimated_synthetic,Nakagata et al. 2022 + NCCOR Youth Compendium
34,crunch,28,0.5,56.0,3.27,estimated_synthetic,Nakagata et al. 2019 + NCCOR Youth Compendium curl-ups
28,jumping_jack,46,1.0,46.0,5.33,estimated_synthetic,NCCOR Youth Compendium
34,squat,170,5.0,34.0,8.5,estimated_synthetic,Nakagata et al. 2022 (21–29; 1–6 reps/min)
49,push-up,44,1.0,44.0,8.5,estimated_synthetic,Nakagata et al. 2022 + NCCOR Youth Compendium
55,crunch,47,1.0,47.0,3.44,estimated_synthetic,Nakagata et al. 2019 + NCCOR Youth Compendium curl-ups
22,jumping_jack,55,1.0,55.0,5.76,estimated_synthetic,NCCOR Youth Compendium
67,squat,11,0.5,22.0,8.5,estimated_synthetic,Nakagata et al. 2022 (21–29; 1–6 reps/min)
47,push-up,24,1.0,24.0,8.32,estimated_synthetic,Nakagata et al. 2022 + NCCOR Youth Compendium
22,crunch,392,8.0,49.0,3.42,estimated_synthetic,Nakagata et al. 2019 + NCCOR Youth Compendium curl-ups
23,jumping_jack,300,5.0,60.0,5.8,estimated_synthetic,NCCOR Youth Compendium
16,squat,19,0.5,38.0,8.5,estimated_synthetic,Nakagata et al. 2022 (21–29; 1–6 reps/min)
65,push-up,29,1.0,29.0,7.69,estimated_synthetic,Nakagata et al. 2022 + NCCOR Youth Compendium
21,crunch,560,10.0,56.0,3.36,estimated_synthetic,Nakagata et al. 2019 + NCCOR Youth Compendium curl-ups
41,jumping_jack,232,8.0,29.0,4.65,estimated_synthetic,NCCOR Youth Compendium
60,squat,376,8.0,47.0,8.5,estimated_synthetic,Nakagata et al. 2022 (21–29; 1–6 reps/min)
22,push-up,25,1.0,25.0,8.45,estimated_synthetic,Nakagata et al. 2022 + NCCOR Youth Compendium
21,crunch,88,2.0,44.0,3.32,estimated_synthetic,Nakagata et al. 2019 + NCCOR Youth Compendium curl-ups
49,jumping_jack,39,3.0,13.0,4.7,estimated_synthetic,NCCOR Youth Compendium
16,squat,40,10.0,4.0,2.99,estimated_synthetic,Nakagata et al. 2022 (21–29; 1–6 reps/min)
40,push-up,5,1.0,5.0,4.61,estimated_synthetic,Nakagata et al. 2022 + NCCOR Youth Compendium
42,crunch,118,2.0,59.0,3.56,estimated_synthetic,Nakagata et al. 2019 + NCCOR Youth Compendium curl-ups
67,jumping_jack,69,3.0,23.0,4.7,estimated_synthetic,NCCOR Youth Compendium
36,squat,22,2.0,11.0,6.76,estimated_synthetic,Nakagata et al. 2022 (21–29; 1–6 reps/min)
30,push-up,45,3.0,15.0,6.52,estimated_synthetic,Nakagata et al. 2022 + NCCOR Youth Compendium
39,crunch,28,1.5,18.67,3.24,estimated_synthetic,Nakagata et al. 2019 + NCCOR Youth Compendium curl-ups
51,jumping_jack,550,10.0,55.0,5.7,estimated_synthetic,NCCOR Youth Compendium
69,squat,8,2.0,4.0,3.12,estimated_synthetic,Nakagata et al. 2022 (21–29; 1–6 reps/min)
22,push-up,34,1.0,34.0,8.5,estimated_synthetic,Nakagata et al. 2022 + NCCOR Youth Compendium
50,crunch,160,10.0,16.0,3.13,estimated_synthetic,Nakagata et al. 2019 + NCCOR Youth Compendium curl-ups
18,jumping_jack,170,5.0,34.0,4.73,estimated_synthetic,NCCOR Youth Compendium
56,squat,70,2.0,35.0,8.5,estimated_synthetic,Nakagata et al. 2022 (21–29; 1–6 reps/min)
29,push-up,2,0.5,4.0,3.94,estimated_synthetic,Nakagata et al. 2022 + NCCOR Youth Compendium
47,crunch,430,10.0,43.0,3.44,estimated_synthetic,Nakagata et al. 2019 + NCCOR Youth Compendium curl-ups
47,jumping_jack,250,10.0,25.0,4.72,estimated_synthetic,NCCOR Youth Compendium
29,squat,3,1.0,3.0,2.43,estimated_synthetic,Nakagata et al. 2022 (21–29; 1–6 reps/min)
30,push-up,90,3.0,30.0,8.5,estimated_synthetic,Nakagata et al. 2022 + NCCOR Youth Compendium
54,crunch,230,10.0,23.0,3.34,estimated_synthetic,Nakagata et al. 2019 + NCCOR Youth Compendium curl-ups
61,jumping_jack,8,1.0,8.0,3.89,estimated_synthetic,NCCOR Youth Compendium
61,squat,224,8.0,28.0,8.5,estimated_synthetic,Nakagata et al. 2022 (21–29; 1–6 reps/min)
66,push-up,40,2.0,20.0,6.18,estimated_synthetic,Nakagata et al. 2022 + NCCOR Youth Compendium
63,crunch,21,3.0,7.0,2.46,estimated_synthetic,Nakagata et al. 2019 + NCCOR Youth Compendium curl-ups
61,jumping_jack,55,5.0,11.0,3.98,estimated_synthetic,NCCOR Youth Compendium
68,squat,270,10.0,27.0,8.5,estimated_synthetic,Nakagata et al. 2022 (21–29; 1–6 reps/min)
38,push-up,69,3.0,23.0,8.11,estimated_synthetic,Nakagata et al. 2022 + NCCOR Youth Compendium
50,crunch,140,10.0,14.0,3.07,estimated_synthetic,Nakagata et al. 2019 + NCCOR Youth Compendium curl-ups
18,jumping_jack,48,1.0,48.0,5.33,estimated_synthetic,NCCOR Youth Compendium
58,squat,30,1.0,30.0,8.5,estimated_synthetic,Nakagata et al. 2022 (21–29; 1–6 reps/min)
16,push-up,180,10.0,18.0,6.75,estimated_synthetic,Nakagata et al. 2022 + NCCOR Youth Compendium
22,crunch,16,1.0,16.0,2.9,estimated_synthetic,Nakagata et al. 2019 + NCCOR Youth Compendium curl-ups
56,jumping_jack,550,10.0,55.0,5.66,estimated_synthetic,NCCOR Youth Compendium
51,squat,57,1.5,38.0,8.5,estimated_synthetic,Nakagata et al. 2022 (21–29; 1–6 reps/min)
70,push-up,340,10.0,34.0,8.39,estimated_synthetic,Nakagata et al. 2022 + NCCOR Youth Compendium
24,crunch,69,1.5,46.0,3.32,estimated_synthetic,Nakagata et al. 2019 + NCCOR Youth Compendium curl-ups
43,jumping_jack,24,8.0,3.0,3.67,estimated_synthetic,NCCOR Youth Compendium
56,squat,165,3.0,55.0,8.5,estimated_synthetic,Nakagata et al. 2022 (21–29; 1–6 reps/min)
47,push-up,376,8.0,47.0,8.5,estimated_synthetic,Nakagata et al. 2022 + NCCOR Youth Compendium
55,crunch,6,0.5,12.0,2.86,estimated_synthetic,Nakagata et al. 2019 + NCCOR Youth Compendium curl-ups
48,jumping_jack,76,1.5,50.67,5.77,estimated_synthetic,NCCOR Youth Compendium
21,squat,440,10.0,44.0,8.5,estimated_synthetic,Nakagata et al. 2022 (21–29; 1–6 reps/min)
40,push-up,9,1.0,9.0,5.19,estimated_synthetic,Nakagata et al. 2022 + NCCOR Youth Compendium
22,crunch,64,1.5,42.67,3.29,estimated_synthetic,Nakagata et al. 2019 + NCCOR Youth Compendium curl-ups
42,jumping_jack,26,2.0,13.0,4.01,estimated_synthetic,NCCOR Youth Compendium
45,squat,20,1.0,20.0,8.5,estimated_synthetic,Nakagata et al. 2022 (21–29; 1–6 reps/min)
48,push-up,510,10.0,51.0,8.5,estimated_synthetic,Nakagata et al. 2022 + NCCOR Youth Compendium
56,crunch,200,5.0,40.0,3.41,estimated_synthetic,Nakagata et al. 2019 + NCCOR Youth Compendium curl-ups
22,jumping_jack,56,2.0,28.0,4.98,estimated_synthetic,NCCOR Youth Compendium
41,squat,12,1.5,8.0,4.8,estimated_synthetic,Nakagata et al. 2022 (21–29; 1–6 reps/min)
27,push-up,108,2.0,54.0,8.5,estimated_synthetic,Nakagata et al. 2022 + NCCOR Youth Compendium
62,crunch,225,5.0,45.0,3.46,estimated_synthetic,Nakagata et al. 2019 + NCCOR Youth Compendium curl-ups
23,jumping_jack,200,5.0,40.0,5.07,estimated_synthetic,NCCOR Youth Compendium
35,squat,56,1.5,37.33,8.5,estimated_synthetic,Nakagata et al. 2022 (21–29; 1–6 reps/min)
41,push-up,48,3.0,16.0,6.76,estimated_synthetic,Nakagata et al. 2022 + NCCOR Youth Compendium
29,crunch,16,2.0,8.0,2.43,estimated_synthetic,Nakagata et al. 2019 + NCCOR Youth Compendium curl-ups
48,jumping_jack,51,1.5,34.0,4.79,estimated_synthetic,NCCOR Youth Compendium
49,squat,416,8.0,52.0,8.5,estimated_synthetic,Nakagata et al. 2022 (21–29; 1–6 reps/min)
21,push-up,90,3.0,30.0,8.5,estimated_synthetic,Nakagata et al. 2022 + NCCOR Youth Compendium
56,crunch,18,0.5,36.0,3.52,estimated_synthetic,Nakagata et al. 2019 + NCCOR Youth Compendium curl-ups
65,jumping_jack,4,1.5,2.67,3.61,estimated_synthetic,NCCOR Youth Compendium
15,squat,57,1.0,57.0,8.5,estimated_synthetic,Nakagata et al. 2022 (21–29; 1–6 reps/min)
58,push-up,20,1.5,13.33,6.29,estimated_synthetic,Nakagata et al. 2022 + NCCOR Youth Compendium
35,crunch,75,1.5,50.0,3.38,estimated_synthetic,Nakagata et al. 2019 + NCCOR Youth Compendium curl-ups
40,jumping_jack,66,2.0,33.0,4.78,estimated_synthetic,NCCOR Youth Compendium
39,squat,34,1.5,22.67,8.5,estimated_synthetic,Nakagata et al. 2022 (21–29; 1–6 reps/min)
38,push-up,96,3.0,32.0,8.5,estimated_synthetic,Nakagata et al. 2022 + NCCOR Youth Compendium
24,crunch,192,8.0,24.0,3.34,estimated_synthetic,Nakagata et al. 2019 + NCCOR Youth Compendium curl-ups
31,jumping_jack,36,2.0,18.0,4.37,estimated_synthetic,NCCOR Youth Compendium
41,squat,10,1.0,10.0,5.92,estimated_synthetic,Nakagata et al. 2022 (21–29; 1–6 reps/min)
16,push-up,120,2.0,60.0,8.5,estimated_synthetic,Nakagata et al. 2022 + NCCOR Youth Compendium
20,crunch,2,0.5,4.0,2.25,estimated_synthetic,Nakagata et al. 2019 + NCCOR Youth Compendium curl-ups
65,jumping_jack,220,10.0,22.0,4.52,estimated_synthetic,NCCOR Youth Compendium
45,squat,150,5.0,30.0,8.5,estimated_synthetic,Nakagata et al. 2022 (21–29; 1–6 reps/min)
16,push-up,135,3.0,45.0,8.5,estimated_synthetic,Nakagata et al. 2022 + NCCOR Youth Compendium
35,crunch,120,2.0,60.0,3.14,estimated_synthetic,Nakagata et al. 2019 + NCCOR Youth Compendium curl-ups
44,jumping_jack,87,1.5,58.0,6.0,estimated_synthetic,NCCOR Youth Compendium
56,squat,12,3.0,4.0,3.04,estimated_synthetic,Nakagata et al. 2022 (21–29; 1–6 reps/min)
47,push-up,170,5.0,34.0,8.5,estimated_synthetic,Nakagata et al. 2022 + NCCOR Youth Compendium
52,crunch,150,5.0,30.0,3.41,estimated_synthetic,Nakagata et al. 2019 + NCCOR Youth Compendium curl-ups
55,jumping_jack,26,0.5,52.0,5.52,estimated_synthetic,NCCOR Youth Compendium
66,squat,58,1.5,38.67,8.5,estimated_synthetic,Nakagata et al. 2022 (21–29; 1–6 reps/min)
16,push-up,69,3.0,23.0,7.58,estimated_synthetic,Nakagata et al. 2022 + NCCOR Youth Compendium
67,crunch,19,1.0,19.0,3.12,estimated_synthetic,Nakagata et al. 2019 + NCCOR Youth Compendium curl-ups
25,jumping_jack,144,3.0,48.0,5.4,estimated_synthetic,NCCOR Youth Compendium
55,squat,110,2.0,55.0,8.5,estimated_synthetic,Nakagata et al. 2022 (21–29; 1–6 reps/min)
24,push-up,64,8.0,8.0,5.06,estimated_synthetic,Nakagata et al. 2022 + NCCOR Youth Compendium
53,crunch,8,0.5,16.0,3.2,estimated_synthetic,Nakagata et al. 2019 + NCCOR Youth Compendium curl-ups
33,jumping_jack,96,3.0,32.0,4.55,estimated_synthetic,NCCOR Youth Compendium
21,squat,14,1.0,14.0,8.4,estimated_synthetic,Nakagata et al. 2022 (21–29; 1–6 reps/min)
30,push-up,125,5.0,25.0,8.46,estimated_synthetic,Nakagata et al. 2022 + NCCOR Youth Compendium
29,crunch,300,10.0,30.0,3.34,estimated_synthetic,Nakagata et al. 2019 + NCCOR Youth Compendium curl-ups
45,jumping_jack,66,2.0,33.0,4.84,estimated_synthetic,NCCOR Youth Compendium
30,squat,21,0.5,42.0,8.5,estimated_synthetic,Nakagata et al. 2022 (21–29; 1–6 reps/min)
15,push-up,123,3.0,41.0,8.5,estimated_synthetic,Nakagata et al. 2022 + NCCOR Youth Compendium
50,crunch,39,1.0,39.0,3.47,estimated_synthetic,Nakagata et al. 2019 + NCCOR Youth Compendium curl-ups
53,jumping_jack,10,0.5,20.0,4.24,estimated_synthetic,NCCOR Youth Compendium
49,squat,136,8.0,17.0,8.5,estimated_synthetic,Nakagata et al. 2022 (21–29; 1–6 reps/min)
65,push-up,10,0.5,20.0,6.08,estimated_synthetic,Nakagata et al. 2022 + NCCOR Youth Compendium
17,crunch,16,2.0,8.0,2.57,estimated_synthetic,Nakagata et al. 2019 + NCCOR Youth Compendium curl-ups
31,jumping_jack,50,10.0,5.0,3.94,estimated_synthetic,NCCOR Youth Compendium
22,squat,260,10.0,26.0,8.5,estimated_synthetic,Nakagata et al. 2022 (21–29; 1–6 reps/min)
69,push-up,58,1.0,58.0,8.5,estimated_synthetic,Nakagata et al. 2022 + NCCOR Youth Compendium
27,crunch,4,1.5,2.67,2.14,estimated_synthetic,Nakagata et al. 2019 + NCCOR Youth Compendium curl-ups
15,jumping_jack,165,3.0,55.0,5.46,estimated_synthetic,NCCOR Youth Compendium
55,squat,25,0.5,50.0,8.5,estimated_synthetic,Nakagata et al. 2022 (21–29; 1–6 reps/min)
35,push-up,36,3.0,12.0,6.01,estimated_synthetic,Nakagata et al. 2022 + NCCOR Youth Compendium
37,crunch,174,3.0,58.0,3.42,estimated_synthetic,Nakagata et al. 2019 + NCCOR Youth Compendium curl-ups
36,jumping_jack,180,3.0,60.0,5.63,estimated_synthetic,NCCOR Youth Compendium
33,squat,10,2.0,5.0,3.07,estimated_synthetic,Nakagata et al. 2022 (21–29; 1–6 reps/min)
35,push-up,500,10.0,50.0,8.5,estimated_synthetic,Nakagata et al. 2022 + NCCOR Youth Compendium
27,crunch,171,3.0,57.0,3.48,estimated_synthetic,Nakagata et al. 2019 + NCCOR Youth Compendium curl-ups
64,jumping_jack,129,3.0,43.0,5.18,estimated_synthetic,NCCOR Youth Compendium
37,squat,15,3.0,5.0,2.97,estimated_synthetic,Nakagata et al. 2022 (21–29; 1–6 reps/min)
70,push-up,16,0.5,32.0,8.01,estimated_synthetic,Nakagata et al. 2022 + NCCOR Youth Compendium
39,crunch,30,10.0,3.0,2.3,estimated_synthetic,Nakagata et al. 2019 + NCCOR Youth Compendium curl-ups
70,jumping_jack,6,1.0,6.0,4.04,estimated_synthetic,NCCOR Youth Compendium
58,squat,270,10.0,27.0,8.5,estimated_synthetic,Nakagata et al. 2022 (21–29; 1–6 reps/min)
58,push-up,20,0.5,40.0,8.5,estimated_synthetic,Nakagata et al. 2022 + NCCOR Youth Compendium
30,crunch,106,2.0,53.0,3.33,estimated_synthetic,Nakagata et al. 2019 + NCCOR Youth Compendium curl-ups
60,jumping_jack,126,3.0,42.0,5.44,estimated_synthetic,NCCOR Youth Compendium
68,squat,272,8.0,34.0,8.5,estimated_synthetic,Nakagata et al. 2022 (21–29; 1–6 reps/min)
32,push-up,18,2.0,9.0,5.31,estimated_synthetic,Nakagata et al. 2022 + NCCOR Youth Compendium
70,crunch,44,2.0,22.0,3.31,estimated_synthetic,Nakagata et al. 2019 + NCCOR Youth Compendium curl-ups
18,jumping_jack,165,3.0,55.0,5.75,estimated_synthetic,NCCOR Youth Compendium
36,squat,248,8.0,31.0,8.5,estimated_synthetic,Nakagata et al. 2022 (21–29; 1–6 reps/min)
43,push-up,540,10.0,54.0,8.5,estimated_synthetic,Nakagata et al. 2022 + NCCOR Youth Compendium
35,crunch,22,0.5,44.0,3.17,estimated_synthetic,Nakagata et al. 2019 + NCCOR Youth Compendium curl-ups
15,jumping_jack,464,8.0,58.0,5.79,estimated_synthetic,NCCOR Youth Compendium
42,squat,12,1.5,8.0,4.93,estimated_synthetic,Nakagata et al. 2022 (21–29; 1–6 reps/min)
16,push-up,10,0.5,20.0,7.09,estimated_synthetic,Nakagata et al. 2022 + NCCOR Youth Compendium
56,crunch,35,5.0,7.0,2.56,estimated_synthetic,Nakagata et al. 2019 + NCCOR Youth Compendium curl-ups
29,jumping_jack,38,1.5,25.33,4.79,estimated_synthetic,NCCOR Youth Compendium
69,squat,215,5.0,43.0,8.5,estimated_synthetic,Nakagata et al. 2022 (21–29; 1–6 reps/min)
60,push-up,66,2.0,33.0,8.2,estimated_synthetic,Nakagata et al. 2022 + NCCOR Youth Compendium
41,crunch,14,1.0,14.0,3.02,estimated_synthetic,Nakagata et al. 2019 + NCCOR Youth Compendium curl-ups
57,jumping_jack,480,10.0,48.0,5.49,estimated_synthetic,NCCOR Youth Compendium
39,squat,144,3.0,48.0,8.5,estimated_synthetic,Nakagata et al. 2022 (21–29; 1–6 reps/min)
38,push-up,400,10.0,40.0,8.5,estimated_synthetic,Nakagata et al. 2022 + NCCOR Youth Compendium
41,crunch,38,1.0,38.0,3.34,estimated_synthetic,Nakagata et al. 2019 + NCCOR Youth Compendium curl-ups
40,jumping_jack,48,2.0,24.0,4.57,estimated_synthetic,NCCOR Youth Compendium
50,squat,99,3.0,33.0,8.5,estimated_synthetic,Nakagata et al. 2022 (21–29; 1–6 reps/min)
70,push-up,456,8.0,57.0,8.5,estimated_synthetic,Nakagata et al. 2022 + NCCOR Youth Compendium
34,crunch,12,2.0,6.0,2.44,estimated_synthetic,Nakagata et al. 2019 + NCCOR Youth Compendium curl-ups
44,jumping_jack,174,3.0,58.0,5.75,estimated_synthetic,NCCOR Youth Compendium
44,squat,250,10.0,25.0,8.5,estimated_synthetic,Nakagata et al. 2022 (21–29; 1–6 reps/min)
70,push-up,87,3.0,29.0,7.62,estimated_synthetic,Nakagata et al. 2022 + NCCOR Youth Compendium
59,crunch,22,0.5,44.0,3.22,estimated_synthetic,Nakagata et al. 2019 + NCCOR Youth Compendium curl-ups
61,jumping_jack,63,1.5,42.0,4.89,estimated_synthetic,NCCOR Youth Compendium
37,squat,8,1.5,5.33,3.24,estimated_synthetic,Nakagata et al. 2022 (21–29; 1–6 reps/min)
16,push-up,78,3.0,26.0,8.15,estimated_synthetic,Nakagata et al. 2022 + NCCOR Youth Compendium
37,crunch,20,1.0,20.0,3.23,estimated_synthetic,Nakagata et al. 2019 + NCCOR Youth Compendium curl-ups
47,jumping_jack,255,5.0,51.0,5.68,estimated_synthetic,NCCOR Youth Compendium
28,squat,174,3.0,58.0,8.5,estimated_synthetic,Nakagata et al. 2022 (21–29; 1–6 reps/min)
23,push-up,350,10.0,35.0,8.5,estimated_synthetic,Nakagata et al. 2022 + NCCOR Youth Compendium
16,crunch,94,2.0,47.0,3.44,estimated_synthetic,Nakagata et al. 2019 + NCCOR Youth Compendium curl-ups
43,jumping_jack,145,5.0,29.0,4.37,estimated_synthetic,NCCOR Youth Compendium
33,squat,15,5.0,3.0,2.45,estimated_synthetic,Nakagata et al. 2022 (21–29; 1–6 reps/min)
39,push-up,135,5.0,27.0,8.5,estimated_synthetic,Nakagata et al. 2022 + NCCOR Youth Compendium
26,crunch,70,1.5,46.67,3.46,estimated_synthetic,Nakagata et al. 2019 + NCCOR Youth Compendium curl-ups
17,jumping_jack,51,1.0,51.0,5.49,estimated_synthetic,NCCOR Youth Compendium
40,squat,54,2.0,27.0,8.5,estimated_synthetic,Nakagata et al. 2022 (21–29; 1–6 reps/min)
25,push-up,9,1.5,6.0,4.75,estimated_synthetic,Nakagata et al. 2022 + NCCOR Youth Compendium
59,crunch,464,8.0,58.0,3.27,estimated_synthetic,Nakagata et al. 2019 + NCCOR Youth Compendium curl-ups
37,jumping_jack,27,1.5,18.0,4.23,estimated_synthetic,NCCOR Youth Compendium
35,squat,48,1.0,48.0,8.5,estimated_synthetic,Nakagata et al. 2022 (21–29; 1–6 reps/min)
51,push-up,22,1.0,22.0,8.09,estimated_synthetic,Nakagata et al. 2022 + NCCOR Youth Compendium
18,crunch,264,8.0,33.0,3.48,estimated_synthetic,Nakagata et al. 2019 + NCCOR Youth Compendium curl-ups
37,jumping_jack,14,0.5,28.0,4.77,estimated_synthetic,NCCOR Youth Compendium
17,squat,68,2.0,34.0,8.5,estimated_synthetic,Nakagata et al. 2022 (21–29; 1–6 reps/min)
43,push-up,150,3.0,50.0,8.5,estimated_synthetic,Nakagata et al. 2022 + NCCOR Youth Compendium
27,crunch,344,8.0,43.0,3.35,estimated_synthetic,Nakagata et al. 2019 + NCCOR Youth Compendium curl-ups
47,jumping_jack,320,8.0,40.0,5.21,estimated_synthetic,NCCOR Youth Compendium
46,squat,224,8.0,28.0,8.5,estimated_synthetic,Nakagata et al. 2022 (21–29; 1–6 reps/min)
62,push-up,55,1.0,55.0,8.5,estimated_synthetic,Nakagata et al. 2022 + NCCOR Youth Compendium
66,crunch,10,2.0,5.0,2.53,estimated_synthetic,Nakagata et al. 2019 + NCCOR Youth Compendium curl-ups
65,jumping_jack,12,3.0,4.0,3.5,estimated_synthetic,NCCOR Youth Compendium
40,squat,153,3.0,51.0,8.5,estimated_synthetic,Nakagata et al. 2022 (21–29; 1–6 reps/min)
34,push-up,85,5.0,17.0,6.88,estimated_synthetic,Nakagata et al. 2022 + NCCOR Youth Compendium
41,crunch,100,5.0,20.0,3.43,estimated_synthetic,Nakagata et al. 2019 + NCCOR Youth Compendium curl-ups
15,jumping_jack,12,0.5,24.0,4.65,estimated_synthetic,NCCOR Youth Compendium
67,squat,140,5.0,28.0,8.5,estimated_synthetic,Nakagata et al. 2022 (21–29; 1–6 reps/min)
17,push-up,64,8.0,8.0,4.95,estimated_synthetic,Nakagata et al. 2022 + NCCOR Youth Compendium
32,crunch,265,5.0,53.0,3.28,estimated_synthetic,Nakagata et al. 2019 + NCCOR Youth Compendium curl-ups
38,jumping_jack,106,2.0,53.0,5.46,estimated_synthetic,NCCOR Youth Compendium
44,squat,35,5.0,7.0,4.26,estimated_synthetic,Nakagata et al. 2022 (21–29; 1–6 reps/min)
57,push-up,64,2.0,32.0,8.5,estimated_synthetic,Nakagata et al. 2022 + NCCOR Youth Compendium
29,crunch,104,2.0,52.0,3.36,estimated_synthetic,Nakagata et al. 2019 + NCCOR Youth Compendium curl-ups
69,jumping_jack,520,10.0,52.0,5.61,estimated_synthetic,NCCOR Youth Compendium
70,squat,24,1.0,24.0,8.5,estimated_synthetic,Nakagata et al. 2022 (21–29; 1–6 reps/min)
54,push-up,104,8.0,13.0,6.19,estimated_synthetic,Nakagata et al. 2022 + NCCOR Youth Compendium
63,crunch,60,5.0,12.0,3.0,estimated_synthetic,Nakagata et al. 2019 + NCCOR Youth Compendium curl-ups
56,jumping_jack,530,10.0,53.0,5.59,estimated_synthetic,NCCOR Youth Compendium
20,squat,88,1.5,58.67,8.5,estimated_synthetic,Nakagata et al. 2022 (21–29; 1–6 reps/min)
25,push-up,230,10.0,23.0,8.02,estimated_synthetic,Nakagata et al. 2022 + NCCOR Youth Compendium
21,crunch,46,1.0,46.0,3.37,estimated_synthetic,Nakagata et al. 2019 + NCCOR Youth Compendium curl-ups
53,jumping_jack,110,5.0,22.0,4.63,estimated_synthetic,NCCOR Youth Compendium
69,squat,24,0.5,48.0,8.5,estimated_synthetic,Nakagata et al. 2022 (21–29; 1–6 reps/min)
22,push-up,215,5.0,43.0,8.5,estimated_synthetic,Nakagata et al. 2022 + NCCOR Youth Compendium
60,crunch,102,3.0,34.0,3.38,estimated_synthetic,Nakagata et al. 2019 + NCCOR Youth Compendium curl-ups
32,jumping_jack,62,1.5,41.33,5.35,estimated_synthetic,NCCOR Youth Compendium
53,squat,88,2.0,44.0,8.5,estimated_synthetic,Nakagata et al. 2022 (21–29; 1–6 reps/min)
51,push-up,210,10.0,21.0,7.69,estimated_synthetic,Nakagata et al. 2022 + NCCOR Youth Compendium
46,crunch,380,10.0,38.0,3.36,estimated_synthetic,Nakagata et al. 2019 + NCCOR Youth Compendium curl-ups
26,jumping_jack,22,2.0,11.0,4.08,estimated_synthetic,NCCOR Youth Compendium
47,squat,12,1.0,12.0,7.22,estimated_synthetic,Nakagata et al. 2022 (21–29; 1–6 reps/min)
69,push-up,12,1.5,8.0,4.65,estimated_synthetic,Nakagata et al. 2022 + NCCOR Youth Compendium
33,crunch,84,3.0,28.0,3.39,estimated_synthetic,Nakagata et al. 2019 + NCCOR Youth Compendium curl-ups
33,jumping_jack,66,1.5,44.0,4.84,estimated_synthetic,NCCOR Youth Compendium
32,squat,84,1.5,56.0,8.5,estimated_synthetic,Nakagata et al. 2022 (21–29; 1–6 reps/min)
64,push-up,35,5.0,7.0,4.28,estimated_synthetic,Nakagata et al. 2022 + NCCOR Youth Compendium
52,crunch,2,0.5,4.0,2.34,estimated_synthetic,Nakagata et al. 2019 + NCCOR Youth Compendium curl-ups
30,jumping_jack,190,10.0,19.0,4.3,estimated_synthetic,NCCOR Youth Compendium
17,squat,85,5.0,17.0,8.5,estimated_synthetic,Nakagata et al. 2022 (21–29; 1–6 reps/min)
45,push-up,36,1.0,36.0,8.5,estimated_synthetic,Nakagata et al. 2022 + NCCOR Youth Compendium
17,crunch,74,1.5,49.33,3.49,estimated_synthetic,Nakagata et al. 2019 + NCCOR Youth Compendium curl-ups
59,jumping_jack,26,1.5,17.33,4.39,estimated_synthetic,NCCOR Youth Compendium
17,squat,230,5.0,46.0,8.5,estimated_synthetic,Nakagata et al. 2022 (21–29; 1–6 reps/min)
49,push-up,50,5.0,10.0,5.35,estimated_synthetic,Nakagata et al. 2022 + NCCOR Youth Compendium
32,crunch,28,0.5,56.0,3.36,estimated_synthetic,Nakagata et al. 2019 + NCCOR Youth Compendium curl-ups
25,jumping_jack,215,5.0,43.0,5.21,estimated_synthetic,NCCOR Youth Compendium
70,squat,30,0.5,60.0,8.5,estimated_synthetic,Nakagata et al. 2022 (21–29; 1–6 reps/min)
29,push-up,68,2.0,34.0,8.5,estimated_synthetic,Nakagata et al. 2022 + NCCOR Youth Compendium
17,crunch,25,5.0,5.0,2.43,estimated_synthetic,Nakagata et al. 2019 + NCCOR Youth Compendium curl-ups
58,jumping_jack,174,3.0,58.0,5.82,estimated_synthetic,NCCOR Youth Compendium
40,squat,4,0.5,8.0,4.97,estimated_synthetic,Nakagata et al. 2022 (21–29; 1–6 reps/min)
33,push-up,3,0.5,6.0,4.81,estimated_synthetic,Nakagata et al. 2022 + NCCOR Youth Compendium
59,crunch,36,1.5,24.0,3.35,estimated_synthetic,Nakagata et al. 2019 + NCCOR Youth Compendium curl-ups
27,jumping_jack,82,2.0,41.0,5.11,estimated_synthetic,NCCOR Youth Compendium
40,squat,270,10.0,27.0,8.5,estimated_synthetic,Nakagata et al. 2022 (21–29; 1–6 reps/min)
20,push-up,250,10.0,25.0,8.0,estimated_synthetic,Nakagata et al. 2022 + NCCOR Youth Compendium
41,crunch,39,3.0,13.0,2.82,estimated_synthetic,Nakagata et al. 2019 + NCCOR Youth Compendium curl-ups
19,jumping_jack,160,8.0,20.0,4.37,estimated_synthetic,NCCOR Youth Compendium
54,squat,147,3.0,49.0,8.5,estimated_synthetic,Nakagata et al. 2022 (21–29; 1–6 reps/min)
67,push-up,174,3.0,58.0,8.5,estimated_synthetic,Nakagata et al. 2022 + NCCOR Youth Compendium
36,crunch,174,3.0,58.0,3.39,estimated_synthetic,Nakagata et al. 2019 + NCCOR Youth Compendium curl-ups
61,jumping_jack,24,1.0,24.0,4.39,estimated_synthetic,NCCOR Youth Compendium
23,squat,43,1.0,43.0,8.5,estimated_synthetic,Nakagata et al. 2022 (21–29; 1–6 reps/min)
38,push-up,550,10.0,55.0,8.5,estimated_synthetic,Nakagata et al. 2022 + NCCOR Youth Compendium
55,crunch,340,10.0,34.0,3.46,estimated_synthetic,Nakagata et al. 2019 + NCCOR Youth Compendium curl-ups
17,jumping_jack,40,1.5,26.67,4.64,estimated_synthetic,NCCOR Youth Compendium
52,squat,104,2.0,52.0,8.5,estimated_synthetic,Nakagata et al. 2022 (21–29; 1–6 reps/min)
60,push-up,26,0.5,52.0,8.5,estimated_synthetic,Nakagata et al. 2022 + NCCOR Youth Compendium
30,crunch,44,1.0,44.0,3.4,estimated_synthetic,Nakagata et al. 2019 + NCCOR Youth Compendium curl-ups
39,jumping_jack,43,1.0,43.0,5.17,estimated_synthetic,NCCOR Youth Compendium
19,squat,144,3.0,48.0,8.5,estimated_synthetic,Nakagata et al. 2022 (21–29; 1–6 reps/min)
18,push-up,58,1.5,38.67,8.5,estimated_synthetic,Nakagata et al. 2022 + NCCOR Youth Compendium
22,crunch,47,1.0,47.0,3.27,estimated_synthetic,Nakagata et al. 2019 + NCCOR Youth Compendium curl-ups
27,jumping_jack,20,0.5,40.0,5.05,estimated_synthetic,NCCOR Youth Compendium
55,squat,10,1.5,6.67,4.12,estimated_synthetic,Nakagata et al. 2022 (21–29; 1–6 reps/min)
53,push-up,111,3.0,37.0,8.5,estimated_synthetic,Nakagata et al. 2022 + NCCOR Youth Compendium
56,crunch,30,10.0,3.0,2.33,estimated_synthetic,Nakagata et al. 2019 + NCCOR Youth Compendium curl-ups
38,jumping_jack,110,2.0,55.0,5.59,estimated_synthetic,NCCOR Youth Compendium
53,squat,57,3.0,19.0,8.5,estimated_synthetic,Nakagata et al. 2022 (21–29; 1–6 reps/min)
64,push-up,153,3.0,51.0,8.5,estimated_synthetic,Nakagata et al. 2022 + NCCOR Youth Compendium
36,crunch,40,1.5,26.67,3.46,estimated_synthetic,Nakagata et al. 2019 + NCCOR Youth Compendium curl-ups
29,jumping_jack,86,1.5,57.33,5.79,estimated_synthetic,NCCOR Youth Compendium
31,squat,28,1.5,18.67,8.5,estimated_synthetic,Nakagata et al. 2022 (21–29; 1–6 reps/min)
53,push-up,24,2.0,12.0,6.03,estimated_synthetic,Nakagata et al. 2022 + NCCOR Youth Compendium
52,crunch,108,3.0,36.0,3.66,estimated_synthetic,Nakagata et al. 2019 + NCCOR Youth Compendium curl-ups
62,jumping_jack,10,2.0,5.0,3.92,estimated_synthetic,NCCOR Youth Compendium
26,squat,31,1.0,31.0,8.5,estimated_synthetic,Nakagata et al. 2022 (21–29; 1–6 reps/min)
44,push-up,48,1.0,48.0,8.5,estimated_synthetic,Nakagata et al. 2022 + NCCOR Youth Compendium
60,crunch,256,8.0,32.0,3.38,estimated_synthetic,Nakagata et al. 2019 + NCCOR Youth Compendium curl-ups
68,jumping_jack,56,2.0,28.0,4.68,estimated_synthetic,NCCOR Youth Compendium
23,squat,290,10.0,29.0,8.5,estimated_synthetic,Nakagata et al. 2022 (21–29; 1–6 reps/min)
66,push-up,141,3.0,47.0,8.5,estimated_synthetic,Nakagata et al. 2022 + NCCOR Youth Compendium
60,crunch,410,10.0,41.0,3.34,estimated_synthetic,Nakagata et al. 2019 + NCCOR Youth Compendium curl-ups
68,jumping_jack,104,2.0,52.0,5.66,estimated_synthetic,NCCOR Youth Compendium
60,squat,180,10.0,18.0,8.5,estimated_synthetic,Nakagata et al. 2022 (21–29; 1–6 reps/min)
20,push-up,18,3.0,6.0,4.75,estimated_synthetic,Nakagata et al. 2022 + NCCOR Youth Compendium
34,crunch,31,1.0,31.0,3.26,estimated_synthetic,Nakagata et al. 2019 + NCCOR Youth Compendium curl-ups
41,jumping_jack,290,5.0,58.0,5.59,estimated_synthetic,NCCOR Youth Compendium
17,squat,580,10.0,58.0,8.5,estimated_synthetic,Nakagata et al. 2022 (21–29; 1–6 reps/min)
30,push-up,376,8.0,47.0,8.5,estimated_synthetic,Nakagata et al. 2022 + NCCOR Youth Compendium
38,crunch,45,3.0,15.0,2.94,estimated_synthetic,Nakagata et al. 2019 + NCCOR Youth Compendium curl-ups
60,jumping_jack,37,1.0,37.0,5.14,estimated_synthetic,NCCOR Youth Compendium
46,squat,35,5.0,7.0,4.44,estimated_synthetic,Nakagata et al. 2022 (21–29; 1–6 reps/min)
52,push-up,3,1.0,3.0,3.52,estimated_synthetic,Nakagata et al. 2022 + NCCOR Youth Compendium
43,crunch,104,8.0,13.0,2.77,estimated_synthetic,Nakagata et al. 2019 + NCCOR Youth Compendium curl-ups
54,jumping_jack,117,3.0,39.0,5.22,estimated_synthetic,NCCOR Youth Compendium
47,squat,28,1.5,18.67,8.5,estimated_synthetic,Nakagata et al. 2022 (21–29; 1–6 reps/min)
68,push-up,34,2.0,17.0,6.1,estimated_synthetic,Nakagata et al. 2022 + NCCOR Youth Compendium
55,crunch,110,2.0,55.0,3.52,estimated_synthetic,Nakagata et al. 2019 + NCCOR Youth Compendium curl-ups
55,jumping_jack,296,8.0,37.0,4.85,estimated_synthetic,NCCOR Youth Compendium
53,squat,16,1.5,10.67,6.48,estimated_synthetic,Nakagata et al. 2022 (21–29; 1–6 reps/min)
46,push-up,6,2.0,3.0,3.11,estimated_synthetic,Nakagata et al. 2022 + NCCOR Youth Compendium
58,crunch,10,2.0,5.0,2.49,estimated_synthetic,Nakagata et al. 2019 + NCCOR Youth Compendium curl-ups
42,jumping_jack,51,1.0,51.0,5.62,estimated_synthetic,NCCOR Youth Compendium
16,squat,74,2.0,37.0,8.5,estimated_synthetic,Nakagata et al. 2022 (21–29; 1–6 reps/min)
62,push-up,114,2.0,57.0,8.5,estimated_synthetic,Nakagata et al. 2022 + NCCOR Youth Compendium
53,crunch,80,5.0,16.0,3.02,estimated_synthetic,Nakagata et al. 2019 + NCCOR Youth Compendium curl-ups
69,jumping_jack,86,2.0,43.0,5.28,estimated_synthetic,NCCOR Youth Compendium
36,squat,464,8.0,58.0,8.5,estimated_synthetic,Nakagata et al. 2022 (21–29; 1–6 reps/min)
65,push-up,456,8.0,57.0,8.5,estimated_synthetic,Nakagata et al. 2022 + NCCOR Youth Compendium
16,crunch,75,3.0,25.0,3.28,estimated_synthetic,Nakagata et al. 2019 + NCCOR Youth Compendium curl-ups
32,jumping_jack,162,3.0,54.0,5.62,estimated_synthetic,NCCOR Youth Compendium
23,squat,13,1.0,13.0,7.89,estimated_synthetic,Nakagata et al. 2022 (21–29; 1–6 reps/min)
45,push-up,114,2.0,57.0,8.5,estimated_synthetic,Nakagata et al. 2022 + NCCOR Youth Compendium
17,crunch,28,1.0,28.0,3.4,estimated_synthetic,Nakagata et al. 2019 + NCCOR Youth Compendium curl-ups
38,jumping_jack,88,1.5,58.67,5.74,estimated_synthetic,NCCOR Youth Compendium
26,squat,177,3.0,59.0,8.5,estimated_synthetic,Nakagata et al. 2022 (21–29; 1–6 reps/min)
27,push-up,480,8.0,60.0,8.5,estimated_synthetic,Nakagata et al. 2022 + NCCOR Youth Compendium
57,crunch,24,0.5,48.0,3.28,estimated_synthetic,Nakagata et al. 2019 + NCCOR Youth Compendium curl-ups
28,jumping_jack,300,5.0,60.0,5.76,estimated_synthetic,NCCOR Youth Compendium
53,squat,63,3.0,21.0,8.5,estimated_synthetic,Nakagata et al. 2022 (21–29; 1–6 reps/min)
19,push-up,80,8.0,10.0,5.29,estimated_synthetic,Nakagata et al. 2022 + NCCOR Youth Compendium
64,crunch,150,10.0,15.0,3.17,estimated_synthetic,Nakagata et al. 2019 + NCCOR Youth Compendium curl-ups
24,jumping_jack,8,1.0,8.0,3.83,estimated_synthetic,NCCOR Youth Compendium
56,squat,4,0.5,8.0,5.1,estimated_synthetic,Nakagata et al. 2022 (21–29; 1–6 reps/min)
29,push-up,10,2.0,5.0,4.6,estimated_synthetic,Nakagata et al. 2022 + NCCOR Youth Compendium
39,crunch,26,0.5,52.0,3.33,estimated_synthetic,Nakagata et al. 2019 + NCCOR Youth Compendium curl-ups
44,jumping_jack,57,1.0,57.0,5.83,estimated_synthetic,NCCOR Youth Compendium
56,squat,29,1.0,29.0,8.5,estimated_synthetic,Nakagata et al. 2022 (21–29; 1–6 reps/min)
56,push-up,43,1.0,43.0,8.5,estimated_synthetic,Nakagata et al. 2022 + NCCOR Youth Compendium
57,crunch,87,1.5,58.0,3.29,estimated_synthetic,Nakagata et al. 2019 + NCCOR Youth Compendium curl-ups
62,jumping_jack,56,1.5,37.33,4.96,estimated_synthetic,NCCOR Youth Compendium
51,squat,82,1.5,54.67,8.5,estimated_synthetic,Nakagata et al. 2022 (21–29; 1–6 reps/min)
68,push-up,100,10.0,10.0,4.93,estimated_synthetic,Nakagata et al. 2022 + NCCOR Youth Compendium
27,crunch,147,3.0,49.0,3.36,estimated_synthetic,Nakagata et al. 2019 + NCCOR Youth Compendium curl-ups
33,jumping_jack,68,1.5,45.33,5.34,estimated_synthetic,NCCOR Youth Compendium
67,squat,168,3.0,56.0,8.5,estimated_synthetic,Nakagata et al. 2022 (21–29; 1–6 reps/min)
54,push-up,570,10.0,57.0,8.5,estimated_synthetic,Nakagata et al. 2022 + NCCOR Youth Compendium
38,crunch,96,2.0,48.0,3.51,estimated_synthetic,Nakagata et al. 2019 + NCCOR Youth Compendium curl-ups
54,jumping_jack,280,10.0,28.0,4.65,estimated_synthetic,NCCOR Youth Compendium
66,squat,30,10.0,3.0,2.8,estimated_synthetic,Nakagata et al. 2022 (21–29; 1–6 reps/min)
59,push-up,136,8.0,17.0,6.96,estimated_synthetic,Nakagata et al. 2022 + NCCOR Youth Compendium
31,crunch,21,3.0,7.0,2.51,estimated_synthetic,Nakagata et al. 2019 + NCCOR Youth Compendium curl-ups
17,jumping_jack,32,1.5,21.33,4.59,estimated_synthetic,NCCOR Youth Compendium
31,squat,33,1.5,22.0,8.5,estimated_synthetic,Nakagata et al. 2022 (21–29; 1–6 reps/min)
30,push-up,304,8.0,38.0,8.5,estimated_synthetic,Nakagata et al. 2022 + NCCOR Youth Compendium
66,crunch,88,1.5,58.67,3.36,estimated_synthetic,Nakagata et al. 2019 + NCCOR Youth Compendium curl-ups
26,jumping_jack,80,10.0,8.0,4.01,estimated_synthetic,NCCOR Youth Compendium
27,squat,126,3.0,42.0,8.5,estimated_synthetic,Nakagata et al. 2022 (21–29; 1–6 reps/min)
47,push-up,39,1.0,39.0,8.5,estimated_synthetic,Nakagata et al. 2022 + NCCOR Youth Compendium
29,crunch,312,8.0,39.0,3.54,estimated_synthetic,Nakagata et al. 2019 + NCCOR Youth Compendium curl-ups
27,jumping_jack,33,1.5,22.0,4.49,estimated_synthetic,NCCOR Youth Compendium
46,squat,42,3.0,14.0,8.5,estimated_synthetic,Nakagata et al. 2022 (21–29; 1–6 reps/min)
28,push-up,250,10.0,25.0,8.5,estimated_synthetic,Nakagata et al. 2022 + NCCOR Youth Compendium
59,crunch,170,5.0,34.0,3.56,estimated_synthetic,Nakagata et al. 2019 + NCCOR Youth Compendium curl-ups
69,jumping_jack,25,1.0,25.0,4.88,estimated_synthetic,NCCOR Youth Compendium
54,squat,80,5.0,16.0,8.5,estimated_synthetic,Nakagata et al. 2022 (21–29; 1–6 reps/min)
48,push-up,7,1.0,7.0,4.93,estimated_synthetic,Nakagata et al. 2022 + NCCOR Youth Compendium
53,crunch,80,5.0,16.0,3.1,estimated_synthetic,Nakagata et al. 2019 + NCCOR Youth Compendium curl-ups
47,jumping_jack,38,1.5,25.33,4.63,estimated_synthetic,NCCOR Youth Compendium
68,squat,432,8.0,54.0,8.5,estimated_synthetic,Nakagata et al. 2022 (21–29; 1–6 reps/min)
43,push-up,78,3.0,26.0,8.5,estimated_synthetic,Nakagata et al. 2022 + NCCOR Youth Compendium
69,crunch,62,1.5,41.33,3.26,estimated_synthetic,Nakagata et al. 2019 + NCCOR Youth Compendium curl-ups
38,jumping_jack,98,2.0,49.0,5.39,estimated_synthetic,NCCOR Youth Compendium
70,squat,40,8.0,5.0,3.29,estimated_synthetic,Nakagata et al. 2022 (21–29; 1–6 reps/min)
21,push-up,440,8.0,55.0,8.5,estimated_synthetic,Nakagata et al. 2022 + NCCOR Youth Compendium
55,crunch,144,3.0,48.0,3.52,estimated_synthetic,Nakagata et al. 2019 + NCCOR Youth Compendium curl-ups
26,jumping_jack,140,10.0,14.0,4.27,estimated_synthetic,NCCOR Youth Compendium
23,squat,520,10.0,52.0,8.5,estimated_synthetic,Nakagata et al. 2022 (21–29; 1–6 reps/min)
29,push-up,200,10.0,20.0,7.3,estimated_synthetic,Nakagata et al. 2022 + NCCOR Youth Compendium
55,crunch,82,2.0,41.0,3.41,estimated_synthetic,Nakagata et al. 2019 + NCCOR Youth Compendium curl-ups
33,jumping_jack,87,1.5,58.0,5.65,estimated_synthetic,NCCOR Youth Compendium
22,squat,460,10.0,46.0,8.5,estimated_synthetic,Nakagata et al. 2022 (21–29; 1–6 reps/min)
52,push-up,16,1.0,16.0,6.61,estimated_synthetic,Nakagata et al. 2022 + NCCOR Youth Compendium
55,crunch,96,8.0,12.0,2.89,estimated_synthetic,Nakagata et al. 2019 + NCCOR Youth Compendium curl-ups
47,jumping_jack,400,8.0,50.0,5.36,estimated_synthetic,NCCOR Youth Compendium
68,squat,176,8.0,22.0,8.5,estimated_synthetic,Nakagata et al. 2022 (21–29; 1–6 reps/min)
33,push-up,18,1.0,18.0,7.12,estimated_synthetic,Nakagata et al. 2022 + NCCOR Youth Compendium
60,crunch,60,5.0,12.0,2.87,estimated_synthetic,Nakagata et al. 2019 + NCCOR Youth Compendium curl-ups
24,jumping_jack,82,2.0,41.0,5.31,estimated_synthetic,NCCOR Youth Compendium
45,squat,38,1.0,38.0,8.5,estimated_synthetic,Nakagata et al. 2022 (21–29; 1–6 reps/min)
66,push-up,540,10.0,54.0,8.5,estimated_synthetic,Nakagata et al. 2022 + NCCOR Youth Compendium
70,crunch,210,10.0,21.0,3.44,estimated_synthetic,Nakagata et al. 2019 + NCCOR Youth Compendium curl-ups
44,jumping_jack,192,8.0,24.0,4.51,estimated_synthetic,NCCOR Youth Compendium
16,squat,130,10.0,13.0,7.31,estimated_synthetic,Nakagata et al. 2022 (21–29; 1–6 reps/min)
70,push-up,28,0.5,56.0,8.5,estimated_synthetic,Nakagata et al. 2022 + NCCOR Youth Compendium
42,crunch,48,1.0,48.0,3.42,estimated_synthetic,Nakagata et al. 2019 + NCCOR Youth Compendium curl-ups
19,jumping_jack,3,0.5,6.0,3.91,estimated_synthetic,NCCOR Youth Compendium
22,squat,49,1.0,49.0,8.5,estimated_synthetic,Nakagata et al. 2022 (21–29; 1–6 reps/min)
55,push-up,21,0.5,42.0,8.5,estimated_synthetic,Nakagata et al. 2022 + NCCOR Youth Compendium
45,crunch,304,8.0,38.0,3.42,estimated_synthetic,Nakagata et al. 2019 + NCCOR Youth Compendium curl-ups
28,jumping_jack,18,0.5,36.0,5.2,estimated_synthetic,NCCOR Youth Compendium
17,squat,23,0.5,46.0,8.5,estimated_synthetic,Nakagata et al. 2022 (21–29; 1–6 reps/min)
61,push-up,410,10.0,41.0,8.5,estimated_synthetic,Nakagata et al. 2022 + NCCOR Youth Compendium
49,crunch,590,10.0,59.0,3.56,estimated_synthetic,Nakagata et al. 2019 + NCCOR Youth Compendium curl-ups
25,jumping_jack,184,8.0,23.0,4.35,estimated_synthetic,NCCOR Youth Compendium
36,squat,21,1.0,21.0,8.5,estimated_synthetic,Nakagata et al. 2022 (21–29; 1–6 reps/min)
69,push-up,180,10.0,18.0,6.17,estimated_synthetic,Nakagata et al. 2022 + NCCOR Youth Compendium
62,crunch,104,2.0,52.0,3.33,estimated_synthetic,Nakagata et al. 2019 + NCCOR Youth Compendium curl-ups
56,jumping_jack,168,8.0,21.0,4.67,estimated_synthetic,NCCOR Youth Compendium
18,squat,84,3.0,28.0,8.5,estimated_synthetic,Nakagata et al. 2022 (21–29; 1–6 reps/min)
37,push-up,27,3.0,9.0,5.37,estimated_synthetic,Nakagata et al. 2022 + NCCOR Youth Compendium
23,crunch,50,2.0,25.0,3.52,estimated_synthetic,Nakagata et al. 2019 + NCCOR Youth Compendium curl-ups
66,jumping_jack,85,5.0,17.0,4.5,estimated_synthetic,NCCOR Youth Compendium
67,squat,90,10.0,9.0,5.06,estimated_synthetic,Nakagata et al. 2022 (21–29; 1–6 reps/min)
40,push-up,84,2.0,42.0,8.5,estimated_synthetic,Nakagata et al. 2022 + NCCOR Youth Compendium
63,crunch,25,5.0,5.0,2.4,estimated_synthetic,Nakagata et al. 2019 + NCCOR Youth Compendium curl-ups
30,jumping_jack,11,0.5,22.0,4.71,estimated_synthetic,NCCOR Youth Compendium
23,squat,114,2.0,57.0,8.5,estimated_synthetic,Nakagata et al. 2022 (21–29; 1–6 reps/min)
27,push-up,368,8.0,46.0,8.5,estimated_synthetic,Nakagata et al. 2022 + NCCOR Youth Compendium
40,crunch,135,5.0,27.0,3.16,estimated_synthetic,Nakagata et al. 2019 + NCCOR Youth Compendium curl-ups
52,jumping_jack,30,0.5,60.0,5.83,estimated_synthetic,NCCOR Youth Compendium
31,squat,32,1.5,21.33,8.5,estimated_synthetic,Nakagata et al. 2022 (21–29; 1–6 reps/min)
16,push-up,140,10.0,14.0,6.02,estimated_synthetic,Nakagata et al. 2022 + NCCOR Youth Compendium
35,crunch,80,10.0,8.0,2.44,estimated_synthetic,Nakagata et al. 2019 + NCCOR Youth Compendium curl-ups
63,jumping_jack,216,8.0,27.0,4.73,estimated_synthetic,NCCOR Youth Compendium
16,squat,171,3.0,57.0,8.5,estimated_synthetic,Nakagata et al. 2022 (21–29; 1–6 reps/min)
18,push-up,106,2.0,53.0,8.5,estimated_synthetic,Nakagata et al. 2022 + NCCOR Youth Compendium
62,crunch,15,5.0,3.0,2.37,estimated_synthetic,Nakagata et al. 2019 + NCCOR Youth Compendium curl-ups
46,jumping_jack,240,8.0,30.0,4.68,estimated_synthetic,NCCOR Youth Compendium
19,squat,290,5.0,58.0,8.5,estimated_synthetic,Nakagata et al. 2022 (21–29; 1–6 reps/min)
19,push-up,15,1.0,15.0,6.33,estimated_synthetic,Nakagata et al. 2022 + NCCOR Youth Compendium
31,crunch,192,8.0,24.0,3.45,estimated_synthetic,Nakagata et al. 2019 + NCCOR Youth Compendium curl-ups
21,jumping_jack,90,2.0,45.0,5.41,estimated_synthetic,NCCOR Youth Compendium
26,squat,66,3.0,22.0,8.5,estimated_synthetic,Nakagata et al. 2022 (21–29; 1–6 reps/min)
52,push-up,153,3.0,51.0,8.5,estimated_synthetic,Nakagata et al. 2022 + NCCOR Youth Compendium
32,crunch,230,5.0,46.0,3.44,estimated_synthetic,Nakagata et al. 2019 + NCCOR Youth Compendium curl-ups
22,jumping_jack,2,0.5,4.0,3.95,estimated_synthetic,NCCOR Youth Compendium
37,squat,450,10.0,45.0,8.5,estimated_synthetic,Nakagata et al. 2022 (21–29; 1–6 reps/min)
60,push-up,99,3.0,33.0,8.13,estimated_synthetic,Nakagata et al. 2022 + NCCOR Youth Compendium
21,crunch,255,5.0,51.0,3.4,estimated_synthetic,Nakagata et al. 2019 + NCCOR Youth Compendium curl-ups
21,jumping_jack,96,8.0,12.0,4.08,estimated_synthetic,NCCOR Youth Compendium
42,squat,54,2.0,27.0,8.5,estimated_synthetic,Nakagata et al. 2022 (21–29; 1–6 reps/min)
35,push-up,590,10.0,59.0,8.5,estimated_synthetic,Nakagata et al. 2022 + NCCOR Youth Compendium
32,crunch,272,8.0,34.0,3.26,estimated_synthetic,Nakagata et al. 2019 + NCCOR Youth Compendium curl-ups
33,jumping_jack,40,1.5,26.67,4.58,estimated_synthetic,NCCOR Youth Compendium
30,squat,54,1.0,54.0,8.5,estimated_synthetic,Nakagata et al. 2022 (21–29; 1–6 reps/min)
37,push-up,108,3.0,36.0,8.5,estimated_synthetic,Nakagata et al. 2022 + NCCOR Youth Compendium
25,crunch,216,8.0,27.0,3.38,estimated_synthetic,Nakagata et al. 2019 + NCCOR Youth Compendium curl-ups
37,jumping_jack,155,5.0,31.0,4.87,estimated_synthetic,NCCOR Youth Compendium
29,squat,26,0.5,52.0,8.5,estimated_synthetic,Nakagata et al. 2022 (21–29; 1–6 reps/min)
32,push-up,38,1.5,25.33,8.42,estimated_synthetic,Nakagata et al. 2022 + NCCOR Youth Compendium
32,crunch,105,3.0,35.0,3.47,estimated_synthetic,Nakagata et al. 2019 + NCCOR Youth Compendium curl-ups
39,jumping_jack,20,0.5,40.0,5.24,estimated_synthetic,NCCOR Youth Compendium
35,squat,14,2.0,7.0,4.24,estimated_synthetic,Nakagata et al. 2022 (21–29; 1–6 reps/min)
54,push-up,17,0.5,34.0,8.5,estimated_synthetic,Nakagata et al. 2022 + NCCOR Youth Compendium
55,crunch,424,8.0,53.0,3.3,estimated_synthetic,Nakagata et al. 2019 + NCCOR Youth Compendium curl-ups
70,jumping_jack,64,2.0,32.0,4.93,estimated_synthetic,NCCOR Youth Compendium
52,squat,99,3.0,33.0,8.5,estimated_synthetic,Nakagata et al. 2022 (21–29; 1–6 reps/min)
61,push-up,500,10.0,50.0,8.5,estimated_synthetic,Nakagata et al. 2022 + NCCOR Youth Compendium
31,crunch,265,5.0,53.0,3.31,estimated_synthetic,Nakagata et al. 2019 + NCCOR Youth Compendium curl-ups
64,jumping_jack,420,10.0,42.0,5.22,estimated_synthetic,NCCOR Youth Compendium
35,squat,195,5.0,39.0,8.5,estimated_synthetic,Nakagata et al. 2022 (21–29; 1–6 reps/min)
31,push-up,76,1.5,50.67,8.5,estimated_synthetic,Nakagata et al. 2022 + NCCOR Youth Compendium
66,crunch,104,8.0,13.0,2.96,estimated_synthetic,Nakagata et al. 2019 + NCCOR Youth Compendium curl-ups
33,jumping_jack,19,1.0,19.0,4.23,estimated_synthetic,NCCOR Youth Compendium
44,squat,200,5.0,40.0,8.5,estimated_synthetic,Nakagata et al. 2022 (21–29; 1–6 reps/min)
69,push-up,51,1.5,34.0,8.35,estimated_synthetic,Nakagata et al. 2022 + NCCOR Youth Compendium
46,crunch,35,1.0,35.0,3.33,estimated_synthetic,Nakagata et al. 2019 + NCCOR Youth Compendium curl-ups
68,jumping_jack,3,1.0,3.0,3.92,estimated_synthetic,NCCOR Youth Compendium
40,squat,280,10.0,28.0,8.5,estimated_synthetic,Nakagata et al. 2022 (21–29; 1–6 reps/min)
51,push-up,240,5.0,48.0,8.5,estimated_synthetic,Nakagata et al. 2022 + NCCOR Youth Compendium
37,crunch,208,8.0,26.0,3.44,estimated_synthetic,Nakagata et al. 2019 + NCCOR Youth Compendium curl-ups
67,jumping_jack,235,5.0,47.0,5.22,estimated_synthetic,NCCOR Youth Compendium
15,squat,45,1.5,30.0,8.5,estimated_synthetic,Nakagata et al. 2022 (21–29; 1–6 reps/min)
38,push-up,32,8.0,4.0,3.95,estimated_synthetic,Nakagata et al. 2022 + NCCOR Youth Compendium
49,crunch,100,5.0,20.0,3.21,estimated_synthetic,Nakagata et al. 2019 + NCCOR Youth Compendium curl-ups
21,jumping_jack,570,10.0,57.0,5.94,estimated_synthetic,NCCOR Youth Compendium
69,squat,18,1.0,18.0,8.5,estimated_synthetic,Nakagata et al. 2022 (21–29; 1–6 reps/min)
69,push-up,21,3.0,7.0,4.51,estimated_synthetic,Nakagata et al. 2022 + NCCOR Youth Compendium
31,crunch,340,10.0,34.0,3.46,estimated_synthetic,Nakagata et al. 2019 + NCCOR Youth Compendium curl-ups
51,jumping_jack,28,0.5,56.0,5.74,estimated_synthetic,NCCOR Youth Compendium
46,squat,115,5.0,23.0,8.5,estimated_synthetic,Nakagata et al. 2022 (21–29; 1–6 reps/min)
62,push-up,96,3.0,32.0,8.12,estimated_synthetic,Nakagata et al. 2022 + NCCOR Youth Compendium
17,crunch,126,3.0,42.0,3.53,estimated_synthetic,Nakagata et al. 2019 + NCCOR Youth Compendium curl-ups
44,jumping_jack,42,1.5,28.0,4.68,estimated_synthetic,NCCOR Youth Compendium
60,squat,96,2.0,48.0,8.5,estimated_synthetic,Nakagata et al. 2022 (21–29; 1–6 reps/min)
16,push-up,32,2.0,16.0,6.51,estimated_synthetic,Nakagata et al. 2022 + NCCOR Youth Compendium
40,crunch,12,2.0,6.0,2.36,estimated_synthetic,Nakagata et al. 2019 + NCCOR Youth Compendium curl-ups
30,jumping_jack,2,0.5,4.0,4.0,estimated_synthetic,NCCOR Youth Compendium
47,squat,384,8.0,48.0,8.5,estimated_synthetic,Nakagata et al. 2022 (21–29; 1–6 reps/min)
45,push-up,255,5.0,51.0,8.5,estimated_synthetic,Nakagata et al. 2022 + NCCOR Youth Compendium
58,crunch,10,0.5,20.0,3.2,estimated_synthetic,Nakagata et al. 2019 + NCCOR Youth Compendium curl-ups
59,jumping_jack,22,1.5,14.67,4.17,estimated_synthetic,NCCOR Youth Compendium
65,squat,6,2.0,3.0,2.88,estimated_synthetic,Nakagata et al. 2022 (21–29; 1–6 reps/min)
64,push-up,165,5.0,33.0,8.27,estimated_synthetic,Nakagata et al. 2022 + NCCOR Youth Compendium
23,crunch,50,10.0,5.0,2.39,estimated_synthetic,Nakagata et al. 2019 + NCCOR Youth Compendium curl-ups
46,jumping_jack,40,10.0,4.0,3.81,estimated_synthetic,NCCOR Youth Compendium
59,squat,54,1.0,54.0,8.5,estimated_synthetic,Nakagata et al. 2022 (21–29; 1–6 reps/min)
48,push-up,28,1.5,18.67,7.27,estimated_synthetic,Nakagata et al. 2022 + NCCOR Youth Compendium
48,crunch,17,1.0,17.0,2.98,estimated_synthetic,Nakagata et al. 2019 + NCCOR Youth Compendium curl-ups
67,jumping_jack,28,1.5,18.67,4.33,estimated_synthetic,NCCOR Youth Compendium
58,squat,60,3.0,20.0,8.5,estimated_synthetic,Nakagata et al. 2022 (21–29; 1–6 reps/min)
68,push-up,18,0.5,36.0,8.5,estimated_synthetic,Nakagata et al. 2022 + NCCOR Youth Compendium
27,crunch,60,1.0,60.0,3.45,estimated_synthetic,Nakagata et al. 2019 + NCCOR Youth Compendium curl-ups
45,jumping_jack,76,2.0,38.0,5.38,estimated_synthetic,NCCOR Youth Compendium
56,squat,310,10.0,31.0,8.5,estimated_synthetic,Nakagata et al. 2022 (21–29; 1–6 reps/min)
38,push-up,26,0.5,52.0,8.5,estimated_synthetic,Nakagata et al. 2022 + NCCOR Youth Compendium
28,crunch,290,5.0,58.0,3.38,estimated_synthetic,Nakagata et al. 2019 + NCCOR Youth Compendium curl-ups
56,jumping_jack,120,3.0,40.0,5.19,estimated_synthetic,NCCOR Youth Compendium
66,squat,59,1.0,59.0,8.5,estimated_synthetic,Nakagata et al. 2022 (21–29; 1–6 reps/min)
67,push-up,80,5.0,16.0,5.97,estimated_synthetic,Nakagata et al. 2022 + NCCOR Youth Compendium
28,crunch,460,10.0,46.0,3.39,estimated_synthetic,Nakagata et al. 2019 + NCCOR Youth Compendium curl-ups
21,jumping_jack,6,0.5,12.0,4.16,estimated_synthetic,NCCOR Youth Compendium
31,squat,88,1.5,58.67,8.5,estimated_synthetic,Nakagata et al. 2022 (21–29; 1–6 reps/min)
69,push-up,96,3.0,32.0,7.95,estimated_synthetic,Nakagata et al. 2022 + NCCOR Youth Compendium
65,crunch,168,3.0,56.0,3.49,estimated_synthetic,Nakagata et al. 2019 + NCCOR Youth Compendium curl-ups
56,jumping_jack,57,1.5,38.0,5.12,estimated_synthetic,NCCOR Youth Compendium
29,squat,288,8.0,36.0,8.5,estimated_synthetic,Nakagata et al. 2022 (21–29; 1–6 reps/min)
54,push-up,88,8.0,11.0,5.8,estimated_synthetic,Nakagata et al. 2022 + NCCOR Youth Compendium
63,crunch,150,5.0,30.0,3.16,estimated_synthetic,Nakagata et al. 2019 + NCCOR Youth Compendium curl-ups
31,jumping_jack,34,2.0,17.0,4.61,estimated_synthetic,NCCOR Youth Compendium
24,squat,35,1.0,35.0,8.5,estimated_synthetic,Nakagata et al. 2022 (21–29; 1–6 reps/min)
38,push-up,275,5.0,55.0,8.5,estimated_synthetic,Nakagata et al. 2022 + NCCOR Youth Compendium
61,crunch,70,5.0,14.0,2.94,estimated_synthetic,Nakagata et al. 2019 + NCCOR Youth Compendium curl-ups
59,jumping_jack,285,5.0,57.0,5.67,estimated_synthetic,NCCOR Youth Compendium
43,squat,56,2.0,28.0,8.5,estimated_synthetic,Nakagata et al. 2022 (21–29; 1–6 reps/min)
68,push-up,20,5.0,4.0,3.69,estimated_synthetic,Nakagata et al. 2022 + NCCOR Youth Compendium
30,crunch,9,3.0,3.0,2.37,estimated_synthetic,Nakagata et al. 2019 + NCCOR Youth Compendium curl-ups
23,jumping_jack,12,0.5,24.0,4.52,estimated_synthetic,NCCOR Youth Compendium
31,squat,16,0.5,32.0,8.5,estimated_synthetic,Nakagata et al. 2022 (21–29; 1–6 reps/min)
62,push-up,22,2.0,11.0,5.12,estimated_synthetic,Nakagata et al. 2022 + NCCOR Youth Compendium
48,crunch,116,2.0,58.0,3.43,estimated_synthetic,Nakagata et al. 2019 + NCCOR Youth Compendium curl-ups
50,jumping_jack,15,3.0,5.0,4.16,estimated_synthetic,NCCOR Youth Compendium
34,squat,30,2.0,15.0,8.5,estimated_synthetic,Nakagata et al. 2022 (21–29; 1–6 reps/min)
19,push-up,410,10.0,41.0,8.5,estimated_synthetic,Nakagata et al. 2022 + NCCOR Youth Compendium
51,crunch,12,2.0,6.0,2.42,estimated_synthetic,Nakagata et al. 2019 + NCCOR Youth Compendium curl-ups
37,jumping_jack,40,8.0,5.0,4.0,estimated_synthetic,NCCOR Youth Compendium
35,squat,290,10.0,29.0,8.5,estimated_synthetic,Nakagata et al. 2022 (21–29; 1–6 reps/min)
52,push-up,150,10.0,15.0,6.45,estimated_synthetic,Nakagata et al. 2022 + NCCOR Youth Compendium
63,crunch,17,1.0,17.0,3.19,estimated_synthetic,Nakagata et al. 2019 + NCCOR Youth Compendium curl-ups
23,jumping_jack,200,5.0,40.0,4.9,estimated_synthetic,NCCOR Youth Compendium
49,squat,29,0.5,58.0,8.5,estimated_synthetic,Nakagata et al. 2022 (21–29; 1–6 reps/min)
50,push-up,84,2.0,42.0,8.5,estimated_synthetic,Nakagata et al. 2022 + NCCOR Youth Compendium
63,crunch,35,5.0,7.0,2.49,estimated_synthetic,Nakagata et al. 2019 + NCCOR Youth Compendium curl-ups
67,jumping_jack,14,1.0,14.0,4.21,estimated_synthetic,NCCOR Youth Compendium
53,squat,75,1.5,50.0,8.5,estimated_synthetic,Nakagata et al. 2022 (21–29; 1–6 reps/min)
17,push-up,165,3.0,55.0,8.5,estimated_synthetic,Nakagata et al. 2022 + NCCOR Youth Compendium
61,crunch,128,8.0,16.0,3.11,estimated_synthetic,Nakagata et al. 2019 + NCCOR Youth Compendium curl-ups
43,jumping_jack,6,2.0,3.0,3.87,estimated_synthetic,NCCOR Youth Compendium
40,squat,4,0.5,8.0,4.91,estimated_synthetic,Nakagata et al. 2022 (21–29; 1–6 reps/min)
41,push-up,125,5.0,25.0,8.42,estimated_synthetic,Nakagata et al. 2022 + NCCOR Youth Compendium
25,crunch,5,0.5,10.0,2.79,estimated_synthetic,Nakagata et al. 2019 + NCCOR Youth Compendium curl-ups
30,jumping_jack,6,1.0,6.0,3.79,estimated_synthetic,NCCOR Youth Compendium
26,squat,88,1.5,58.67,8.5,estimated_synthetic,Nakagata et al. 2022 (21–29; 1–6 reps/min)
36,push-up,17,1.0,17.0,7.08,estimated_synthetic,Nakagata et al. 2022 + NCCOR Youth Compendium
15,crunch,100,5.0,20.0,3.38,estimated_synthetic,Nakagata et al. 2019 + NCCOR Youth Compendium curl-ups
33,jumping_jack,472,8.0,59.0,5.92,estimated_synthetic,NCCOR Youth Compendium
27,squat,30,1.5,20.0,8.5,estimated_synthetic,Nakagata et al. 2022 (21–29; 1–6 reps/min)
26,push-up,155,5.0,31.0,8.5,estimated_synthetic,Nakagata et al. 2022 + NCCOR Youth Compendium
62,crunch,42,2.0,21.0,3.39,estimated_synthetic,Nakagata et al. 2019 + NCCOR Youth Compendium curl-ups
30,jumping_jack,600,10.0,60.0,5.77,estimated_synthetic,NCCOR Youth Compendium
62,squat,16,0.5,32.0,8.5,estimated_synthetic,Nakagata et al. 2022 (21–29; 1–6 reps/min)
51,push-up,84,2.0,42.0,8.5,estimated_synthetic,Nakagata et al. 2022 + NCCOR Youth Compendium
28,crunch,70,10.0,7.0,2.58,estimated_synthetic,Nakagata et al. 2019 + NCCOR Youth Compendium curl-ups
18,jumping_jack,180,3.0,60.0,5.67,estimated_synthetic,NCCOR Youth Compendium
35,squat,30,1.0,30.0,8.5,estimated_synthetic,Nakagata et al. 2022 (21–29; 1–6 reps/min)
55,push-up,41,1.0,41.0,8.5,estimated_synthetic,Nakagata et al. 2022 + NCCOR Youth Compendium
52,crunch,65,5.0,13.0,2.72,estimated_synthetic,Nakagata et al. 2019 + NCCOR Youth Compendium curl-ups
22,jumping_jack,144,3.0,48.0,5.74,estimated_synthetic,NCCOR Youth Compendium
40,squat,45,1.0,45.0,8.5,estimated_synthetic,Nakagata et al. 2022 (21–29; 1–6 reps/min)
22,push-up,136,8.0,17.0,6.92,estimated_synthetic,Nakagata et al. 2022 + NCCOR Youth Compendium
20,crunch,384,8.0,48.0,3.53,estimated_synthetic,Nakagata et al. 2019 + NCCOR Youth Compendium curl-ups
43,jumping_jack,3,1.0,3.0,3.8,estimated_synthetic,NCCOR Youth Compendium
20,squat,288,8.0,36.0,8.5,estimated_synthetic,Nakagata et al. 2022 (21–29; 1–6 reps/min)
42,push-up,46,2.0,23.0,8.15,estimated_synthetic,Nakagata et al. 2022 + NCCOR Youth Compendium
27,crunch,14,0.5,28.0,3.38,estimated_synthetic,Nakagata et al. 2019 + NCCOR Youth Compendium curl-ups
30,jumping_jack,30,2.0,15.0,4.58,estimated_synthetic,NCCOR Youth Compendium
34,squat,22,2.0,11.0,6.7,estimated_synthetic,Nakagata et al. 2022 (21–29; 1–6 reps/min)
38,push-up,15,3.0,5.0,4.41,estimated_synthetic,Nakagata et al. 2022 + NCCOR Youth Compendium
24,crunch,57,1.5,38.0,3.4,estimated_synthetic,Nakagata et al. 2019 + NCCOR Youth Compendium curl-ups
55,jumping_jack,96,2.0,48.0,5.21,estimated_synthetic,NCCOR Youth Compendium
36,squat,22,0.5,44.0,8.5,estimated_synthetic,Nakagata et al. 2022 (21–29; 1–6 reps/min)
16,push-up,18,3.0,6.0,4.6,estimated_synthetic,Nakagata et al. 2022 + NCCOR Youth Compendium
70,crunch,14,0.5,28.0,3.21,estimated_synthetic,Nakagata et al. 2019 + NCCOR Youth Compendium curl-ups
59,jumping_jack,360,8.0,45.0,5.33,estimated_synthetic,NCCOR Youth Compendium
52,squat,84,3.0,28.0,8.5,estimated_synthetic,Nakagata et al. 2022 (21–29; 1–6 reps/min)
66,push-up,115,5.0,23.0,6.75,estimated_synthetic,Nakagata et al. 2022 + NCCOR Youth Compendium
68,crunch,14,1.5,9.33,2.63,estimated_synthetic,Nakagata et al. 2019 + NCCOR Youth Compendium curl-ups
27,jumping_jack,72,3.0,24.0,4.96,estimated_synthetic,NCCOR Youth Compendium
68,squat,56,8.0,7.0,4.21,estimated_synthetic,Nakagata et al. 2022 (21–29; 1–6 reps/min)
30,push-up,176,8.0,22.0,7.93,estimated_synthetic,Nakagata et al. 2022 + NCCOR Youth Compendium
58,crunch,130,5.0,26.0,3.34,estimated_synthetic,Nakagata et al. 2019 + NCCOR Youth Compendium curl-ups
15,jumping_jack,60,5.0,12.0,4.37,estimated_synthetic,NCCOR Youth Compendium
63,squat,135,3.0,45.0,8.5,estimated_synthetic,Nakagata et al. 2022 (21–29; 1–6 reps/min)
37,push-up,416,8.0,52.0,8.5,estimated_synthetic,Nakagata et al. 2022 + NCCOR Youth Compendium
59,crunch,99,3.0,33.0,3.32,estimated_synthetic,Nakagata et al. 2019 + NCCOR Youth Compendium curl-ups
55,jumping_jack,384,8.0,48.0,5.76,estimated_synthetic,NCCOR Youth Compendium
33,squat,53,1.0,53.0,8.5,estimated_synthetic,Nakagata et al. 2022 (21–29; 1–6 reps/min)
28,push-up,24,2.0,12.0,5.86,estimated_synthetic,Nakagata et al. 2022 + NCCOR Youth Compendium
27,crunch,55,1.0,55.0,3.3,estimated_synthetic,Nakagata et al. 2019 + NCCOR Youth Compendium curl-ups
48,jumping_jack,144,8.0,18.0,4.52,estimated_synthetic,NCCOR Youth Compendium
61,squat,92,2.0,46.0,8.5,estimated_synthetic,Nakagata et al. 2022 (21–29; 1–6 reps/min)
38,push-up,600,10.0,60.0,8.5,estimated_synthetic,Nakagata et al. 2022 + NCCOR Youth Compendium
49,crunch,29,0.5,58.0,3.31,estimated_synthetic,Nakagata et al. 2019 + NCCOR Youth Compendium curl-ups
20,jumping_jack,126,3.0,42.0,5.22,estimated_synthetic,NCCOR Youth Compendium
19,squat,30,5.0,6.0,3.52,estimated_synthetic,Nakagata et al. 2022 (21–29; 1–6 reps/min)
25,push-up,49,1.0,49.0,8.5,estimated_synthetic,Nakagata et al. 2022 + NCCOR Youth Compendium
15,crunch,20,1.0,20.0,3.34,estimated_synthetic,Nakagata et al. 2019 + NCCOR Youth Compendium curl-ups
48,jumping_jack,174,3.0,58.0,5.78,estimated_synthetic,NCCOR Youth Compendium
41,squat,50,5.0,10.0,5.92,estimated_synthetic,Nakagata et al. 2022 (21–29; 1–6 reps/min)
27,push-up,20,0.5,40.0,8.5,estimated_synthetic,Nakagata et al. 2022 + NCCOR Youth Compendium
63,crunch,392,8.0,49.0,3.52,estimated_synthetic,Nakagata et al. 2019 + NCCOR Youth Compendium curl-ups
64,jumping_jack,22,1.0,22.0,4.41,estimated_synthetic,NCCOR Youth Compendium
47,squat,72,3.0,24.0,8.5,estimated_synthetic,Nakagata et al. 2022 (21–29; 1–6 reps/min)
48,push-up,111,3.0,37.0,8.5,estimated_synthetic,Nakagata et al. 2022 + NCCOR Youth Compendium
31,crunch,24,2.0,12.0,2.8,estimated_synthetic,Nakagata et al. 2019 + NCCOR Youth Compendium curl-ups
24,jumping_jack,50,5.0,10.0,4.18,estimated_synthetic,NCCOR Youth Compendium
37,squat,112,8.0,14.0,8.5,estimated_synthetic,Nakagata et al. 2022 (21–29; 1–6 reps/min)
45,push-up,24,0.5,48.0,8.5,estimated_synthetic,Nakagata et al. 2022 + NCCOR Youth Compendium
66,crunch,600,10.0,60.0,3.29,estimated_synthetic,Nakagata et al. 2019 + NCCOR Youth Compendium curl-ups
61,jumping_jack,56,1.5,37.33,4.86,estimated_synthetic,NCCOR Youth Compendium
48,squat,230,10.0,23.0,8.5,estimated_synthetic,Nakagata et al. 2022 (21–29; 1–6 reps/min)
32,push-up,144,3.0,48.0,8.5,estimated_synthetic,Nakagata et al. 2022 + NCCOR Youth Compendium
56,crunch,60,10.0,6.0,2.43,estimated_synthetic,Nakagata et al. 2019 + NCCOR Youth Compendium curl-ups
36,jumping_jack,320,8.0,40.0,4.62,estimated_synthetic,NCCOR Youth Compendium
70,squat,370,10.0,37.0,8.5,estimated_synthetic,Nakagata et al. 2022 (21–29; 1–6 reps/min)
64,push-up,174,3.0,58.0,8.5,estimated_synthetic,Nakagata et al. 2022 + NCCOR Youth Compendium
55,crunch,30,10.0,3.0,2.36,estimated_synthetic,Nakagata et al. 2019 + NCCOR Youth Compendium curl-ups
18,jumping_jack,24,3.0,8.0,3.85,estimated_synthetic,NCCOR Youth Compendium
62,squat,46,2.0,23.0,8.5,estimated_synthetic,Nakagata et al. 2022 (21–29; 1–6 reps/min)
19,push-up,68,1.5,45.33,8.5,estimated_synthetic,Nakagata et al. 2022 + NCCOR Youth Compendium
47,crunch,20,5.0,4.0,2.36,estimated_synthetic,Nakagata et al. 2019 + NCCOR Youth Compendium curl-ups
25,jumping_jack,16,1.5,10.67,4.22,estimated_synthetic,NCCOR Youth Compendium
33,squat,32,8.0,4.0,2.99,estimated_synthetic,Nakagata et al. 2022 (21–29; 1–6 reps/min)
48,push-up,37,1.0,37.0,8.5,estimated_synthetic,Nakagata et al. 2022 + NCCOR Youth Compendium
24,crunch,180,10.0,18.0,3.15,estimated_synthetic,Nakagata et al. 2019 + NCCOR Youth Compendium curl-ups
36,jumping_jack,15,1.5,10.0,4.18,estimated_synthetic,NCCOR Youth Compendium
36,squat,114,3.0,38.0,8.5,estimated_synthetic,Nakagata et al. 2022 (21–29; 1–6 reps/min)
25,push-up,29,0.5,58.0,8.5,estimated_synthetic,Nakagata et al. 2022 + NCCOR Youth Compendium
32,crunch,35,1.0,35.0,3.41,estimated_synthetic,Nakagata et al. 2019 + NCCOR Youth Compendium curl-ups
26,jumping_jack,520,10.0,52.0,5.34,estimated_synthetic,NCCOR Youth Compendium
16,squat,16,0.5,32.0,8.5,estimated_synthetic,Nakagata et al. 2022 (21–29; 1–6 reps/min)
41,push-up,208,8.0,26.0,8.5,estimated_synthetic,Nakagata et al. 2022 + NCCOR Youth Compendium
42,crunch,235,5.0,47.0,3.14,estimated_synthetic,Nakagata et al. 2019 + NCCOR Youth Compendium curl-ups
45,jumping_jack,24,0.5,48.0,5.51,estimated_synthetic,NCCOR Youth Compendium
60,squat,88,1.5,58.67,8.5,estimated_synthetic,Nakagata et al. 2022 (21–29; 1–6 reps/min)
64,push-up,36,3.0,12.0,4.94,estimated_synthetic,Nakagata et al. 2022 + NCCOR Youth Compendium
23,crunch,95,5.0,19.0,3.23,estimated_synthetic,Nakagata et al. 2019 + NCCOR Youth Compendium curl-ups
67,jumping_jack,2,0.5,4.0,3.46,estimated_synthetic,NCCOR Youth Compendium
54,squat,9,0.5,18.0,8.5,estimated_synthetic,Nakagata et al. 2022 (21–29; 1–6 reps/min)
48,push-up,15,3.0,5.0,4.58,estimated_synthetic,Nakagata et al. 2022 + NCCOR Youth Compendium
19,crunch,215,5.0,43.0,3.63,estimated_synthetic,Nakagata et al. 2019 + NCCOR Youth Compendium curl-ups
57,jumping_jack,25,1.0,25.0,4.43,estimated_synthetic,NCCOR Youth Compendium
46,squat,35,1.0,35.0,8.5,estimated_synthetic,Nakagata et al. 2022 (21–29; 1–6 reps/min)
31,push-up,104,8.0,13.0,6.06,estimated_synthetic,Nakagata et al. 2022 + NCCOR Youth Compendium
38,crunch,130,10.0,13.0,2.96,estimated_synthetic,Nakagata et al. 2019 + NCCOR Youth Compendium curl-ups
58,jumping_jack,86,1.5,57.33,5.93,estimated_synthetic,NCCOR Youth Compendium
66,squat,14,2.0,7.0,4.01,estimated_synthetic,Nakagata et al. 2022 (21–29; 1–6 reps/min)
60,push-up,80,5.0,16.0,5.55,estimated_synthetic,Nakagata et al. 2022 + NCCOR Youth Compendium
29,crunch,54,3.0,18.0,3.12,estimated_synthetic,Nakagata et al. 2019 + NCCOR Youth Compendium curl-ups
49,jumping_jack,224,8.0,28.0,4.7,estimated_synthetic,NCCOR Youth Compendium
54,squat,171,3.0,57.0,8.5,estimated_synthetic,Nakagata et al. 2022 (21–29; 1–6 reps/min)
27,push-up,460,10.0,46.0,8.5,estimated_synthetic,Nakagata et al. 2022 + NCCOR Youth Compendium
52,crunch,95,5.0,19.0,3.17,estimated_synthetic,Nakagata et al. 2019 + NCCOR Youth Compendium curl-ups
15,jumping_jack,140,5.0,28.0,4.54,estimated_synthetic,NCCOR Youth Compendium
29,squat,220,5.0,44.0,8.5,estimated_synthetic,Nakagata et al. 2022 (21–29; 1–6 reps/min)
68,push-up,115,5.0,23.0,7.02,estimated_synthetic,Nakagata et al. 2022 + NCCOR Youth Compendium
61,crunch,4,1.5,2.67,2.36,estimated_synthetic,Nakagata et al. 2019 + NCCOR Youth Compendium curl-ups
22,jumping_jack,245,5.0,49.0,5.66,estimated_synthetic,NCCOR Youth Compendium
67,squat,53,1.0,53.0,8.5,estimated_synthetic,Nakagata et al. 2022 (21–29; 1–6 reps/min)
15,push-up,86,1.5,57.33,8.5,estimated_synthetic,Nakagata et al. 2022 + NCCOR Youth Compendium
32,crunch,9,0.5,18.0,3.15,estimated_synthetic,Nakagata et al. 2019 + NCCOR Youth Compendium curl-ups
57,jumping_jack,86,2.0,43.0,5.37,estimated_synthetic,NCCOR Youth Compendium
65,squat,125,5.0,25.0,8.5,estimated_synthetic,Nakagata et al. 2022 (21–29; 1–6 reps/min)
40,push-up,20,1.0,20.0,7.5,estimated_synthetic,Nakagata et al. 2022 + NCCOR Youth Compendium
41,crunch,20,1.5,13.33,2.82,estimated_synthetic,Nakagata et al. 2019 + NCCOR Youth Compendium curl-ups
69,jumping_jack,120,5.0,24.0,4.8,estimated_synthetic,NCCOR Youth Compendium
58,squat,175,5.0,35.0,8.5,estimated_synthetic,Nakagata et al. 2022 (21–29; 1–6 reps/min)
15,push-up,34,2.0,17.0,6.61,estimated_synthetic,Nakagata et al. 2022 + NCCOR Youth Compendium
30,crunch,150,5.0,30.0,3.49,estimated_synthetic,Nakagata et al. 2019 + NCCOR Youth Compendium curl-ups
46,jumping_jack,12,1.0,12.0,4.18,estimated_synthetic,NCCOR Youth Compendium
38,squat,66,1.5,44.0,8.5,estimated_synthetic,Nakagata et al. 2022 (21–29; 1–6 reps/min)
66,push-up,106,2.0,53.0,8.5,estimated_synthetic,Nakagata et al. 2022 + NCCOR Youth Compendium
69,crunch,416,8.0,52.0,3.54,estimated_synthetic,Nakagata et al. 2019 + NCCOR Youth Compendium curl-ups
18,jumping_jack,56,8.0,7.0,4.06,estimated_synthetic,NCCOR Youth Compendium
25,squat,440,10.0,44.0,8.5,estimated_synthetic,Nakagata et al. 2022 (21–29; 1–6 reps/min)
55,push-up,264,8.0,33.0,8.5,estimated_synthetic,Nakagata et al. 2022 + NCCOR Youth Compendium
33,crunch,285,5.0,57.0,3.23,estimated_synthetic,Nakagata et al. 2019 + NCCOR Youth Compendium curl-ups
61,jumping_jack,460,10.0,46.0,5.45,estimated_synthetic,NCCOR Youth Compendium
65,squat,70,10.0,7.0,4.16,estimated_synthetic,Nakagata et al. 2022 (21–29; 1–6 reps/min)
16,push-up,54,1.0,54.0,8.5,estimated_synthetic,Nakagata et al. 2022 + NCCOR Youth Compendium
61,crunch,48,1.0,48.0,3.37,estimated_synthetic,Nakagata et al. 2019 + NCCOR Youth Compendium curl-ups
35,jumping_jack,456,8.0,57.0,5.99,estimated_synthetic,NCCOR Youth Compendium
31,squat,18,2.0,9.0,5.47,estimated_synthetic,Nakagata et al. 2022 (21–29; 1–6 reps/min)
69,push-up,265,5.0,53.0,8.5,estimated_synthetic,Nakagata et al. 2022 + NCCOR Youth Compendium
17,crunch,62,2.0,31.0,3.42,estimated_synthetic,Nakagata et al. 2019 + NCCOR Youth Compendium curl-ups
16,jumping_jack,344,8.0,43.0,5.44,estimated_synthetic,NCCOR Youth Compendium
63,squat,159,3.0,53.0,8.5,estimated_synthetic,Nakagata et al. 2022 (21–29; 1–6 reps/min)
53,push-up,145,5.0,29.0,8.5,estimated_synthetic,Nakagata et al. 2022 + NCCOR Youth Compendium
19,crunch,60,10.0,6.0,2.57,estimated_synthetic,Nakagata et al. 2019 + NCCOR Youth Compendium curl-ups
31,jumping_jack,51,1.0,51.0,5.42,estimated_synthetic,NCCOR Youth Compendium
20,squat,78,2.0,39.0,8.5,estimated_synthetic,Nakagata et al. 2022 (21–29; 1–6 reps/min)
54,push-up,60,3.0,20.0,7.73,estimated_synthetic,Nakagata et al. 2022 + NCCOR Youth Compendium
49,crunch,280,10.0,28.0,3.58,estimated_synthetic,Nakagata et al. 2019 + NCCOR Youth Compendium curl-ups
42,jumping_jack,33,1.0,33.0,4.89,estimated_synthetic,NCCOR Youth Compendium
16,squat,448,8.0,56.0,8.5,estimated_synthetic,Nakagata et al. 2022 (21–29; 1–6 reps/min)
16,push-up,33,1.5,22.0,7.57,estimated_synthetic,Nakagata et al. 2022 + NCCOR Youth Compendium
40,crunch,16,2.0,8.0,2.66,estimated_synthetic,Nakagata et al. 2019 + NCCOR Youth Compendium curl-ups
64,jumping_jack,10,0.5,20.0,4.48,estimated_synthetic,NCCOR Youth Compendium
33,squat,159,3.0,53.0,8.5,estimated_synthetic,Nakagata et al. 2022 (21–29; 1–6 reps/min)
35,push-up,90,10.0,9.0,5.29,estimated_synthetic,Nakagata et al. 2022 + NCCOR Youth Compendium
54,crunch,64,1.5,42.67,3.28,estimated_synthetic,Nakagata et al. 2019 + NCCOR Youth Compendium curl-ups
49,jumping_jack,3,0.5,6.0,3.98,estimated_synthetic,NCCOR Youth Compendium
19,squat,58,2.0,29.0,8.5,estimated_synthetic,Nakagata et al. 2022 (21–29; 1–6 reps/min)
70,push-up,16,2.0,8.0,4.38,estimated_synthetic,Nakagata et al. 2022 + NCCOR Youth Compendium
16,crunch,320,10.0,32.0,3.53,estimated_synthetic,Nakagata et al. 2019 + NCCOR Youth Compendium curl-ups
59,jumping_jack,84,1.5,56.0,5.69,estimated_synthetic,NCCOR Youth Compendium
26,squat,140,10.0,14.0,8.5,estimated_synthetic,Nakagata et al. 2022 (21–29; 1–6 reps/min)
16,push-up,520,10.0,52.0,8.5,estimated_synthetic,Nakagata et al. 2022 + NCCOR Youth Compendium
42,crunch,26,2.0,13.0,3.07,estimated_synthetic,Nakagata et al. 2019 + NCCOR Youth Compendium curl-ups
59,jumping_jack,56,1.5,37.33,4.88,estimated_synthetic,NCCOR Youth Compendium
33,squat,132,3.0,44.0,8.5,estimated_synthetic,Nakagata et al. 2022 (21–29; 1–6 reps/min)
52,push-up,75,5.0,15.0,6.56,estimated_synthetic,Nakagata et al. 2022 + NCCOR Youth Compendium
53,crunch,50,5.0,10.0,2.9,estimated_synthetic,Nakagata et al. 2019 + NCCOR Youth Compendium curl-ups
52,jumping_jack,30,3.0,10.0,4.31,estimated_synthetic,NCCOR Youth Compendium
39,squat,230,5.0,46.0,8.5,estimated_synthetic,Nakagata et al. 2022 (21–29; 1–6 reps/min)
16,push-up,240,8.0,30.0,8.5,estimated_synthetic,Nakagata et al. 2022 + NCCOR Youth Compendium
62,crunch,27,0.5,54.0,3.39,estimated_synthetic,Nakagata et al. 2019 + NCCOR Youth Compendium curl-ups
26,jumping_jack,4,0.5,8.0,4.07,estimated_synthetic,NCCOR Youth Compendium
48,squat,32,8.0,4.0,2.82,estimated_synthetic,Nakagata et al. 2022 (21–29; 1–6 reps/min)
44,push-up,410,10.0,41.0,8.5,estimated_synthetic,Nakagata et al. 2022 + NCCOR Youth Compendium
68,crunch,7,1.0,7.0,2.57,estimated_synthetic,Nakagata et al. 2019 + NCCOR Youth Compendium curl-ups
27,jumping_jack,232,8.0,29.0,4.74,estimated_synthetic,NCCOR Youth Compendium
26,squat,54,3.0,18.0,8.5,estimated_synthetic,Nakagata et al. 2022 (21–29; 1–6 reps/min)
69,push-up,330,10.0,33.0,8.34,estimated_synthetic,Nakagata et al. 2022 + NCCOR Youth Compendium
29,crunch,180,5.0,36.0,3.46,estimated_synthetic,Nakagata et al. 2019 + NCCOR Youth Compendium curl-ups
55,jumping_jack,21,1.5,14.0,4.37,estimated_synthetic,NCCOR Youth Compendium
32,squat,440,8.0,55.0,8.5,estimated_synthetic,Nakagata et al. 2022 (21–29; 1–6 reps/min)
36,push-up,12,0.5,24.0,8.12,estimated_synthetic,Nakagata et al. 2022 + NCCOR Youth Compendium
59,crunch,12,2.0,6.0,2.62,estimated_synthetic,Nakagata et al. 2019 + NCCOR Youth Compendium curl-ups
39,jumping_jack,12,1.0,12.0,4.32,estimated_synthetic,NCCOR Youth Compendium
70,squat,150,3.0,50.0,8.5,estimated_synthetic,Nakagata et al. 2022 (21–29; 1–6 reps/min)
62,push-up,58,1.0,58.0,8.5,estimated_synthetic,Nakagata et al. 2022 + NCCOR Youth Compendium
70,crunch,16,1.5,10.67,2.85,estimated_synthetic,Nakagata et al. 2019 + NCCOR Youth Compendium curl-ups
63,jumping_jack,85,5.0,17.0,4.43,estimated_synthetic,NCCOR Youth Compendium
37,squat,22,1.5,14.67,8.5,estimated_synthetic,Nakagata et al. 2022 (21–29; 1–6 reps/min)
51,push-up,22,0.5,44.0,8.5,estimated_synthetic,Nakagata et al. 2022 + NCCOR Youth Compendium
21,crunch,12,3.0,4.0,2.22,estimated_synthetic,Nakagata et al. 2019 + NCCOR Youth Compendium curl-ups
16,jumping_jack,16,0.5,32.0,4.87,estimated_synthetic,NCCOR Youth Compendium
57,squat,86,1.5,57.33,8.5,estimated_synthetic,Nakagata et al. 2022 (21–29; 1–6 reps/min)
23,push-up,28,0.5,56.0,8.5,estimated_synthetic,Nakagata et al. 2022 + NCCOR Youth Compendium
17,crunch,170,5.0,34.0,3.56,estimated_synthetic,Nakagata et al. 2019 + NCCOR Youth Compendium curl-ups
17,jumping_jack,32,2.0,16.0,4.06,estimated_synthetic,NCCOR Youth Compendium
18,squat,22,1.5,14.67,8.19,estimated_synthetic,Nakagata et al. 2022 (21–29; 1–6 reps/min)
21,push-up,46,2.0,23.0,8.09,estimated_synthetic,Nakagata et al. 2022 + NCCOR Youth Compendium
25,crunch,450,10.0,45.0,3.31,estimated_synthetic,Nakagata et al. 2019 + NCCOR Youth Compendium curl-ups
41,jumping_jack,145,5.0,29.0,4.43,estimated_synthetic,NCCOR Youth Compendium
31,squat,15,1.0,15.0,8.5,estimated_synthetic,Nakagata et al. 2022 (21–29; 1–6 reps/min)
37,push-up,424,8.0,53.0,8.5,estimated_synthetic,Nakagata et al. 2022 + NCCOR Youth Compendium
70,crunch,75,3.0,25.0,3.45,estimated_synthetic,Nakagata et al. 2019 + NCCOR Youth Compendium curl-ups
42,jumping_jack,380,10.0,38.0,4.77,estimated_synthetic,NCCOR Youth Compendium
55,squat,28,1.5,18.67,8.5,estimated_synthetic,Nakagata et al. 2022 (21–29; 1–6 reps/min)
24,push-up,8,2.0,4.0,4.04,estimated_synthetic,Nakagata et al. 2022 + NCCOR Youth Compendium
37,crunch,580,10.0,58.0,3.59,estimated_synthetic,Nakagata et al. 2019 + NCCOR Youth Compendium curl-ups
70,jumping_jack,16,0.5,32.0,4.82,estimated_synthetic,NCCOR Youth Compendium
33,squat,14,0.5,28.0,8.5,estimated_synthetic,Nakagata et al. 2022 (21–29; 1–6 reps/min)
38,push-up,78,3.0,26.0,8.5,estimated_synthetic,Nakagata et al. 2022 + NCCOR Youth Compendium
27,crunch,80,8.0,10.0,2.59,estimated_synthetic,Nakagata et al. 2019 + NCCOR Youth Compendium curl-ups
70,jumping_jack,304,8.0,38.0,5.09,estimated_synthetic,NCCOR Youth Compendium
41,squat,190,5.0,38.0,8.5,estimated_synthetic,Nakagata et al. 2022 (21–29; 1–6 reps/min)
40,push-up,330,10.0,33.0,8.5,estimated_synthetic,Nakagata et al. 2022 + NCCOR Youth Compendium
54,crunch,30,2.0,15.0,3.04,estimated_synthetic,Nakagata et al. 2019 + NCCOR Youth Compendium curl-ups
23,jumping_jack,26,1.5,17.33,4.26,estimated_synthetic,NCCOR Youth Compendium
56,squat,60,2.0,30.0,8.5,estimated_synthetic,Nakagata et al. 2022 (21–29; 1–6 reps/min)
24,push-up,140,5.0,28.0,8.5,estimated_synthetic,Nakagata et al. 2022 + NCCOR Youth Compendium
16,crunch,24,0.5,48.0,3.4,estimated_synthetic,Nakagata et al. 2019 + NCCOR Youth Compendium curl-ups
62,jumping_jack,270,10.0,27.0,4.45,estimated_synthetic,NCCOR Youth Compendium
28,squat,15,5.0,3.0,2.41,estimated_synthetic,Nakagata et al. 2022 (21–29; 1–6 reps/min)
67,push-up,50,5.0,10.0,4.67,estimated_synthetic,Nakagata et al. 2022 + NCCOR Youth Compendium
21,crunch,24,0.5,48.0,3.52,estimated_synthetic,Nakagata et al. 2019 + NCCOR Youth Compendium curl-ups
56,jumping_jack,600,10.0,60.0,5.92,estimated_synthetic,NCCOR Youth Compendium
55,squat,10,1.0,10.0,5.93,estimated_synthetic,Nakagata et al. 2022 (21–29; 1–6 reps/min)
69,push-up,11,0.5,22.0,6.48,estimated_synthetic,Nakagata et al. 2022 + NCCOR Youth Compendium
36,crunch,30,0.5,60.0,3.55,estimated_synthetic,Nakagata et al. 2019 + NCCOR Youth Compendium curl-ups
61,jumping_jack,24,0.5,48.0,5.37,estimated_synthetic,NCCOR Youth Compendium
29,squat,112,2.0,56.0,8.5,estimated_synthetic,Nakagata et al. 2022 (21–29; 1–6 reps/min)
18,push-up,296,8.0,37.0,8.5,estimated_synthetic,Nakagata et al. 2022 + NCCOR Youth Compendium
57,crunch,8,0.5,16.0,3.18,estimated_synthetic,Nakagata et al. 2019 + NCCOR Youth Compendium curl-ups
32,jumping_jack,42,1.0,42.0,5.3,estimated_synthetic,NCCOR Youth Compendium
51,squat,30,10.0,3.0,2.47,estimated_synthetic,Nakagata et al. 2022 (21–29; 1–6 reps/min)
31,push-up,12,3.0,4.0,4.0,estimated_synthetic,Nakagata et al. 2022 + NCCOR Youth Compendium
68,crunch,20,1.5,13.33,3.02,estimated_synthetic,Nakagata et al. 2019 + NCCOR Youth Compendium curl-ups
48,jumping_jack,240,10.0,24.0,4.85,estimated_synthetic,NCCOR Youth Compendium
24,squat,128,8.0,16.0,8.5,estimated_synthetic,Nakagata et al. 2022 (21–29; 1–6 reps/min)
28,push-up,129,3.0,43.0,8.5,estimated_synthetic,Nakagata et al. 2022 + NCCOR Youth Compendium
32,crunch,112,8.0,14.0,2.89,estimated_synthetic,Nakagata et al. 2019 + NCCOR Youth Compendium curl-ups
26,jumping_jack,55,1.0,55.0,5.65,estimated_synthetic,NCCOR Youth Compendium
48,squat,52,2.0,26.0,8.5,estimated_synthetic,Nakagata et al. 2022 (21–29; 1–6 reps/min)
70,push-up,215,5.0,43.0,8.5,estimated_synthetic,Nakagata et al. 2022 + NCCOR Youth Compendium
36,crunch,13,1.0,13.0,2.93,estimated_synthetic,Nakagata et al. 2019 + NCCOR Youth Compendium curl-ups
55,jumping_jack,260,5.0,52.0,5.5,estimated_synthetic,NCCOR Youth Compendium
31,squat,136,8.0,17.0,8.5,estimated_synthetic,Nakagata et al. 2022 (21–29; 1–6 reps/min)
18,push-up,560,10.0,56.0,8.5,estimated_synthetic,Nakagata et al. 2022 + NCCOR Youth Compendium
54,crunch,12,3.0,4.0,2.45,estimated_synthetic,Nakagata et al. 2019 + NCCOR Youth Compendium curl-ups
17,jumping_jack,5,1.0,5.0,4.06,estimated_synthetic,NCCOR Youth Compendium
70,squat,350,10.0,35.0,8.5,estimated_synthetic,Nakagata et al. 2022 (21–29; 1–6 reps/min)
68,push-up,60,2.0,30.0,7.9,estimated_synthetic,Nakagata et al. 2022 + NCCOR Youth Compendium
25,crunch,28,2.0,14.0,3.05,estimated_synthetic,Nakagata et al. 2019 + NCCOR Youth Compendium curl-ups
20,jumping_jack,18,0.5,36.0,4.95,estimated_synthetic,NCCOR Youth Compendium
25,squat,28,0.5,56.0,8.5,estimated_synthetic,Nakagata et al. 2022 (21–29; 1–6 reps/min)
37,push-up,344,8.0,43.0,8.5,estimated_synthetic,Nakagata et al. 2022 + NCCOR Youth Compendium
27,crunch,33,1.0,33.0,3.59,estimated_synthetic,Nakagata et al. 2019 + NCCOR Youth Compendium curl-ups
36,jumping_jack,285,5.0,57.0,5.8,estimated_synthetic,NCCOR Youth Compendium
43,squat,10,0.5,20.0,8.5,estimated_synthetic,Nakagata et al. 2022 (21–29; 1–6 reps/min)
59,push-up,8,0.5,16.0,6.56,estimated_synthetic,Nakagata et al. 2022 + NCCOR Youth Compendium
39,crunch,24,0.5,48.0,3.22,estimated_synthetic,Nakagata et al. 2019 + NCCOR Youth Compendium curl-ups
41,jumping_jack,168,3.0,56.0,5.5,estimated_synthetic,NCCOR Youth Compendium
66,squat,235,5.0,47.0,8.5,estimated_synthetic,Nakagata et al. 2022 (21–29; 1–6 reps/min)
27,push-up,8,0.5,16.0,6.87,estimated_synthetic,Nakagata et al. 2022 + NCCOR Youth Compendium
58,crunch,15,1.0,15.0,3.02,estimated_synthetic,Nakagata et al. 2019 + NCCOR Youth Compendium curl-ups
67,jumping_jack,176,8.0,22.0,4.58,estimated_synthetic,NCCOR Youth Compendium
22,squat,5,0.5,10.0,6.12,estimated_synthetic,Nakagata et al. 2022 (21–29; 1–6 reps/min)
56,push-up,20,2.0,10.0,5.57,estimated_synthetic,Nakagata et al. 2022 + NCCOR Youth Compendium
69,crunch,92,2.0,46.0,3.37,estimated_synthetic,Nakagata et al. 2019 + NCCOR Youth Compendium curl-ups
44,jumping_jack,60,10.0,6.0,3.83,estimated_synthetic,NCCOR Youth Compendium
64,squat,15,3.0,5.0,3.29,estimated_synthetic,Nakagata et al. 2022 (21–29; 1–6 reps/min)
49,push-up,240,10.0,24.0,8.2,estimated_synthetic,Nakagata et al. 2022 + NCCOR Youth Compendium
36,crunch,60,5.0,12.0,2.76,estimated_synthetic,Nakagata et al. 2019 + NCCOR Youth Compendium curl-ups
61,jumping_jack,272,8.0,34.0,4.79,estimated_synthetic,NCCOR Youth Compendium
51,squat,20,1.5,13.33,8.1,estimated_synthetic,Nakagata et al. 2022 (21–29; 1–6 reps/min)
18,push-up,153,3.0,51.0,8.5,estimated_synthetic,Nakagata et al. 2022 + NCCOR Youth Compendium
55,crunch,15,5.0,3.0,2.23,estimated_synthetic,Nakagata et al. 2019 + NCCOR Youth Compendium curl-ups
47,jumping_jack,76,1.5,50.67,5.37,estimated_synthetic,NCCOR Youth Compendium
56,squat,3,0.5,6.0,3.69,estimated_synthetic,Nakagata et al. 2022 (21–29; 1–6 reps/min)
58,push-up,115,5.0,23.0,7.88,estimated_synthetic,Nakagata et al. 2022 + NCCOR Youth Compendium
28,crunch,60,5.0,12.0,2.64,estimated_synthetic,Nakagata et al. 2019 + NCCOR Youth Compendium curl-ups
32,jumping_jack,20,0.5,40.0,5.31,estimated_synthetic,NCCOR Youth Compendium
59,squat,22,0.5,44.0,8.5,estimated_synthetic,Nakagata et al. 2022 (21–29; 1–6 reps/min)
30,push-up,20,0.5,40.0,8.5,estimated_synthetic,Nakagata et al. 2022 + NCCOR Youth Compendium
16,crunch,40,8.0,5.0,2.29,estimated_synthetic,Nakagata et al. 2019 + NCCOR Youth Compendium curl-ups
29,jumping_jack,100,2.0,50.0,5.57,estimated_synthetic,NCCOR Youth Compendium
17,squat,112,8.0,14.0,8.12,estimated_synthetic,Nakagata et al. 2022 (21–29; 1–6 reps/min)
64,push-up,22,0.5,44.0,8.5,estimated_synthetic,Nakagata et al. 2022 + NCCOR Youth Compendium
45,crunch,156,3.0,52.0,3.52,estimated_synthetic,Nakagata et al. 2019 + NCCOR Youth Compendium curl-ups
27,jumping_jack,6,0.5,12.0,4.42,estimated_synthetic,NCCOR Youth Compendium
22,squat,52,1.0,52.0,8.5,estimated_synthetic,Nakagata et al. 2022 (21–29; 1–6 reps/min)
41,push-up,310,10.0,31.0,8.5,estimated_synthetic,Nakagata et al. 2022 + NCCOR Youth Compendium
17,crunch,92,2.0,46.0,3.42,estimated_synthetic,Nakagata et al. 2019 + NCCOR Youth Compendium curl-ups
43,jumping_jack,75,1.5,50.0,5.85,estimated_synthetic,NCCOR Youth Compendium
69,squat,12,0.5,24.0,8.5,estimated_synthetic,Nakagata et al. 2022 (21–29; 1–6 reps/min)
50,push-up,52,1.5,34.67,8.5,estimated_synthetic,Nakagata et al. 2022 + NCCOR Youth Compendium
24,crunch,70,5.0,14.0,3.04,estimated_synthetic,Nakagata et al. 2019 + NCCOR Youth Compendium curl-ups
52,jumping_jack,424,8.0,53.0,5.49,estimated_synthetic,NCCOR Youth Compendium
68,squat,65,5.0,13.0,6.79,estimated_synthetic,Nakagata et al. 2022 (21–29; 1–6 reps/min)
52,push-up,66,2.0,33.0,8.5,estimated_synthetic,Nakagata et al. 2022 + NCCOR Youth Compendium
58,crunch,100,5.0,20.0,3.17,estimated_synthetic,Nakagata et al. 2019 + NCCOR Youth Compendium curl-ups
49,jumping_jack,50,5.0,10.0,3.82,estimated_synthetic,NCCOR Youth Compendium
65,squat,205,5.0,41.0,8.5,estimated_synthetic,Nakagata et al. 2022 (21–29; 1–6 reps/min)
34,push-up,8,0.5,16.0,6.57,estimated_synthetic,Nakagata et al. 2022 + NCCOR Youth Compendium
60,crunch,56,2.0,28.0,3.37,estimated_synthetic,Nakagata et al. 2019 + NCCOR Youth Compendium curl-ups
56,jumping_jack,118,2.0,59.0,5.74,estimated_synthetic,NCCOR Youth Compendium
41,squat,11,0.5,22.0,8.5,estimated_synthetic,Nakagata et al. 2022 (21–29; 1–6 reps/min)
46,push-up,57,1.5,38.0,8.5,estimated_synthetic,Nakagata et al. 2022 + NCCOR Youth Compendium
45,crunch,17,1.0,17.0,3.21,estimated_synthetic,Nakagata et al. 2019 + NCCOR Youth Compendium curl-ups
39,jumping_jack,76,1.5,50.67,5.31,estimated_synthetic,NCCOR Youth Compendium
55,squat,47,1.0,47.0,8.5,estimated_synthetic,Nakagata et al. 2022 (21–29; 1–6 reps/min)
47,push-up,470,10.0,47.0,8.5,estimated_synthetic,Nakagata et al. 2022 + NCCOR Youth Compendium
65,crunch,51,1.5,34.0,3.42,estimated_synthetic,Nakagata et al. 2019 + NCCOR Youth Compendium curl-ups
57,jumping_jack,39,3.0,13.0,4.17,estimated_synthetic,NCCOR Youth Compendium
25,squat,330,10.0,33.0,8.5,estimated_synthetic,Nakagata et al. 2022 (21–29; 1–6 reps/min)
54,push-up,88,2.0,44.0,8.5,estimated_synthetic,Nakagata et al. 2022 + NCCOR Youth Compendium
23,crunch,126,3.0,42.0,3.6,estimated_synthetic,Nakagata et al. 2019 + NCCOR Youth Compendium curl-ups
44,jumping_jack,46,2.0,23.0,4.63,estimated_synthetic,NCCOR Youth Compendium
33,squat,57,1.5,38.0,8.5,estimated_synthetic,Nakagata et al. 2022 (21–29; 1–6 reps/min)
59,push-up,16,0.5,32.0,8.5,estimated_synthetic,Nakagata et al. 2022 + NCCOR Youth Compendium
48,crunch,5,1.0,5.0,2.21,estimated_synthetic,Nakagata et al. 2019 + NCCOR Youth Compendium curl-ups
25,jumping_jack,118,2.0,59.0,5.81,estimated_synthetic,NCCOR Youth Compendium
34,squat,4,0.5,8.0,4.88,estimated_synthetic,Nakagata et al. 2022 (21–29; 1–6 reps/min)
30,push-up,118,2.0,59.0,8.5,estimated_synthetic,Nakagata et al. 2022 + NCCOR Youth Compendium
70,crunch,51,1.0,51.0,3.46,estimated_synthetic,Nakagata et al. 2019 + NCCOR Youth Compendium curl-ups
49,jumping_jack,48,3.0,16.0,4.17,estimated_synthetic,NCCOR Youth Compendium
70,squat,6,0.5,12.0,6.48,estimated_synthetic,Nakagata et al. 2022 (21–29; 1–6 reps/min)
16,push-up,240,10.0,24.0,7.79,estimated_synthetic,Nakagata et al. 2022 + NCCOR Youth Compendium
55,crunch,162,3.0,54.0,3.54,estimated_synthetic,Nakagata et al. 2019 + NCCOR Youth Compendium curl-ups
57,jumping_jack,440,10.0,44.0,5.64,estimated_synthetic,NCCOR Youth Compendium
45,squat,86,1.5,57.33,8.5,estimated_synthetic,Nakagata et al. 2022 (21–29; 1–6 reps/min)
70,push-up,138,3.0,46.0,8.5,estimated_synthetic,Nakagata et al. 2022 + NCCOR Youth Compendium
69,crunch,35,5.0,7.0,2.44,estimated_synthetic,Nakagata et al. 2019 + NCCOR Youth Compendium curl-ups
43,jumping_jack,440,8.0,55.0,5.63,estimated_synthetic,NCCOR Youth Compendium
38,squat,110,10.0,11.0,6.6,estimated_synthetic,Nakagata et al. 2022 (21–29; 1–6 reps/min)
64,push-up,35,5.0,7.0,4.33,estimated_synthetic,Nakagata et al. 2022 + NCCOR Youth Compendium
58,crunch,19,0.5,38.0,3.45,estimated_synthetic,Nakagata et al. 2019 + NCCOR Youth Compendium curl-ups
21,jumping_jack,30,2.0,15.0,4.49,estimated_synthetic,NCCOR Youth Compendium
55,squat,180,5.0,36.0,8.5,estimated_synthetic,Nakagata et al. 2022 (21–29; 1–6 reps/min)
50,push-up,360,10.0,36.0,8.5,estimated_synthetic,Nakagata et al. 2022 + NCCOR Youth Compendium
40,crunch,129,3.0,43.0,3.23,estimated_synthetic,Nakagata et al. 2019 + NCCOR Youth Compendium curl-ups
25,jumping_jack,4,0.5,8.0,3.86,estimated_synthetic,NCCOR Youth Compendium
28,squat,20,2.0,10.0,6.2,estimated_synthetic,Nakagata et al. 2022 (21–29; 1–6 reps/min)
29,push-up,26,2.0,13.0,6.17,estimated_synthetic,Nakagata et al. 2022 + NCCOR Youth Compendium
61,crunch,260,10.0,26.0,3.44,estimated_synthetic,Nakagata et al. 2019 + NCCOR Youth Compendium curl-ups
35,jumping_jack,100,10.0,10.0,4.01,estimated_synthetic,NCCOR Youth Compendium
62,squat,260,5.0,52.0,8.5,estimated_synthetic,Nakagata et al. 2022 (21–29; 1–6 reps/min)
16,push-up,70,10.0,7.0,4.66,estimated_synthetic,Nakagata et al. 2022 + NCCOR Youth Compendium
20,crunch,15,3.0,5.0,2.3,estimated_synthetic,Nakagata et al. 2019 + NCCOR Youth Compendium curl-ups
19,jumping_jack,9,0.5,18.0,4.49,estimated_synthetic,NCCOR Youth Compendium
15,squat,155,5.0,31.0,8.5,estimated_synthetic,Nakagata et al. 2022 (21–29; 1–6 reps/min)
68,push-up,28,0.5,56.0,8.5,estimated_synthetic,Nakagata et al. 2022 + NCCOR Youth Compendium
40,crunch,160,8.0,20.0,3.16,estimated_synthetic,Nakagata et al. 2019 + NCCOR Youth Compendium curl-ups
28,jumping_jack,8,1.0,8.0,4.36,estimated_synthetic,NCCOR Youth Compendium
63,squat,190,10.0,19.0,8.5,estimated_synthetic,Nakagata et al. 2022 (21–29; 1–6 reps/min)
39,push-up,18,0.5,36.0,8.5,estimated_synthetic,Nakagata et al. 2022 + NCCOR Youth Compendium
31,crunch,270,5.0,54.0,3.42,estimated_synthetic,Nakagata et al. 2019 + NCCOR Youth Compendium curl-ups
54,jumping_jack,33,3.0,11.0,4.27,estimated_synthetic,NCCOR Youth Compendium
28,squat,6,0.5,12.0,7.21,estimated_synthetic,Nakagata et al. 2022 (21–29; 1–6 reps/min)
50,push-up,55,5.0,11.0,5.74,estimated_synthetic,Nakagata et al. 2022 + NCCOR Youth Compendium
54,crunch,28,1.5,18.67,3.2,estimated_synthetic,Nakagata et al. 2019 + NCCOR Youth Compendium curl-ups
50,jumping_jack,84,2.0,42.0,5.15,estimated_synthetic,NCCOR Youth Compendium
26,squat,33,1.0,33.0,8.5,estimated_synthetic,Nakagata et al. 2022 (21–29; 1–6 reps/min)
18,push-up,320,8.0,40.0,8.5,estimated_synthetic,Nakagata et al. 2022 + NCCOR Youth Compendium
39,crunch,42,1.0,42.0,3.36,estimated_synthetic,Nakagata et al. 2019 + NCCOR Youth Compendium curl-ups
60,jumping_jack,20,0.5,40.0,5.0,estimated_synthetic,NCCOR Youth Compendium
16,squat,130,5.0,26.0,8.5,estimated_synthetic,Nakagata et al. 2022 (21–29; 1–6 reps/min)
38,push-up,30,5.0,6.0,4.64,estimated_synthetic,Nakagata et al. 2022 + NCCOR Youth Compendium
48,crunch,12,1.0,12.0,3.12,estimated_synthetic,Nakagata et al. 2019 + NCCOR Youth Compendium curl-ups
53,jumping_jack,21,3.0,7.0,3.68,estimated_synthetic,NCCOR Youth Compendium
27,squat,29,0.5,58.0,8.5,estimated_synthetic,Nakagata et al. 2022 (21–29; 1–6 reps/min)
27,push-up,490,10.0,49.0,8.5,estimated_synthetic,Nakagata et al. 2022 + NCCOR Youth Compendium
15,crunch,21,1.5,14.0,2.91,estimated_synthetic,Nakagata et al. 2019 + NCCOR Youth Compendium curl-ups
44,jumping_jack,100,10.0,10.0,4.23,estimated_synthetic,NCCOR Youth Compendium
40,squat,4,0.5,8.0,4.88,estimated_synthetic,Nakagata et al. 2022 (21–29; 1–6 reps/min)
66,push-up,310,10.0,31.0,7.98,estimated_synthetic,Nakagata et al. 2022 + NCCOR Youth Compendium
60,crunch,63,1.5,42.0,3.43,estimated_synthetic,Nakagata et al. 2019 + NCCOR Youth Compendium curl-ups
55,jumping_jack,33,1.0,33.0,5.04,estimated_synthetic,NCCOR Youth Compendium
27,squat,295,5.0,59.0,8.5,estimated_synthetic,Nakagata et al. 2022 (21–29; 1–6 reps/min)
36,push-up,171,3.0,57.0,8.5,estimated_synthetic,Nakagata et al. 2022 + NCCOR Youth Compendium
23,crunch,108,3.0,36.0,3.25,estimated_synthetic,Nakagata et al. 2019 + NCCOR Youth Compendium curl-ups
69,jumping_jack,285,5.0,57.0,5.62,estimated_synthetic,NCCOR Youth Compendium
64,squat,135,5.0,27.0,8.5,estimated_synthetic,Nakagata et al. 2022 (21–29; 1–6 reps/min)
28,push-up,28,1.0,28.0,8.5,estimated_synthetic,Nakagata et al. 2022 + NCCOR Youth Compendium
22,crunch,168,3.0,56.0,3.35,estimated_synthetic,Nakagata et al. 2019 + NCCOR Youth Compendium curl-ups
55,jumping_jack,225,5.0,45.0,5.13,estimated_synthetic,NCCOR Youth Compendium
64,squat,230,5.0,46.0,8.5,estimated_synthetic,Nakagata et al. 2022 (21–29; 1–6 reps/min)
58,push-up,160,10.0,16.0,6.52,estimated_synthetic,Nakagata et al. 2022 + NCCOR Youth Compendium
30,crunch,280,10.0,28.0,3.34,estimated_synthetic,Nakagata et al. 2019 + NCCOR Youth Compendium curl-ups
52,jumping_jack,295,5.0,59.0,6.12,estimated_synthetic,NCCOR Youth Compendium
55,squat,33,1.5,22.0,8.5,estimated_synthetic,Nakagata et al. 2022 (21–29; 1–6 reps/min)
51,push-up,360,10.0,36.0,8.5,estimated_synthetic,Nakagata et al. 2022 + NCCOR Youth Compendium
50,crunch,144,3.0,48.0,3.32,estimated_synthetic,Nakagata et al. 2019 + NCCOR Youth Compendium curl-ups
31,jumping_jack,11,1.0,11.0,4.1,estimated_synthetic,NCCOR Youth Compendium
70,squat,27,0.5,54.0,8.5,estimated_synthetic,Nakagata et al. 2022 (21–29; 1–6 reps/min)
63,push-up,81,3.0,27.0,7.35,estimated_synthetic,Nakagata et al. 2022 + NCCOR Youth Compendium
28,crunch,6,1.0,6.0,2.37,estimated_synthetic,Nakagata et al. 2019 + NCCOR Youth Compendium curl-ups
40,jumping_jack,490,10.0,49.0,5.4,estimated_synthetic,NCCOR Youth Compendium
43,squat,20,5.0,4.0,2.8,estimated_synthetic,Nakagata et al. 2022 (21–29; 1–6 reps/min)
62,push-up,14,0.5,28.0,7.41,estimated_synthetic,Nakagata et al. 2022 + NCCOR Youth Compendium
54,crunch,340,10.0,34.0,3.5,estimated_synthetic,Nakagata et al. 2019 + NCCOR Youth Compendium curl-ups
37,jumping_jack,70,1.5,46.67,5.37,estimated_synthetic,NCCOR Youth Compendium
37,squat,264,8.0,33.0,8.5,estimated_synthetic,Nakagata et al. 2022 (21–29; 1–6 reps/min)
19,push-up,88,1.5,58.67,8.5,estimated_synthetic,Nakagata et al. 2022 + NCCOR Youth Compendium
60,crunch,272,8.0,34.0,3.32,estimated_synthetic,Nakagata et al. 2019 + NCCOR Youth Compendium curl-ups
30,jumping_jack,168,3.0,56.0,5.78,estimated_synthetic,NCCOR Youth Compendium
19,squat,70,2.0,35.0,8.5,estimated_synthetic,Nakagata et al. 2022 (21–29; 1–6 reps/min)
21,push-up,43,1.0,43.0,8.5,estimated_synthetic,Nakagata et al. 2022 + NCCOR Youth Compendium
21,crunch,68,2.0,34.0,3.37,estimated_synthetic,Nakagata et al. 2019 + NCCOR Youth Compendium curl-ups
47,jumping_jack,580,10.0,58.0,5.84,estimated_synthetic,NCCOR Youth Compendium
48,squat,55,1.0,55.0,8.5,estimated_synthetic,Nakagata et al. 2022 (21–29; 1–6 reps/min)
15,push-up,265,5.0,53.0,8.5,estimated_synthetic,Nakagata et al. 2022 + NCCOR Youth Compendium
15,crunch,6,1.0,6.0,2.38,estimated_synthetic,Nakagata et al. 2019 + NCCOR Youth Compendium curl-ups
40,jumping_jack,90,2.0,45.0,5.42,estimated_synthetic,NCCOR Youth Compendium
65,squat,69,3.0,23.0,8.5,estimated_synthetic,Nakagata et al. 2022 (21–29; 1–6 reps/min)
36,push-up,27,1.0,27.0,8.5,estimated_synthetic,Nakagata et al. 2022 + NCCOR Youth Compendium
32,crunch,23,1.0,23.0,3.66,estimated_synthetic,Nakagata et al. 2019 + NCCOR Youth Compendium curl-ups
18,jumping_jack,59,1.0,59.0,5.78,estimated_synthetic,NCCOR Youth Compendium
43,squat,32,1.5,21.33,8.5,estimated_synthetic,Nakagata et al. 2022 (21–29; 1–6 reps/min)
22,push-up,168,3.0,56.0,8.5,estimated_synthetic,Nakagata et al. 2022 + NCCOR Youth Compendium
39,crunch,108,3.0,36.0,3.44,estimated_synthetic,Nakagata et al. 2019 + NCCOR Youth Compendium curl-ups
60,jumping_jack,26,0.5,52.0,5.68,estimated_synthetic,NCCOR Youth Compendium
52,squat,20,0.5,40.0,8.5,estimated_synthetic,Nakagata et al. 2022 (21–29; 1–6 reps/min)
42,push-up,40,5.0,8.0,5.18,estimated_synthetic,Nakagata et al. 2022 + NCCOR Youth Compendium
19,crunch,3,0.5,6.0,2.57,estimated_synthetic,Nakagata et al. 2019 + NCCOR Youth Compendium curl-ups
55,jumping_jack,15,0.5,30.0,4.5,estimated_synthetic,NCCOR Youth Compendium
32,squat,165,3.0,55.0,8.5,estimated_synthetic,Nakagata et al. 2022 (21–29; 1–6 reps/min)
60,push-up,26,1.5,17.33,6.01,estimated_synthetic,Nakagata et al. 2022 + NCCOR Youth Compendium
56,crunch,430,10.0,43.0,3.4,estimated_synthetic,Nakagata et al. 2019 + NCCOR Youth Compendium curl-ups
31,jumping_jack,480,8.0,60.0,5.9,estimated_synthetic,NCCOR Youth Compendium
15,squat,20,0.5,40.0,8.5,estimated_synthetic,Nakagata et al. 2022 (21–29; 1–6 reps/min)
48,push-up,26,2.0,13.0,5.76,estimated_synthetic,Nakagata et al. 2022 + NCCOR Youth Compendium
30,crunch,95,5.0,19.0,3.25,estimated_synthetic,Nakagata et al. 2019 + NCCOR Youth Compendium curl-ups
43,jumping_jack,36,1.0,36.0,4.92,estimated_synthetic,NCCOR Youth Compendium
56,squat,40,8.0,5.0,3.16,estimated_synthetic,Nakagata et al. 2022 (21–29; 1–6 reps/min)
59,push-up,540,10.0,54.0,8.5,estimated_synthetic,Nakagata et al. 2022 + NCCOR Youth Compendium
49,crunch,16,1.0,16.0,3.08,estimated_synthetic,Nakagata et al. 2019 + NCCOR Youth Compendium curl-ups
68,jumping_jack,42,2.0,21.0,4.52,estimated_synthetic,NCCOR Youth Compendium
65,squat,117,3.0,39.0,8.5,estimated_synthetic,Nakagata et al. 2022 (21–29; 1–6 reps/min)
39,push-up,56,8.0,7.0,5.09,estimated_synthetic,Nakagata et al. 2022 + NCCOR Youth Compendium
43,crunch,310,10.0,31.0,3.64,estimated_synthetic,Nakagata et al. 2019 + NCCOR Youth Compendium curl-ups
17,jumping_jack,190,10.0,19.0,4.3,estimated_synthetic,NCCOR Youth Compendium
18,squat,177,3.0,59.0,8.5,estimated_synthetic,Nakagata et al. 2022 (21–29; 1–6 reps/min)
29,push-up,86,2.0,43.0,8.5,estimated_synthetic,Nakagata et al. 2022 + NCCOR Youth Compendium
63,crunch,52,1.5,34.67,3.32,estimated_synthetic,Nakagata et al. 2019 + NCCOR Youth Compendium curl-ups
56,jumping_jack,51,1.5,34.0,5.03,estimated_synthetic,NCCOR Youth Compendium
25,squat,13,0.5,26.0,8.5,estimated_synthetic,Nakagata et al. 2022 (21–29; 1–6 reps/min)
21,push-up,344,8.0,43.0,8.5,estimated_synthetic,Nakagata et al. 2022 + NCCOR Youth Compendium
37,crunch,46,1.0,46.0,3.36,estimated_synthetic,Nakagata et al. 2019 + NCCOR Youth Compendium curl-ups
43,jumping_jack,75,5.0,15.0,4.29,estimated_synthetic,NCCOR Youth Compendium
17,squat,140,5.0,28.0,8.5,estimated_synthetic,Nakagata et al. 2022 (21–29; 1–6 reps/min)
27,push-up,30,2.0,15.0,6.47,estimated_synthetic,Nakagata et al. 2022 + NCCOR Youth Compendium
49,crunch,51,1.0,51.0,3.46,estimated_synthetic,Nakagata et al. 2019 + NCCOR Youth Compendium curl-ups
21,jumping_jack,40,8.0,5.0,4.06,estimated_synthetic,NCCOR Youth Compendium
26,squat,147,3.0,49.0,8.5,estimated_synthetic,Nakagata et al. 2022 (21–29; 1–6 reps/min)
15,push-up,60,10.0,6.0,4.71,estimated_synthetic,Nakagata et al. 2022 + NCCOR Youth Compendium
33,crunch,17,0.5,34.0,3.36,estimated_synthetic,Nakagata et al. 2019 + NCCOR Youth Compendium curl-ups
49,jumping_jack,22,0.5,44.0,5.13,estimated_synthetic,NCCOR Youth Compendium
25,squat,256,8.0,32.0,8.5,estimated_synthetic,Nakagata et al. 2022 (21–29; 1–6 reps/min)
53,push-up,14,0.5,28.0,8.5,estimated_synthetic,Nakagata et al. 2022 + NCCOR Youth Compendium
59,crunch,42,1.5,28.0,3.41,estimated_synthetic,Nakagata et al. 2019 + NCCOR Youth Compendium curl-ups
36,jumping_jack,30,5.0,6.0,3.86,estimated_synthetic,NCCOR Youth Compendium
34,squat,14,1.0,14.0,8.5,estimated_synthetic,Nakagata et al. 2022 (21–29; 1–6 reps/min)
16,push-up,78,3.0,26.0,8.23,estimated_synthetic,Nakagata et al. 2022 + NCCOR Youth Compendium
56,crunch,456,8.0,57.0,3.35,estimated_synthetic,Nakagata et al. 2019 + NCCOR Youth Compendium curl-ups
66,jumping_jack,145,5.0,29.0,4.76,estimated_synthetic,NCCOR Youth Compendium
41,squat,26,0.5,52.0,8.5,estimated_synthetic,Nakagata et al. 2022 (21–29; 1–6 reps/min)
65,push-up,74,1.5,49.33,8.5,estimated_synthetic,Nakagata et al. 2022 + NCCOR Youth Compendium
53,crunch,290,5.0,58.0,3.56,estimated_synthetic,Nakagata et al. 2019 + NCCOR Youth Compendium curl-ups
54,jumping_jack,6,2.0,3.0,3.66,estimated_synthetic,NCCOR Youth Compendium
38,squat,14,2.0,7.0,4.46,estimated_synthetic,Nakagata et al. 2022 (21–29; 1–6 reps/min)
62,push-up,74,2.0,37.0,8.5,estimated_synthetic,Nakagata et al. 2022 + NCCOR Youth Compendium
65,crunch,60,1.0,60.0,3.26,estimated_synthetic,Nakagata et al. 2019 + NCCOR Youth Compendium curl-ups
50,jumping_jack,105,3.0,35.0,4.89,estimated_synthetic,NCCOR Youth Compendium
42,squat,50,2.0,25.0,8.5,estimated_synthetic,Nakagata et al. 2022 (21–29; 1–6 reps/min)
36,push-up,136,8.0,17.0,7.01,estimated_synthetic,Nakagata et al. 2022 + NCCOR Youth Compendium
49,crunch,69,1.5,46.0,3.52,estimated_synthetic,Nakagata et al. 2019 + NCCOR Youth Compendium curl-ups
23,jumping_jack,24,3.0,8.0,4.14,estimated_synthetic,NCCOR Youth Compendium
28,squat,69,3.0,23.0,8.5,estimated_synthetic,Nakagata et al. 2022 (21–29; 1–6 reps/min)
44,push-up,6,0.5,12.0,5.9,estimated_synthetic,Nakagata et al. 2022 + NCCOR Youth Compendium
31,crunch,14,0.5,28.0,3.29,estimated_synthetic,Nakagata et al. 2019 + NCCOR Youth Compendium curl-ups
66,jumping_jack,270,10.0,27.0,4.7,estimated_synthetic,NCCOR Youth Compendium
32,squat,176,8.0,22.0,8.5,estimated_synthetic,Nakagata et al. 2022 (21–29; 1–6 reps/min)
24,push-up,40,8.0,5.0,4.56,estimated_synthetic,Nakagata et al. 2022 + NCCOR Youth Compendium
35,crunch,85,5.0,17.0,2.97,estimated_synthetic,Nakagata et al. 2019 + NCCOR Youth Compendium curl-ups
28,jumping_jack,34,1.5,22.67,4.69,estimated_synthetic,NCCOR Youth Compendium
52,squat,264,8.0,33.0,8.5,estimated_synthetic,Nakagata et al. 2022 (21–29; 1–6 reps/min)
24,push-up,160,10.0,16.0,6.79,estimated_synthetic,Nakagata et al. 2022 + NCCOR Youth Compendium
34,crunch,37,1.0,37.0,3.17,estimated_synthetic,Nakagata et al. 2019 + NCCOR Youth Compendium curl-ups
63,jumping_jack,141,3.0,47.0,5.52,estimated_synthetic,NCCOR Youth Compendium
16,squat,120,10.0,12.0,6.87,estimated_synthetic,Nakagata et al. 2022 (21–29; 1–6 reps/min)
47,push-up,2,0.5,4.0,3.97,estimated_synthetic,Nakagata et al. 2022 + NCCOR Youth Compendium
34,crunch,171,3.0,57.0,3.43,estimated_synthetic,Nakagata et al. 2019 + NCCOR Youth Compendium curl-ups
61,jumping_jack,490,10.0,49.0,5.61,estimated_synthetic,NCCOR Youth Compendium
33,squat,80,10.0,8.0,4.79,estimated_synthetic,Nakagata et al. 2022 (21–29; 1–6 reps/min)
27,push-up,132,3.0,44.0,8.5,estimated_synthetic,Nakagata et al. 2022 + NCCOR Youth Compendium
49,crunch,9,3.0,3.0,2.22,estimated_synthetic,Nakagata et al. 2019 + NCCOR Youth Compendium curl-ups
54,jumping_jack,480,10.0,48.0,5.54,estimated_synthetic,NCCOR Youth Compendium
61,squat,192,8.0,24.0,8.5,estimated_synthetic,Nakagata et al. 2022 (21–29; 1–6 reps/min)
21,push-up,540,10.0,54.0,8.5,estimated_synthetic,Nakagata et al. 2022 + NCCOR Youth Compendium
70,crunch,44,1.5,29.33,3.23,estimated_synthetic,Nakagata et al. 2019 + NCCOR Youth Compendium curl-ups
32,jumping_jack,39,1.5,26.0,4.35,estimated_synthetic,NCCOR Youth Compendium
59,squat,310,10.0,31.0,8.5,estimated_synthetic,Nakagata et al. 2022 (21–29; 1–6 reps/min)
26,push-up,111,3.0,37.0,8.5,estimated_synthetic,Nakagata et al. 2022 + NCCOR Youth Compendium
20,crunch,6,0.5,12.0,2.86,estimated_synthetic,Nakagata et al. 2019 + NCCOR Youth Compendium curl-ups
69,jumping_jack,20,5.0,4.0,4.03,estimated_synthetic,NCCOR Youth Compendium
40,squat,138,3.0,46.0,8.5,estimated_synthetic,Nakagata et al. 2022 (21–29; 1–6 reps/min)
19,push-up,62,2.0,31.0,8.5,estimated_synthetic,Nakagata et al. 2022 + NCCOR Youth Compendium
28,crunch,90,10.0,9.0,2.67,estimated_synthetic,Nakagata et al. 2019 + NCCOR Youth Compendium curl-ups
31,jumping_jack,9,0.5,18.0,4.35,estimated_synthetic,NCCOR Youth Compendium
36,squat,190,5.0,38.0,8.5,estimated_synthetic,Nakagata et al. 2022 (21–29; 1–6 reps/min)
65,push-up,144,3.0,48.0,8.5,estimated_synthetic,Nakagata et al. 2022 + NCCOR Youth Compendium
37,crunch,21,1.5,14.0,3.02,estimated_synthetic,Nakagata et al. 2019 + NCCOR Youth Compendium curl-ups
16,jumping_jack,80,5.0,16.0,4.3,estimated_synthetic,NCCOR Youth Compendium
26,squat,177,3.0,59.0,8.5,estimated_synthetic,Nakagata et al. 2022 (21–29; 1–6 reps/min)
15,push-up,75,1.5,50.0,8.5,estimated_synthetic,Nakagata et al. 2022 + NCCOR Youth Compendium
32,crunch,190,5.0,38.0,3.22,estimated_synthetic,Nakagata et al. 2019 + NCCOR Youth Compendium curl-ups
41,jumping_jack,10,1.0,10.0,4.28,estimated_synthetic,NCCOR Youth Compendium
21,squat,26,1.5,17.33,8.5,estimated_synthetic,Nakagata et al. 2022 (21–29; 1–6 reps/min)
40,push-up,33,3.0,11.0,5.55,estimated_synthetic,Nakagata et al. 2022 + NCCOR Youth Compendium
49,crunch,18,0.5,36.0,3.25,estimated_synthetic,Nakagata et al. 2019 + NCCOR Youth Compendium curl-ups
15,jumping_jack,190,5.0,38.0,4.91,estimated_synthetic,NCCOR Youth Compendium
25,squat,159,3.0,53.0,8.5,estimated_synthetic,Nakagata et al. 2022 (21–29; 1–6 reps/min)
55,push-up,600,10.0,60.0,8.5,estimated_synthetic,Nakagata et al. 2022 + NCCOR Youth Compendium
52,crunch,280,5.0,56.0,3.49,estimated_synthetic,Nakagata et al. 2019 + NCCOR Youth Compendium curl-ups
21,jumping_jack,76,1.5,50.67,5.4,estimated_synthetic,NCCOR Youth Compendium
59,squat,27,1.0,27.0,8.5,estimated_synthetic,Nakagata et al. 2022 (21–29; 1–6 reps/min)
30,push-up,90,1.5,60.0,8.5,estimated_synthetic,Nakagata et al. 2022 + NCCOR Youth Compendium
70,crunch,138,3.0,46.0,3.57,estimated_synthetic,Nakagata et al. 2019 + NCCOR Youth Compendium curl-ups
68,jumping_jack,150,3.0,50.0,5.76,estimated_synthetic,NCCOR Youth Compendium
46,squat,39,1.5,26.0,8.5,estimated_synthetic,Nakagata et al. 2022 (21–29; 1–6 reps/min)
31,push-up,120,5.0,24.0,8.28,estimated_synthetic,Nakagata et al. 2022 + NCCOR Youth Compendium
36,crunch,87,1.5,58.0,3.28,estimated_synthetic,Nakagata et al. 2019 + NCCOR Youth Compendium curl-ups
40,jumping_jack,60,5.0,12.0,3.79,estimated_synthetic,NCCOR Youth Compendium
34,squat,8,2.0,4.0,3.01,estimated_synthetic,Nakagata et al. 2022 (21–29; 1–6 reps/min)
55,push-up,42,3.0,14.0,6.24,estimated_synthetic,Nakagata et al. 2022 + NCCOR Youth Compendium
54,crunch,38,1.5,25.33,3.42,estimated_synthetic,Nakagata et al. 2019 + NCCOR Youth Compendium curl-ups
23,jumping_jack,59,1.0,59.0,5.91,estimated_synthetic,NCCOR Youth Compendium
45,squat,44,1.5,29.33,8.5,estimated_synthetic,Nakagata et al. 2022 (21–29; 1–6 reps/min)
55,push-up,2,0.5,4.0,4.03,estimated_synthetic,Nakagata et al. 2022 + NCCOR Youth Compendium
34,crunch,550,10.0,55.0,3.42,estimated_synthetic,Nakagata et al. 2019 + NCCOR Youth Compendium curl-ups
20,jumping_jack,144,3.0,48.0,5.46,estimated_synthetic,NCCOR Youth Compendium
44,squat,210,5.0,42.0,8.5,estimated_synthetic,Nakagata et al. 2022 (21–29; 1–6 reps/min)
24,push-up,168,8.0,21.0,7.48,estimated_synthetic,Nakagata et al. 2022 + NCCOR Youth Compendium
47,crunch,3,1.0,3.0,2.26,estimated_synthetic,Nakagata et al. 2019 + NCCOR Youth Compendium curl-ups
22,jumping_jack,12,1.0,12.0,4.17,estimated_synthetic,NCCOR Youth Compendium
26,squat,165,5.0,33.0,8.5,estimated_synthetic,Nakagata et al. 2022 (21–29; 1–6 reps/min)
47,push-up,450,10.0,45.0,8.5,estimated_synthetic,Nakagata et al. 2022 + NCCOR Youth Compendium
51,crunch,340,10.0,34.0,3.43,estimated_synthetic,Nakagata et al. 2019 + NCCOR Youth Compendium curl-ups
67,jumping_jack,390,10.0,39.0,5.06,estimated_synthetic,NCCOR Youth Compendium
32,squat,174,3.0,58.0,8.5,estimated_synthetic,Nakagata et al. 2022 (21–29; 1–6 reps/min)
15,push-up,62,1.5,41.33,8.5,estimated_synthetic,Nakagata et al. 2022 + NCCOR Youth Compendium
53,crunch,88,2.0,44.0,3.46,estimated_synthetic,Nakagata et al. 2019 + NCCOR Youth Compendium curl-ups
50,jumping_jack,580,10.0,58.0,5.87,estimated_synthetic,NCCOR Youth Compendium
42,squat,20,0.5,40.0,8.5,estimated_synthetic,Nakagata et al. 2022 (21–29; 1–6 reps/min)
16,push-up,208,8.0,26.0,8.08,estimated_synthetic,Nakagata et al. 2022 + NCCOR Youth Compendium
40,crunch,41,1.0,41.0,3.39,estimated_synthetic,Nakagata et al. 2019 + NCCOR Youth Compendium curl-ups
15,jumping_jack,360,8.0,45.0,5.02,estimated_synthetic,NCCOR Youth Compendium
59,squat,80,10.0,8.0,4.86,estimated_synthetic,Nakagata et al. 2022 (21–29; 1–6 reps/min)
42,push-up,14,2.0,7.0,5.0,estimated_synthetic,Nakagata et al. 2022 + NCCOR Youth Compendium
50,crunch,80,10.0,8.0,2.54,estimated_synthetic,Nakagata et al. 2019 + NCCOR Youth Compendium curl-ups
37,jumping_jack,15,1.0,15.0,4.18,estimated_synthetic,NCCOR Youth Compendium
51,squat,105,3.0,35.0,8.5,estimated_synthetic,Nakagata et al. 2022 (21–29; 1–6 reps/min)
65,push-up,98,2.0,49.0,8.5,estimated_synthetic,Nakagata et al. 2022 + NCCOR Youth Compendium
53,crunch,85,5.0,17.0,3.05,estimated_synthetic,Nakagata et al. 2019 + NCCOR Youth Compendium curl-ups
46,jumping_jack,22,0.5,44.0,5.49,estimated_synthetic,NCCOR Youth Compendium
36,squat,177,3.0,59.0,8.5,estimated_synthetic,Nakagata et al. 2022 (21–29; 1–6 reps/min)
27,push-up,29,0.5,58.0,8.5,estimated_synthetic,Nakagata et al. 2022 + NCCOR Youth Compendium
43,crunch,272,8.0,34.0,3.45,estimated_synthetic,Nakagata et al. 2019 + NCCOR Youth Compendium curl-ups
54,jumping_jack,60,5.0,12.0,3.92,estimated_synthetic,NCCOR Youth Compendium
51,squat,240,5.0,48.0,8.5,estimated_synthetic,Nakagata et al. 2022 (21–29; 1–6 reps/min)
20,push-up,117,3.0,39.0,8.5,estimated_synthetic,Nakagata et al. 2022 + NCCOR Youth Compendium
31,crunch,230,5.0,46.0,3.46,estimated_synthetic,Nakagata et al. 2019 + NCCOR Youth Compendium curl-ups
17,jumping_jack,110,10.0,11.0,3.84,estimated_synthetic,NCCOR Youth Compendium
40,squat,470,10.0,47.0,8.5,estimated_synthetic,Nakagata et al. 2022 (21–29; 1–6 reps/min)
58,push-up,490,10.0,49.0,8.5,estimated_synthetic,Nakagata et al. 2022 + NCCOR Youth Compendium
20,crunch,70,1.5,46.67,3.48,estimated_synthetic,Nakagata et al. 2019 + NCCOR Youth Compendium curl-ups
33,jumping_jack,104,2.0,52.0,5.41,estimated_synthetic,NCCOR Youth Compendium
34,squat,42,1.5,28.0,8.5,estimated_synthetic,Nakagata et al. 2022 (21–29; 1–6 reps/min)
31,push-up,104,2.0,52.0,8.5,estimated_synthetic,Nakagata et al. 2022 + NCCOR Youth Compendium
15,crunch,80,2.0,40.0,3.45,estimated_synthetic,Nakagata et al. 2019 + NCCOR Youth Compendium curl-ups
67,jumping_jack,44,1.5,29.33,4.69,estimated_synthetic,NCCOR Youth Compendium
16,squat,16,0.5,32.0,8.5,estimated_synthetic,Nakagata et al. 2022 (21–29; 1–6 reps/min)
27,push-up,5,0.5,10.0,5.53,estimated_synthetic,Nakagata et al. 2022 + NCCOR Youth Compendium
27,crunch,28,1.5,18.67,3.28,estimated_synthetic,Nakagata et al. 2019 + NCCOR Youth Compendium curl-ups
15,jumping_jack,50,5.0,10.0,3.98,estimated_synthetic,NCCOR Youth Compendium
65,squat,470,10.0,47.0,8.5,estimated_synthetic,Nakagata et al. 2022 (21–29; 1–6 reps/min)
20,push-up,255,5.0,51.0,8.5,estimated_synthetic,Nakagata et al. 2022 + NCCOR Youth Compendium
29,crunch,21,1.0,21.0,3.35,estimated_synthetic,Nakagata et al. 2019 + NCCOR Youth Compendium curl-ups
56,jumping_jack,50,10.0,5.0,3.92,estimated_synthetic,NCCOR Youth Compendium
36,squat,336,8.0,42.0,8.5,estimated_synthetic,Nakagata et al. 2022 (21–29; 1–6 reps/min)
33,push-up,165,5.0,33.0,8.5,estimated_synthetic,Nakagata et al. 2022 + NCCOR Youth Compendium
57,crunch,4,0.5,8.0,2.62,estimated_synthetic,Nakagata et al. 2019 + NCCOR Youth Compendium curl-ups
18,jumping_jack,210,5.0,42.0,4.97,estimated_synthetic,NCCOR Youth Compendium
58,squat,190,10.0,19.0,8.5,estimated_synthetic,Nakagata et al. 2022 (21–29; 1–6 reps/min)
17,push-up,46,2.0,23.0,7.94,estimated_synthetic,Nakagata et al. 2022 + NCCOR Youth Compendium
31,crunch,14,2.0,7.0,2.61,estimated_synthetic,Nakagata et al. 2019 + NCCOR Youth Compendium curl-ups
59,jumping_jack,460,10.0,46.0,5.31,estimated_synthetic,NCCOR Youth Compendium
15,squat,69,3.0,23.0,8.5,estimated_synthetic,Nakagata et al. 2022 (21–29; 1–6 reps/min)
36,push-up,4,0.5,8.0,5.18,estimated_synthetic,Nakagata et al. 2022 + NCCOR Youth Compendium
61,crunch,290,10.0,29.0,3.42,estimated_synthetic,Nakagata et al. 2019 + NCCOR Youth Compendium curl-ups
61,jumping_jack,11,1.0,11.0,4.13,estimated_synthetic,NCCOR Youth Compendium
68,squat,76,1.5,50.67,8.5,estimated_synthetic,Nakagata et al. 2022 (21–29; 1–6 reps/min)
64,push-up,15,1.0,15.0,5.45,estimated_synthetic,Nakagata et al. 2022 + NCCOR Youth Compendium
37,crunch,16,0.5,32.0,3.43,estimated_synthetic,Nakagata et al. 2019 + NCCOR Youth Compendium curl-ups
56,jumping_jack,123,3.0,41.0,4.87,estimated_synthetic,NCCOR Youth Compendium
32,squat,156,3.0,52.0,8.5,estimated_synthetic,Nakagata et al. 2022 (21–29; 1–6 reps/min)
26,push-up,8,1.5,5.33,4.69,estimated_synthetic,Nakagata et al. 2022 + NCCOR Youth Compendium
53,crunch,180,3.0,60.0,3.12,estimated_synthetic,Nakagata et al. 2019 + NCCOR Youth Compendium curl-ups
34,jumping_jack,45,3.0,15.0,4.37,estimated_synthetic,NCCOR Youth Compendium
53,squat,19,0.5,38.0,8.5,estimated_synthetic,Nakagata et al. 2022 (21–29; 1–6 reps/min)
32,push-up,24,8.0,3.0,3.37,estimated_synthetic,Nakagata et al. 2022 + NCCOR Youth Compendium
37,crunch,14,0.5,28.0,3.39,estimated_synthetic,Nakagata et al. 2019 + NCCOR Youth Compendium curl-ups
53,jumping_jack,24,0.5,48.0,5.51,estimated_synthetic,NCCOR Youth Compendium
65,squat,128,8.0,16.0,8.3,estimated_synthetic,Nakagata et al. 2022 (21–29; 1–6 reps/min)
38,push-up,215,5.0,43.0,8.5,estimated_synthetic,Nakagata et al. 2022 + NCCOR Youth Compendium
17,crunch,81,3.0,27.0,3.39,estimated_synthetic,Nakagata et al. 2019 + NCCOR Youth Compendium curl-ups
26,jumping_jack,12,0.5,24.0,4.57,estimated_synthetic,NCCOR Youth Compendium
42,squat,106,2.0,53.0,8.5,estimated_synthetic,Nakagata et al. 2022 (21–29; 1–6 reps/min)
15,push-up,43,1.0,43.0,8.5,estimated_synthetic,Nakagata et al. 2022 + NCCOR Youth Compendium
17,crunch,165,5.0,33.0,3.5,estimated_synthetic,Nakagata et al. 2019 + NCCOR Youth Compendium curl-ups
15,jumping_jack,22,0.5,44.0,5.31,estimated_synthetic,NCCOR Youth Compendium
29,squat,190,5.0,38.0,8.5,estimated_synthetic,Nakagata et al. 2022 (21–29; 1–6 reps/min)
52,push-up,225,5.0,45.0,8.5,estimated_synthetic,Nakagata et al. 2022 + NCCOR Youth Compendium
62,crunch,190,5.0,38.0,3.34,estimated_synthetic,Nakagata et al. 2019 + NCCOR Youth Compendium curl-ups
19,jumping_jack,12,0.5,24.0,4.58,estimated_synthetic,NCCOR Youth Compendium
65,squat,216,8.0,27.0,8.5,estimated_synthetic,Nakagata et al. 2022 (21–29; 1–6 reps/min)
33,push-up,480,10.0,48.0,8.5,estimated_synthetic,Nakagata et al. 2022 + NCCOR Youth Compendium
43,crunch,66,1.5,44.0,3.48,estimated_synthetic,Nakagata et al. 2019 + NCCOR Youth Compendium curl-ups
37,jumping_jack,4,1.5,2.67,4.06,estimated_synthetic,NCCOR Youth Compendium
57,squat,21,1.5,14.0,8.5,estimated_synthetic,Nakagata et al. 2022 (21–29; 1–6 reps/min)
32,push-up,50,10.0,5.0,4.48,estimated_synthetic,Nakagata et al. 2022 + NCCOR Youth Compendium
60,crunch,20,0.5,40.0,3.32,estimated_synthetic,Nakagata et al. 2019 + NCCOR Youth Compendium curl-ups
67,jumping_jack,30,0.5,60.0,5.88,estimated_synthetic,NCCOR Youth Compendium
65,squat,40,1.5,26.67,8.5,estimated_synthetic,Nakagata et al. 2022 (21–29; 1–6 reps/min)
53,push-up,27,0.5,54.0,8.5,estimated_synthetic,Nakagata et al. 2022 + NCCOR Youth Compendium
40,crunch,96,2.0,48.0,3.52,estimated_synthetic,Nakagata et al. 2019 + NCCOR Youth Compendium curl-ups
66,jumping_jack,30,0.5,60.0,5.81,estimated_synthetic,NCCOR Youth Compendium
16,squat,51,1.0,51.0,8.5,estimated_synthetic,Nakagata et al. 2022 (21–29; 1–6 reps/min)
31,push-up,15,0.5,30.0,8.5,estimated_synthetic,Nakagata et al. 2022 + NCCOR Youth Compendium
43,crunch,296,8.0,37.0,3.33,estimated_synthetic,Nakagata et al. 2019 + NCCOR Youth Compendium curl-ups
27,jumping_jack,52,1.0,52.0,5.41,estimated_synthetic,NCCOR Youth Compendium
31,squat,42,1.5,28.0,8.5,estimated_synthetic,Nakagata et al. 2022 (21–29; 1–6 reps/min)
25,push-up,46,1.0,46.0,8.5,estimated_synthetic,Nakagata et al. 2022 + NCCOR Youth Compendium
39,crunch,26,0.5,52.0,3.36,estimated_synthetic,Nakagata et al. 2019 + NCCOR Youth Compendium curl-ups
70,jumping_jack,51,1.0,51.0,5.69,estimated_synthetic,NCCOR Youth Compendium
54,squat,370,10.0,37.0,8.5,estimated_synthetic,Nakagata et al. 2022 (21–29; 1–6 reps/min)
26,push-up,81,1.5,54.0,8.5,estimated_synthetic,Nakagata et al. 2022 + NCCOR Youth Compendium
30,crunch,66,2.0,33.0,3.5,estimated_synthetic,Nakagata et al. 2019 + NCCOR Youth Compendium curl-ups
22,jumping_jack,23,0.5,46.0,5.24,estimated_synthetic,NCCOR Youth Compendium
63,squat,75,1.5,50.0,8.5,estimated_synthetic,Nakagata et al. 2022 (21–29; 1–6 reps/min)
18,push-up,90,2.0,45.0,8.5,estimated_synthetic,Nakagata et al. 2022 + NCCOR Youth Compendium
30,crunch,159,3.0,53.0,3.44,estimated_synthetic,Nakagata et al. 2019 + NCCOR Youth Compendium curl-ups
70,jumping_jack,76,2.0,38.0,5.18,estimated_synthetic,NCCOR Youth Compendium
34,squat,224,8.0,28.0,8.5,estimated_synthetic,Nakagata et al. 2022 (21–29; 1–6 reps/min)
48,push-up,20,2.0,10.0,5.59,estimated_synthetic,Nakagata et al. 2022 + NCCOR Youth Compendium
25,crunch,6,1.0,6.0,2.28,estimated_synthetic,Nakagata et al. 2019 + NCCOR Youth Compendium curl-ups
16,jumping_jack,108,3.0,36.0,4.63,estimated_synthetic,NCCOR Youth Compendium
28,squat,35,5.0,7.0,4.34,estimated_synthetic,Nakagata et al. 2022 (21–29; 1–6 reps/min)
62,push-up,32,1.0,32.0,7.91,estimated_synthetic,Nakagata et al. 2022 + NCCOR Youth Compendium
24,crunch,110,2.0,55.0,3.41,estimated_synthetic,Nakagata et al. 2019 + NCCOR Youth Compendium curl-ups
60,jumping_jack,120,8.0,15.0,4.01,estimated_synthetic,NCCOR Youth Compendium
34,squat,33,1.0,33.0,8.5,estimated_synthetic,Nakagata et al. 2022 (21–29; 1–6 reps/min)
15,push-up,28,2.0,14.0,5.92,estimated_synthetic,Nakagata et al. 2022 + NCCOR Youth Compendium
25,crunch,470,10.0,47.0,3.35,estimated_synthetic,Nakagata et al. 2019 + NCCOR Youth Compendium curl-ups
36,jumping_jack,175,5.0,35.0,4.99,estimated_synthetic,NCCOR Youth Compendium
41,squat,40,1.0,40.0,8.5,estimated_synthetic,Nakagata et al. 2022 (21–29; 1–6 reps/min)
67,push-up,280,5.0,56.0,8.5,estimated_synthetic,Nakagata et al. 2022 + NCCOR Youth Compendium
30,crunch,140,5.0,28.0,3.23,estimated_synthetic,Nakagata et al. 2019 + NCCOR Youth Compendium curl-ups
58,jumping_jack,32,8.0,4.0,3.6,estimated_synthetic,NCCOR Youth Compendium
17,squat,118,2.0,59.0,8.5,estimated_synthetic,Nakagata et al. 2022 (21–29; 1–6 reps/min)
61,push-up,18,0.5,36.0,8.5,estimated_synthetic,Nakagata et al. 2022 + NCCOR Youth Compendium
32,crunch,232,8.0,29.0,3.33,estimated_synthetic,Nakagata et al. 2019 + NCCOR Youth Compendium curl-ups
29,jumping_jack,52,1.5,34.67,4.86,estimated_synthetic,NCCOR Youth Compendium
27,squat,68,2.0,34.0,8.5,estimated_synthetic,Nakagata et al. 2022 (21–29; 1–6 reps/min)
53,push-up,62,1.5,41.33,8.5,estimated_synthetic,Nakagata et al. 2022 + NCCOR Youth Compendium
65,crunch,140,5.0,28.0,3.36,estimated_synthetic,Nakagata et al. 2019 + NCCOR Youth Compendium curl-ups
61,jumping_jack,112,8.0,14.0,4.36,estimated_synthetic,NCCOR Youth Compendium
44,squat,24,0.5,48.0,8.5,estimated_synthetic,Nakagata et al. 2022 (21–29; 1–6 reps/min)
27,push-up,42,1.5,28.0,8.5,estimated_synthetic,Nakagata et al. 2022 + NCCOR Youth Compendium
18,crunch,400,10.0,40.0,3.39,estimated_synthetic,Nakagata et al. 2019 + NCCOR Youth Compendium curl-ups
28,jumping_jack,27,3.0,9.0,3.89,estimated_synthetic,NCCOR Youth Compendium
31,squat,270,5.0,54.0,8.5,estimated_synthetic,Nakagata et al. 2022 (21–29; 1–6 reps/min)
58,push-up,26,1.5,17.33,6.98,estimated_synthetic,Nakagata et al. 2022 + NCCOR Youth Compendium
46,crunch,14,0.5,28.0,3.48,estimated_synthetic,Nakagata et al. 2019 + NCCOR Youth Compendium curl-ups
53,jumping_jack,32,8.0,4.0,3.82,estimated_synthetic,NCCOR Youth Compendium
38,squat,48,8.0,6.0,3.68,estimated_synthetic,Nakagata et al. 2022 (21–29; 1–6 reps/min)
32,push-up,296,8.0,37.0,8.5,estimated_synthetic,Nakagata et al. 2022 + NCCOR Youth Compendium
67,crunch,33,1.0,33.0,3.5,estimated_synthetic,Nakagata et al. 2019 + NCCOR Youth Compendium curl-ups
53,jumping_jack,108,3.0,36.0,5.13,estimated_synthetic,NCCOR Youth Compendium
52,squat,185,5.0,37.0,8.5,estimated_synthetic,Nakagata et al. 2022 (21–29; 1–6 reps/min)
39,push-up,50,2.0,25.0,8.49,estimated_synthetic,Nakagata et al. 2022 + NCCOR Youth Compendium
54,crunch,288,8.0,36.0,3.33,estimated_synthetic,Nakagata et al. 2019 + NCCOR Youth Compendium curl-ups
66,jumping_jack,160,5.0,32.0,4.61,estimated_synthetic,NCCOR Youth Compendium
15,squat,10,1.0,10.0,5.74,estimated_synthetic,Nakagata et al. 2022 (21–29; 1–6 reps/min)
26,push-up,82,2.0,41.0,8.5,estimated_synthetic,Nakagata et al. 2022 + NCCOR Youth Compendium
41,crunch,69,1.5,46.0,3.37,estimated_synthetic,Nakagata et al. 2019 + NCCOR Youth Compendium curl-ups
43,jumping_jack,10,1.0,10.0,4.09,estimated_synthetic,NCCOR Youth Compendium
32,squat,57,1.5,38.0,8.5,estimated_synthetic,Nakagata et al. 2022 (21–29; 1–6 reps/min)
69,push-up,35,5.0,7.0,4.33,estimated_synthetic,Nakagata et al. 2022 + NCCOR Youth Compendium
34,crunch,295,5.0,59.0,3.25,estimated_synthetic,Nakagata et al. 2019 + NCCOR Youth Compendium curl-ups
24,jumping_jack,14,0.5,28.0,4.71,estimated_synthetic,NCCOR Youth Compendium
69,squat,84,3.0,28.0,8.5,estimated_synthetic,Nakagata et al. 2022 (21–29; 1–6 reps/min)
42,push-up,144,3.0,48.0,8.5,estimated_synthetic,Nakagata et al. 2022 + NCCOR Youth Compendium
65,crunch,60,3.0,20.0,3.3,estimated_synthetic,Nakagata et al. 2019 + NCCOR Youth Compendium curl-ups
15,jumping_jack,95,5.0,19.0,4.72,estimated_synthetic,NCCOR Youth Compendium
57,squat,50,1.5,33.33,8.5,estimated_synthetic,Nakagata et al. 2022 (21–29; 1–6 reps/min)
70,push-up,55,1.0,55.0,8.5,estimated_synthetic,Nakagata et al. 2022 + NCCOR Youth Compendium
68,crunch,12,2.0,6.0,2.45,estimated_synthetic,Nakagata et al. 2019 + NCCOR Youth Compendium curl-ups
32,jumping_jack,30,0.5,60.0,5.68,estimated_synthetic,NCCOR Youth Compendium
68,squat,129,3.0,43.0,8.5,estimated_synthetic,Nakagata et al. 2022 (21–29; 1–6 reps/min)
17,push-up,70,10.0,7.0,4.72,estimated_synthetic,Nakagata et al. 2022 + NCCOR Youth Compendium
66,crunch,50,1.5,33.33,3.39,estimated_synthetic,Nakagata et al. 2019 + NCCOR Youth Compendium curl-ups
41,jumping_jack,72,1.5,48.0,5.25,estimated_synthetic,NCCOR Youth Compendium
20,squat,52,1.5,34.67,8.5,estimated_synthetic,Nakagata et al. 2022 (21–29; 1–6 reps/min)
58,push-up,26,2.0,13.0,6.04,estimated_synthetic,Nakagata et al. 2022 + NCCOR Youth Compendium
57,crunch,285,5.0,57.0,3.45,estimated_synthetic,Nakagata et al. 2019 + NCCOR Youth Compendium curl-ups
69,jumping_jack,3,1.0,3.0,4.15,estimated_synthetic,NCCOR Youth Compendium
56,squat,48,1.5,32.0,8.5,estimated_synthetic,Nakagata et al. 2022 (21–29; 1–6 reps/min)
63,push-up,140,10.0,14.0,5.45,estimated_synthetic,Nakagata et al. 2022 + NCCOR Youth Compendium
53,crunch,72,1.5,48.0,3.24,estimated_synthetic,Nakagata et al. 2019 + NCCOR Youth Compendium curl-ups
28,jumping_jack,24,0.5,48.0,5.64,estimated_synthetic,NCCOR Youth Compendium
30,squat,110,2.0,55.0,8.5,estimated_synthetic,Nakagata et al. 2022 (21–29; 1–6 reps/min)
18,push-up,56,2.0,28.0,8.5,estimated_synthetic,Nakagata et al. 2022 + NCCOR Youth Compendium
64,crunch,130,10.0,13.0,2.93,estimated_synthetic,Nakagata et al. 2019 + NCCOR Youth Compendium curl-ups
69,jumping_jack,98,2.0,49.0,5.4,estimated_synthetic,NCCOR Youth Compendium
60,squat,80,1.5,53.33,8.5,estimated_synthetic,Nakagata et al. 2022 (21–29; 1–6 reps/min)
50,push-up,10,1.5,6.67,4.55,estimated_synthetic,Nakagata et al. 2022 + NCCOR Youth Compendium
28,crunch,295,5.0,59.0,3.26,estimated_synthetic,Nakagata et al. 2019 + NCCOR Youth Compendium curl-ups
29,jumping_jack,87,1.5,58.0,5.67,estimated_synthetic,NCCOR Youth Compendium
60,squat,480,10.0,48.0,8.5,estimated_synthetic,Nakagata et al. 2022 (21–29; 1–6 reps/min)
63,push-up,43,1.0,43.0,8.5,estimated_synthetic,Nakagata et al. 2022 + NCCOR Youth Compendium
48,crunch,104,8.0,13.0,2.96,estimated_synthetic,Nakagata et al. 2019 + NCCOR Youth Compendium curl-ups
35,jumping_jack,120,10.0,12.0,3.96,estimated_synthetic,NCCOR Youth Compendium
62,squat,256,8.0,32.0,8.5,estimated_synthetic,Nakagata et al. 2022 (21–29; 1–6 reps/min)
57,push-up,70,10.0,7.0,4.87,estimated_synthetic,Nakagata et al. 2022 + NCCOR Youth Compendium
44,crunch,40,8.0,5.0,2.34,estimated_synthetic,Nakagata et al. 2019 + NCCOR Youth Compendium curl-ups
45,jumping_jack,12,1.0,12.0,4.1,estimated_synthetic,NCCOR Youth Compendium
42,squat,300,10.0,30.0,8.5,estimated_synthetic,Nakagata et al. 2022 (21–29; 1–6 reps/min)
24,push-up,60,1.5,40.0,8.5,estimated_synthetic,Nakagata et al. 2022 + NCCOR Youth Compendium
40,crunch,190,10.0,19.0,2.95,estimated_synthetic,Nakagata et al. 2019 + NCCOR Youth Compendium curl-ups
65,jumping_jack,150,5.0,30.0,4.75,estimated_synthetic,NCCOR Youth Compendium
33,squat,90,2.0,45.0,8.5,estimated_synthetic,Nakagata et al. 2022 (21–29; 1–6 reps/min)
68,push-up,4,0.5,8.0,4.52,estimated_synthetic,Nakagata et al. 2022 + NCCOR Youth Compendium
22,crunch,285,5.0,57.0,3.37,estimated_synthetic,Nakagata et al. 2019 + NCCOR Youth Compendium curl-ups
18,jumping_jack,88,2.0,44.0,5.37,estimated_synthetic,NCCOR Youth Compendium
68,squat,18,1.5,12.0,6.37,estimated_synthetic,Nakagata et al. 2022 (21–29; 1–6 reps/min)
53,push-up,16,0.5,32.0,8.5,estimated_synthetic,Nakagata et al. 2022 + NCCOR Youth Compendium
44,crunch,170,10.0,17.0,3.04,estimated_synthetic,Nakagata et al. 2019 + NCCOR Youth Compendium curl-ups
41,jumping_jack,470,10.0,47.0,5.49,estimated_synthetic,NCCOR Youth Compendium
60,squat,152,8.0,19.0,8.5,estimated_synthetic,Nakagata et al. 2022 (21–29; 1–6 reps/min)
47,push-up,35,1.0,35.0,8.5,estimated_synthetic,Nakagata et al. 2022 + NCCOR Youth Compendium
52,crunch,140,10.0,14.0,2.8,estimated_synthetic,Nakagata et al. 2019 + NCCOR Youth Compendium curl-ups
27,jumping_jack,2,0.5,4.0,3.87,estimated_synthetic,NCCOR Youth Compendium
47,squat,140,10.0,14.0,8.5,estimated_synthetic,Nakagata et al. 2022 (21–29; 1–6 reps/min)
37,push-up,490,10.0,49.0,8.5,estimated_synthetic,Nakagata et al. 2022 + NCCOR Youth Compendium
40,crunch,86,1.5,57.33,3.47,estimated_synthetic,Nakagata et al. 2019 + NCCOR Youth Compendium curl-ups
44,jumping_jack,70,5.0,14.0,4.23,estimated_synthetic,NCCOR Youth Compendium
30,squat,102,2.0,51.0,8.5,estimated_synthetic,Nakagata et al. 2022 (21–29; 1–6 reps/min)
24,push-up,210,10.0,21.0,7.56,estimated_synthetic,Nakagata et al. 2022 + NCCOR Youth Compendium
40,crunch,96,3.0,32.0,3.32,estimated_synthetic,Nakagata et al. 2019 + NCCOR Youth Compendium curl-ups
43,jumping_jack,52,2.0,26.0,4.78,estimated_synthetic,NCCOR Youth Compendium
46,squat,130,5.0,26.0,8.5,estimated_synthetic,Nakagata et al. 2022 (21–29; 1–6 reps/min)
58,push-up,9,0.5,18.0,7.03,estimated_synthetic,Nakagata et al. 2022 + NCCOR Youth Compendium
27,crunch,424,8.0,53.0,3.39,estimated_synthetic,Nakagata et al. 2019 + NCCOR Youth Compendium curl-ups
38,jumping_jack,240,8.0,30.0,4.93,estimated_synthetic,NCCOR Youth Compendium
29,squat,55,5.0,11.0,6.56,estimated_synthetic,Nakagata et al. 2022 (21–29; 1–6 reps/min)
49,push-up,55,5.0,11.0,5.62,estimated_synthetic,Nakagata et al. 2022 + NCCOR Youth Compendium
48,crunch,6,0.5,12.0,3.0,estimated_synthetic,Nakagata et al. 2019 + NCCOR Youth Compendium curl-ups
60,jumping_jack,270,10.0,27.0,4.58,estimated_synthetic,NCCOR Youth Compendium
18,squat,104,2.0,52.0,8.5,estimated_synthetic,Nakagata et al. 2022 (21–29; 1–6 reps/min)
27,push-up,4,0.5,8.0,5.07,estimated_synthetic,Nakagata et al. 2022 + NCCOR Youth Compendium
27,crunch,135,5.0,27.0,3.5,estimated_synthetic,Nakagata et al. 2019 + NCCOR Youth Compendium curl-ups
57,jumping_jack,45,5.0,9.0,3.78,estimated_synthetic,NCCOR Youth Compendium
68,squat,480,10.0,48.0,8.5,estimated_synthetic,Nakagata et al. 2022 (21–29; 1–6 reps/min)
68,push-up,42,3.0,14.0,5.6,estimated_synthetic,Nakagata et al. 2022 + NCCOR Youth Compendium
25,crunch,90,10.0,9.0,2.8,estimated_synthetic,Nakagata et al. 2019 + NCCOR Youth Compendium curl-ups
22,jumping_jack,12,0.5,24.0,4.65,estimated_synthetic,NCCOR Youth Compendium
25,squat,150,5.0,30.0,8.5,estimated_synthetic,Nakagata et al. 2022 (21–29; 1–6 reps/min)
68,push-up,310,10.0,31.0,8.03,estimated_synthetic,Nakagata et al. 2022 + NCCOR Youth Compendium
48,crunch,330,10.0,33.0,3.49,estimated_synthetic,Nakagata et al. 2019 + NCCOR Youth Compendium curl-ups
47,jumping_jack,42,1.0,42.0,4.98,estimated_synthetic,NCCOR Youth Compendium
55,squat,10,0.5,20.0,8.5,estimated_synthetic,Nakagata et al. 2022 (21–29; 1–6 reps/min)
62,push-up,36,3.0,12.0,5.02,estimated_synthetic,Nakagata et al. 2022 + NCCOR Youth Compendium
59,crunch,160,10.0,16.0,3.08,estimated_synthetic,Nakagata et al. 2019 + NCCOR Youth Compendium curl-ups
50,jumping_jack,14,2.0,7.0,4.13,estimated_synthetic,NCCOR Youth Compendium
19,squat,510,10.0,51.0,8.5,estimated_synthetic,Nakagata et al. 2022 (21–29; 1–6 reps/min)
45,push-up,215,5.0,43.0,8.5,estimated_synthetic,Nakagata et al. 2022 + NCCOR Youth Compendium
64,crunch,296,8.0,37.0,3.41,estimated_synthetic,Nakagata et al. 2019 + NCCOR Youth Compendium curl-ups
69,jumping_jack,21,1.0,21.0,4.25,estimated_synthetic,NCCOR Youth Compendium
43,squat,168,8.0,21.0,8.5,estimated_synthetic,Nakagata et al. 2022 (21–29; 1–6 reps/min)
29,push-up,135,3.0,45.0,8.5,estimated_synthetic,Nakagata et al. 2022 + NCCOR Youth Compendium
27,crunch,264,8.0,33.0,3.5,estimated_synthetic,Nakagata et al. 2019 + NCCOR Youth Compendium curl-ups
23,jumping_jack,144,8.0,18.0,4.3,estimated_synthetic,NCCOR Youth Compendium
22,squat,352,8.0,44.0,8.5,estimated_synthetic,Nakagata et al. 2022 (21–29; 1–6 reps/min)
40,push-up,30,3.0,10.0,5.3,estimated_synthetic,Nakagata et al. 2022 + NCCOR Youth Compendium
45,crunch,150,10.0,15.0,2.77,estimated_synthetic,Nakagata et al. 2019 + NCCOR Youth Compendium curl-ups
58,jumping_jack,390,10.0,39.0,5.2,estimated_synthetic,NCCOR Youth Compendium
64,squat,4,0.5,8.0,4.7,estimated_synthetic,Nakagata et al. 2022 (21–29; 1–6 reps/min)
25,push-up,112,8.0,14.0,6.18,estimated_synthetic,Nakagata et al. 2022 + NCCOR Youth Compendium
64,crunch,10,1.5,6.67,2.56,estimated_synthetic,Nakagata et al. 2019 + NCCOR Youth Compendium curl-ups
57,jumping_jack,36,1.0,36.0,5.17,estimated_synthetic,NCCOR Youth Compendium
15,squat,304,8.0,38.0,8.5,estimated_synthetic,Nakagata et al. 2022 (21–29; 1–6 reps/min)
20,push-up,155,5.0,31.0,8.5,estimated_synthetic,Nakagata et al. 2022 + NCCOR Youth Compendium
44,crunch,432,8.0,54.0,3.3,estimated_synthetic,Nakagata et al. 2019 + NCCOR Youth Compendium curl-ups
62,jumping_jack,99,3.0,33.0,5.0,estimated_synthetic,NCCOR Youth Compendium
53,squat,344,8.0,43.0,8.5,estimated_synthetic,Nakagata et al. 2022 (21–29; 1–6 reps/min)
41,push-up,265,5.0,53.0,8.5,estimated_synthetic,Nakagata et al. 2022 + NCCOR Youth Compendium
16,crunch,22,0.5,44.0,3.38,estimated_synthetic,Nakagata et al. 2019 + NCCOR Youth Compendium curl-ups
27,jumping_jack,27,3.0,9.0,4.17,estimated_synthetic,NCCOR Youth Compendium
15,squat,78,3.0,26.0,8.5,estimated_synthetic,Nakagata et al. 2022 (21–29; 1–6 reps/min)
64,push-up,24,0.5,48.0,8.5,estimated_synthetic,Nakagata et al. 2022 + NCCOR Youth Compendium
30,crunch,22,1.0,22.0,3.49,estimated_synthetic,Nakagata et al. 2019 + NCCOR Youth Compendium curl-ups
52,jumping_jack,18,0.5,36.0,5.17,estimated_synthetic,NCCOR Youth Compendium
57,squat,111,3.0,37.0,8.5,estimated_synthetic,Nakagata et al. 2022 (21–29; 1–6 reps/min)
51,push-up,51,1.0,51.0,8.5,estimated_synthetic,Nakagata et al. 2022 + NCCOR Youth Compendium
40,crunch,100,2.0,50.0,3.47,estimated_synthetic,Nakagata et al. 2019 + NCCOR Youth Compendium curl-ups
24,jumping_jack,100,5.0,20.0,4.44,estimated_synthetic,NCCOR Youth Compendium
50,squat,24,8.0,3.0,2.45,estimated_synthetic,Nakagata et al. 2022 (21–29; 1–6 reps/min)
15,push-up,6,0.5,12.0,5.75,estimated_synthetic,Nakagata et al. 2022 + NCCOR Youth Compendium
54,crunch,27,0.5,54.0,3.27,estimated_synthetic,Nakagata et al. 2019 + NCCOR Youth Compendium curl-ups
24,jumping_jack,300,5.0,60.0,5.77,estimated_synthetic,NCCOR Youth Compendium
19,squat,63,3.0,21.0,8.5,estimated_synthetic,Nakagata et al. 2022 (21–29; 1–6 reps/min)
58,push-up,66,2.0,33.0,8.5,estimated_synthetic,Nakagata et al. 2022 + NCCOR Youth Compendium
32,crunch,290,5.0,58.0,3.41,estimated_synthetic,Nakagata et al. 2019 + NCCOR Youth Compendium curl-ups
70,jumping_jack,58,2.0,29.0,4.97,estimated_synthetic,NCCOR Youth Compendium
63,squat,8,2.0,4.0,3.1,estimated_synthetic,Nakagata et al. 2022 (21–29; 1–6 reps/min)
55,push-up,285,5.0,57.0,8.5,estimated_synthetic,Nakagata et al. 2022 + NCCOR Youth Compendium
47,crunch,16,0.5,32.0,3.37,estimated_synthetic,Nakagata et al. 2019 + NCCOR Youth Compendium curl-ups
60,jumping_jack,320,10.0,32.0,5.19,estimated_synthetic,NCCOR Youth Compendium
32,squat,384,8.0,48.0,8.5,estimated_synthetic,Nakagata et al. 2022 (21–29; 1–6 reps/min)
38,push-up,10,0.5,20.0,7.47,estimated_synthetic,Nakagata et al. 2022 + NCCOR Youth Compendium
70,crunch,170,5.0,34.0,3.42,estimated_synthetic,Nakagata et al. 2019 + NCCOR Youth Compendium curl-ups
25,jumping_jack,90,3.0,30.0,4.99,estimated_synthetic,NCCOR Youth Compendium
55,squat,82,2.0,41.0,8.5,estimated_synthetic,Nakagata et al. 2022 (21–29; 1–6 reps/min)
67,push-up,39,3.0,13.0,5.15,estimated_synthetic,Nakagata et al. 2022 + NCCOR Youth Compendium
36,crunch,56,1.0,56.0,3.41,estimated_synthetic,Nakagata et al. 2019 + NCCOR Youth Compendium curl-ups
61,jumping_jack,10,0.5,20.0,4.27,estimated_synthetic,NCCOR Youth Compendium
43,squat,72,2.0,36.0,8.5,estimated_synthetic,Nakagata et al. 2022 (21–29; 1–6 reps/min)
59,push-up,4,1.0,4.0,3.87,estimated_synthetic,Nakagata et al. 2022 + NCCOR Youth Compendium
25,crunch,106,2.0,53.0,3.35,estimated_synthetic,Nakagata et al. 2019 + NCCOR Youth Compendium curl-ups
47,jumping_jack,11,0.5,22.0,4.54,estimated_synthetic,NCCOR Youth Compendium
20,squat,50,2.0,25.0,8.5,estimated_synthetic,Nakagata et al. 2022 (21–29; 1–6 reps/min)
56,push-up,232,8.0,29.0,8.5,estimated_synthetic,Nakagata et al. 2022 + NCCOR Youth Compendium
48,crunch,90,1.5,60.0,3.52,estimated_synthetic,Nakagata et al. 2019 + NCCOR Youth Compendium curl-ups
28,jumping_jack,159,3.0,53.0,5.47,estimated_synthetic,NCCOR Youth Compendium
18,squat,7,1.0,7.0,4.1,estimated_synthetic,Nakagata et al. 2022 (21–29; 1–6 reps/min)
16,push-up,28,0.5,56.0,8.5,estimated_synthetic,Nakagata et al. 2022 + NCCOR Youth Compendium
68,crunch,168,3.0,56.0,3.38,estimated_synthetic,Nakagata et al. 2019 + NCCOR Youth Compendium curl-ups
69,jumping_jack,52,1.5,34.67,5.12,estimated_synthetic,NCCOR Youth Compendium
25,squat,27,1.5,18.0,8.5,estimated_synthetic,Nakagata et al. 2022 (21–29; 1–6 reps/min)
67,push-up,4,0.5,8.0,4.57,estimated_synthetic,Nakagata et al. 2022 + NCCOR Youth Compendium
37,crunch,99,3.0,33.0,3.37,estimated_synthetic,Nakagata et al. 2019 + NCCOR Youth Compendium curl-ups
47,jumping_jack,30,1.5,20.0,4.59,estimated_synthetic,NCCOR Youth Compendium
50,squat,410,10.0,41.0,8.5,estimated_synthetic,Nakagata et al. 2022 (21–29; 1–6 reps/min)
36,push-up,100,5.0,20.0,7.62,estimated_synthetic,Nakagata et al. 2022 + NCCOR Youth Compendium
52,crunch,20,0.5,40.0,3.17,estimated_synthetic,Nakagata et al. 2019 + NCCOR Youth Compendium curl-ups
19,jumping_jack,22,0.5,44.0,5.26,estimated_synthetic,NCCOR Youth Compendium
54,squat,88,1.5,58.67,8.5,estimated_synthetic,Nakagata et al. 2022 (21–29; 1–6 reps/min)
68,push-up,13,1.0,13.0,5.16,estimated_synthetic,Nakagata et al. 2022 + NCCOR Youth Compendium
56,crunch,21,1.5,14.0,2.79,estimated_synthetic,Nakagata et al. 2019 + NCCOR Youth Compendium curl-ups
51,jumping_jack,50,1.5,33.33,5.11,estimated_synthetic,NCCOR Youth Compendium
67,squat,10,2.0,5.0,3.26,estimated_synthetic,Nakagata et al. 2022 (21–29; 1–6 reps/min)
57,push-up,21,1.0,21.0,7.79,estimated_synthetic,Nakagata et al. 2022 + NCCOR Youth Compendium
49,crunch,10,1.5,6.67,2.63,estimated_synthetic,Nakagata et al. 2019 + NCCOR Youth Compendium curl-ups
19,jumping_jack,22,0.5,44.0,5.16,estimated_synthetic,NCCOR Youth Compendium
67,squat,85,5.0,17.0,8.5,estimated_synthetic,Nakagata et al. 2022 (21–29; 1–6 reps/min)
58,push-up,17,1.0,17.0,6.96,estimated_synthetic,Nakagata et al. 2022 + NCCOR Youth Compendium
15,crunch,38,1.0,38.0,3.33,estimated_synthetic,Nakagata et al. 2019 + NCCOR Youth Compendium curl-ups
65,jumping_jack,12,2.0,6.0,4.0,estimated_synthetic,NCCOR Youth Compendium
39,squat,48,3.0,16.0,8.5,estimated_synthetic,Nakagata et al. 2022 (21–29; 1–6 reps/min)
40,push-up,38,1.0,38.0,8.5,estimated_synthetic,Nakagata et al. 2022 + NCCOR Youth Compendium
43,crunch,150,10.0,15.0,2.99,estimated_synthetic,Nakagata et al. 2019 + NCCOR Youth Compendium curl-ups
30,jumping_jack,21,0.5,42.0,5.37,estimated_synthetic,NCCOR Youth Compendium
22,squat,66,2.0,33.0,8.5,estimated_synthetic,Nakagata et al. 2022 (21–29; 1–6 reps/min)
36,push-up,160,8.0,20.0,7.29,estimated_synthetic,Nakagata et al. 2022 + NCCOR Youth Compendium
37,crunch,132,3.0,44.0,3.45,estimated_synthetic,Nakagata et al. 2019 + NCCOR Youth Compendium curl-ups
29,jumping_jack,2,0.5,4.0,3.7,estimated_synthetic,NCCOR Youth Compendium
58,squat,340,10.0,34.0,8.5,estimated_synthetic,Nakagata et al. 2022 (21–29; 1–6 reps/min)
40,push-up,250,5.0,50.0,8.5,estimated_synthetic,Nakagata et al. 2022 + NCCOR Youth Compendium
49,crunch,160,10.0,16.0,2.91,estimated_synthetic,Nakagata et al. 2019 + NCCOR Youth Compendium curl-ups
46,jumping_jack,248,8.0,31.0,4.98,estimated_synthetic,NCCOR Youth Compendium
21,squat,456,8.0,57.0,8.5,estimated_synthetic,Nakagata et al. 2022 (21–29; 1–6 reps/min)
20,push-up,81,1.5,54.0,8.5,estimated_synthetic,Nakagata et al. 2022 + NCCOR Youth Compendium
19,crunch,138,3.0,46.0,3.4,estimated_synthetic,Nakagata et al. 2019 + NCCOR Youth Compendium curl-ups
62,jumping_jack,48,8.0,6.0,3.81,estimated_synthetic,NCCOR Youth Compendium
16,squat,46,1.0,46.0,8.5,estimated_synthetic,Nakagata et al. 2022 (21–29; 1–6 reps/min)
63,push-up,42,1.0,42.0,8.5,estimated_synthetic,Nakagata et al. 2022 + NCCOR Youth Compendium
34,crunch,30,1.5,20.0,3.33,estimated_synthetic,Nakagata et al. 2019 + NCCOR Youth Compendium curl-ups
57,jumping_jack,90,10.0,9.0,4.11,estimated_synthetic,NCCOR Youth Compendium
45,squat,63,1.5,42.0,8.5,estimated_synthetic,Nakagata et al. 2022 (21–29; 1–6 reps/min)
37,push-up,170,10.0,17.0,7.0,estimated_synthetic,Nakagata et al. 2022 + NCCOR Youth Compendium
56,crunch,190,5.0,38.0,3.48,estimated_synthetic,Nakagata et al. 2019 + NCCOR Youth Compendium curl-ups
16,jumping_jack,560,10.0,56.0,5.79,estimated_synthetic,NCCOR Youth Compendium
37,squat,66,3.0,22.0,8.5,estimated_synthetic,Nakagata et al. 2022 (21–29; 1–6 reps/min)
51,push-up,570,10.0,57.0,8.5,estimated_synthetic,Nakagata et al. 2022 + NCCOR Youth Compendium
60,crunch,74,2.0,37.0,3.34,estimated_synthetic,Nakagata et al. 2019 + NCCOR Youth Compendium curl-ups
49,jumping_jack,2,0.5,4.0,3.77,estimated_synthetic,NCCOR Youth Compendium
62,squat,50,5.0,10.0,5.61,estimated_synthetic,Nakagata et al. 2022 (21–29; 1–6 reps/min)
55,push-up,160,8.0,20.0,7.44,estimated_synthetic,Nakagata et al. 2022 + NCCOR Youth Compendium
36,crunch,117,3.0,39.0,3.38,estimated_synthetic,Nakagata et al. 2019 + NCCOR Youth Compendium curl-ups
66,jumping_jack,184,8.0,23.0,4.57,estimated_synthetic,NCCOR Youth Compendium
51,squat,304,8.0,38.0,8.5,estimated_synthetic,Nakagata et al. 2022 (21–29; 1–6 reps/min)
55,push-up,200,8.0,25.0,8.5,estimated_synthetic,Nakagata et al. 2022 + NCCOR Youth Compendium
67,crunch,24,2.0,12.0,2.77,estimated_synthetic,Nakagata et al. 2019 + NCCOR Youth Compendium curl-ups
66,jumping_jack,84,1.5,56.0,5.49,estimated_synthetic,NCCOR Youth Compendium
44,squat,54,2.0,27.0,8.5,estimated_synthetic,Nakagata et al. 2022 (21–29; 1–6 reps/min)
67,push-up,290,5.0,58.0,8.5,estimated_synthetic,Nakagata et al. 2022 + NCCOR Youth Compendium
42,crunch,34,2.0,17.0,3.12,estimated_synthetic,Nakagata et al. 2019 + NCCOR Youth Compendium curl-ups
26,jumping_jack,570,10.0,57.0,5.82,estimated_synthetic,NCCOR Youth Compendium
44,squat,24,8.0,3.0,2.58,estimated_synthetic,Nakagata et al. 2022 (21–29; 1–6 reps/min)
66,push-up,28,0.5,56.0,8.5,estimated_synthetic,Nakagata et al. 2022 + NCCOR Youth Compendium
25,crunch,48,2.0,24.0,3.51,estimated_synthetic,Nakagata et al. 2019 + NCCOR Youth Compendium curl-ups
70,jumping_jack,130,10.0,13.0,3.88,estimated_synthetic,NCCOR Youth Compendium
32,squat,245,5.0,49.0,8.5,estimated_synthetic,Nakagata et al. 2022 (21–29; 1–6 reps/min)
45,push-up,96,3.0,32.0,8.5,estimated_synthetic,Nakagata et al. 2022 + NCCOR Youth Compendium
61,crunch,78,3.0,26.0,3.46,estimated_synthetic,Nakagata et al. 2019 + NCCOR Youth Compendium curl-ups
37,jumping_jack,81,1.5,54.0,5.72,estimated_synthetic,NCCOR Youth Compendium
70,squat,54,2.0,27.0,8.5,estimated_synthetic,Nakagata et al. 2022 (21–29; 1–6 reps/min)
49,push-up,145,5.0,29.0,8.5,estimated_synthetic,Nakagata et al. 2022 + NCCOR Youth Compendium
39,crunch,165,3.0,55.0,3.32,estimated_synthetic,Nakagata et al. 2019 + NCCOR Youth Compendium curl-ups
47,jumping_jack,180,10.0,18.0,4.41,estimated_synthetic,NCCOR Youth Compendium
55,squat,24,1.0,24.0,8.5,estimated_synthetic,Nakagata et al. 2022 (21–29; 1–6 reps/min)
54,push-up,14,1.5,9.33,4.99,estimated_synthetic,Nakagata et al. 2022 + NCCOR Youth Compendium
37,crunch,340,10.0,34.0,3.58,estimated_synthetic,Nakagata et al. 2019 + NCCOR Youth Compendium curl-ups
49,jumping_jack,105,3.0,35.0,5.0,estimated_synthetic,NCCOR Youth Compendium
38,squat,40,8.0,5.0,2.98,estimated_synthetic,Nakagata et al. 2022 (21–29; 1–6 reps/min)
61,push-up,24,0.5,48.0,8.5,estimated_synthetic,Nakagata et al. 2022 + NCCOR Youth Compendium
24,crunch,130,10.0,13.0,2.85,estimated_synthetic,Nakagata et al. 2019 + NCCOR Youth Compendium curl-ups
59,jumping_jack,265,5.0,53.0,5.44,estimated_synthetic,NCCOR Youth Compendium
59,squat,110,5.0,22.0,8.5,estimated_synthetic,Nakagata et al. 2022 (21–29; 1–6 reps/min)
21,push-up,120,3.0,40.0,8.5,estimated_synthetic,Nakagata et al. 2022 + NCCOR Youth Compendium
17,crunch,380,10.0,38.0,3.57,estimated_synthetic,Nakagata et al. 2019 + NCCOR Youth Compendium curl-ups
46,jumping_jack,328,8.0,41.0,5.29,estimated_synthetic,NCCOR Youth Compendium
54,squat,160,10.0,16.0,8.5,estimated_synthetic,Nakagata et al. 2022 (21–29; 1–6 reps/min)
46,push-up,260,10.0,26.0,8.5,estimated_synthetic,Nakagata et al. 2022 + NCCOR Youth Compendium
62,crunch,180,5.0,36.0,3.46,estimated_synthetic,Nakagata et al. 2019 + NCCOR Youth Compendium curl-ups
39,jumping_jack,290,5.0,58.0,5.83,estimated_synthetic,NCCOR Youth Compendium
46,squat,40,1.0,40.0,8.5,estimated_synthetic,Nakagata et al. 2022 (21–29; 1–6 reps/min)
55,push-up,500,10.0,50.0,8.5,estimated_synthetic,Nakagata et al. 2022 + NCCOR Youth Compendium
21,crunch,160,10.0,16.0,3.08,estimated_synthetic,Nakagata et al. 2019 + NCCOR Youth Compendium curl-ups
36,jumping_jack,300,5.0,60.0,5.78,estimated_synthetic,NCCOR Youth Compendium
22,squat,136,8.0,17.0,8.5,estimated_synthetic,Nakagata et al. 2022 (21–29; 1–6 reps/min)
66,push-up,58,2.0,29.0,7.71,estimated_synthetic,Nakagata et al. 2022 + NCCOR Youth Compendium
37,crunch,240,8.0,30.0,3.5,estimated_synthetic,Nakagata et al. 2019 + NCCOR Youth Compendium curl-ups
69,jumping_jack,22,0.5,44.0,5.23,estimated_synthetic,NCCOR Youth Compendium
65,squat,105,3.0,35.0,8.5,estimated_synthetic,Nakagata et al. 2022 (21–29; 1–6 reps/min)
60,push-up,145,5.0,29.0,7.44,estimated_synthetic,Nakagata et al. 2022 + NCCOR Youth Compendium
54,crunch,62,1.5,41.33,3.59,estimated_synthetic,Nakagata et al. 2019 + NCCOR Youth Compendium curl-ups
22,jumping_jack,53,1.0,53.0,5.55,estimated_synthetic,NCCOR Youth Compendium
37,squat,84,1.5,56.0,8.5,estimated_synthetic,Nakagata et al. 2022 (21–29; 1–6 reps/min)
56,push-up,8,0.5,16.0,6.63,estimated_synthetic,Nakagata et al. 2022 + NCCOR Youth Compendium
41,crunch,2,0.5,4.0,2.29,estimated_synthetic,Nakagata et al. 2019 + NCCOR Youth Compendium curl-ups
38,jumping_jack,8,0.5,16.0,4.27,estimated_synthetic,NCCOR Youth Compendium
35,squat,5,1.0,5.0,3.12,estimated_synthetic,Nakagata et al. 2022 (21–29; 1–6 reps/min)
34,push-up,280,10.0,28.0,8.5,estimated_synthetic,Nakagata et al. 2022 + NCCOR Youth Compendium
49,crunch,92,2.0,46.0,3.61,estimated_synthetic,Nakagata et al. 2019 + NCCOR Youth Compendium curl-ups
68,jumping_jack,26,0.5,52.0,5.43,estimated_synthetic,NCCOR Youth Compendium
49,squat,270,10.0,27.0,8.5,estimated_synthetic,Nakagata et al. 2022 (21–29; 1–6 reps/min)
32,push-up,264,8.0,33.0,8.5,estimated_synthetic,Nakagata et al. 2022 + NCCOR Youth Compendium
53,crunch,112,8.0,14.0,2.99,estimated_synthetic,Nakagata et al. 2019 + NCCOR Youth Compendium curl-ups
51,jumping_jack,70,5.0,14.0,4.4,estimated_synthetic,NCCOR Youth Compendium
21,squat,81,1.5,54.0,8.5,estimated_synthetic,Nakagata et al. 2022 (21–29; 1–6 reps/min)
70,push-up,111,3.0,37.0,8.5,estimated_synthetic,Nakagata et al. 2022 + NCCOR Youth Compendium
39,crunch,123,3.0,41.0,3.16,estimated_synthetic,Nakagata et al. 2019 + NCCOR Youth Compendium curl-ups
45,jumping_jack,420,10.0,42.0,5.14,estimated_synthetic,NCCOR Youth Compendium
66,squat,160,8.0,20.0,8.5,estimated_synthetic,Nakagata et al. 2022 (21–29; 1–6 reps/min)
17,push-up,36,3.0,12.0,5.69,estimated_synthetic,Nakagata et al. 2022 + NCCOR Youth Compendium
55,crunch,272,8.0,34.0,3.33,estimated_synthetic,Nakagata et al. 2019 + NCCOR Youth Compendium curl-ups
20,jumping_jack,380,10.0,38.0,4.86,estimated_synthetic,NCCOR Youth Compendium
27,squat,12,1.0,12.0,7.43,estimated_synthetic,Nakagata et al. 2022 (21–29; 1–6 reps/min)
59,push-up,216,8.0,27.0,8.5,estimated_synthetic,Nakagata et al. 2022 + NCCOR Youth Compendium
20,crunch,90,2.0,45.0,3.27,estimated_synthetic,Nakagata et al. 2019 + NCCOR Youth Compendium curl-ups
44,jumping_jack,216,8.0,27.0,4.71,estimated_synthetic,NCCOR Youth Compendium
22,squat,54,2.0,27.0,8.5,estimated_synthetic,Nakagata et al. 2022 (21–29; 1–6 reps/min)
24,push-up,14,0.5,28.0,8.5,estimated_synthetic,Nakagata et al. 2022 + NCCOR Youth Compendium
50,crunch,70,10.0,7.0,2.64,estimated_synthetic,Nakagata et al. 2019 + NCCOR Youth Compendium curl-ups
45,jumping_jack,56,8.0,7.0,3.83,estimated_synthetic,NCCOR Youth Compendium
42,squat,16,1.5,10.67,6.57,estimated_synthetic,Nakagata et al. 2022 (21–29; 1–6 reps/min)
34,push-up,7,1.0,7.0,4.84,estimated_synthetic,Nakagata et al. 2022 + NCCOR Youth Compendium
67,crunch,19,1.0,19.0,3.32,estimated_synthetic,Nakagata et al. 2019 + NCCOR Youth Compendium curl-ups
30,jumping_jack,59,1.0,59.0,5.76,estimated_synthetic,NCCOR Youth Compendium
27,squat,430,10.0,43.0,8.5,estimated_synthetic,Nakagata et al. 2022 (21–29; 1–6 reps/min)
63,push-up,45,1.5,30.0,7.74,estimated_synthetic,Nakagata et al. 2022 + NCCOR Youth Compendium
58,crunch,12,1.5,8.0,2.49,estimated_synthetic,Nakagata et al. 2019 + NCCOR Youth Compendium curl-ups
31,jumping_jack,2,0.5,4.0,3.85,estimated_synthetic,NCCOR Youth Compendium
38,squat,160,5.0,32.0,8.5,estimated_synthetic,Nakagata et al. 2022 (21–29; 1–6 reps/min)
21,push-up,9,1.0,9.0,5.25,estimated_synthetic,Nakagata et al. 2022 + NCCOR Youth Compendium
51,crunch,22,1.0,22.0,3.62,estimated_synthetic,Nakagata et al. 2019 + NCCOR Youth Compendium curl-ups
23,jumping_jack,230,5.0,46.0,5.52,estimated_synthetic,NCCOR Youth Compendium
15,squat,26,0.5,52.0,8.5,estimated_synthetic,Nakagata et al. 2022 (21–29; 1–6 reps/min)
65,push-up,39,3.0,13.0,5.23,estimated_synthetic,Nakagata et al. 2022 + NCCOR Youth Compendium
57,crunch,13,1.0,13.0,2.88,estimated_synthetic,Nakagata et al. 2019 + NCCOR Youth Compendium curl-ups
55,jumping_jack,456,8.0,57.0,5.62,estimated_synthetic,NCCOR Youth Compendium
62,squat,153,3.0,51.0,8.5,estimated_synthetic,Nakagata et al. 2022 (21–29; 1–6 reps/min)
15,push-up,45,1.0,45.0,8.5,estimated_synthetic,Nakagata et al. 2022 + NCCOR Youth Compendium
52,crunch,11,0.5,22.0,3.46,estimated_synthetic,Nakagata et al. 2019 + NCCOR Youth Compendium curl-ups
54,jumping_jack,580,10.0,58.0,5.6,estimated_synthetic,NCCOR Youth Compendium
33,squat,147,3.0,49.0,8.5,estimated_synthetic,Nakagata et al. 2022 (21–29; 1–6 reps/min)
38,push-up,56,1.0,56.0,8.5,estimated_synthetic,Nakagata et al. 2022 + NCCOR Youth Compendium
25,crunch,51,1.0,51.0,3.3,estimated_synthetic,Nakagata et al. 2019 + NCCOR Youth Compendium curl-ups
15,jumping_jack,53,1.0,53.0,5.6,estimated_synthetic,NCCOR Youth Compendium
32,squat,30,2.0,15.0,8.5,estimated_synthetic,Nakagata et al. 2022 (21–29; 1–6 reps/min)
67,push-up,45,3.0,15.0,5.72,estimated_synthetic,Nakagata et al. 2022 + NCCOR Youth Compendium
15,crunch,72,2.0,36.0,3.32,estimated_synthetic,Nakagata et al. 2019 + NCCOR Youth Compendium curl-ups
21,jumping_jack,56,1.5,37.33,5.07,estimated_synthetic,NCCOR Youth Compendium
23,squat,18,3.0,6.0,3.65,estimated_synthetic,Nakagata et al. 2022 (21–29; 1–6 reps/min)
15,push-up,24,2.0,12.0,5.95,estimated_synthetic,Nakagata et al. 2022 + NCCOR Youth Compendium
64,crunch,75,5.0,15.0,2.98,estimated_synthetic,Nakagata et al. 2019 + NCCOR Youth Compendium curl-ups
21,jumping_jack,130,10.0,13.0,3.99,estimated_synthetic,NCCOR Youth Compendium
38,squat,3,1.0,3.0,2.39,estimated_synthetic,Nakagata et al. 2022 (21–29; 1–6 reps/min)
43,push-up,400,8.0,50.0,8.5,estimated_synthetic,Nakagata et al. 2022 + NCCOR Youth Compendium
29,crunch,150,3.0,50.0,3.52,estimated_synthetic,Nakagata et al. 2019 + NCCOR Youth Compendium curl-ups
58,jumping_jack,10,1.5,6.67,3.89,estimated_synthetic,NCCOR Youth Compendium
67,squat,12,0.5,24.0,8.5,estimated_synthetic,Nakagata et al. 2022 (21–29; 1–6 reps/min)
64,push-up,66,2.0,33.0,8.26,estimated_synthetic,Nakagata et al. 2022 + NCCOR Youth Compendium
44,crunch,36,1.5,24.0,3.26,estimated_synthetic,Nakagata et al. 2019 + NCCOR Youth Compendium curl-ups
51,jumping_jack,240,8.0,30.0,5.04,estimated_synthetic,NCCOR Youth Compendium
33,squat,9,1.0,9.0,5.4,estimated_synthetic,Nakagata et al. 2022 (21–29; 1–6 reps/min)
31,push-up,42,1.0,42.0,8.5,estimated_synthetic,Nakagata et al. 2022 + NCCOR Youth Compendium
28,crunch,10,0.5,20.0,3.4,estimated_synthetic,Nakagata et al. 2019 + NCCOR Youth Compendium curl-ups
70,jumping_jack,500,10.0,50.0,5.75,estimated_synthetic,NCCOR Youth Compendium
25,squat,165,3.0,55.0,8.5,estimated_synthetic,Nakagata et al. 2022 (21–29; 1–6 reps/min)
39,push-up,225,5.0,45.0,8.5,estimated_synthetic,Nakagata et al. 2022 + NCCOR Youth Compendium
21,crunch,416,8.0,52.0,3.4,estimated_synthetic,Nakagata et al. 2019 + NCCOR Youth Compendium curl-ups
19,jumping_jack,60,1.5,40.0,5.01,estimated_synthetic,NCCOR Youth Compendium
23,squat,114,2.0,57.0,8.5,estimated_synthetic,Nakagata et al. 2022 (21–29; 1–6 reps/min)
28,push-up,51,3.0,17.0,6.93,estimated_synthetic,Nakagata et al. 2022 + NCCOR Youth Compendium
47,crunch,16,2.0,8.0,2.76,estimated_synthetic,Nakagata et al. 2019 + NCCOR Youth Compendium curl-ups
58,jumping_jack,112,8.0,14.0,4.31,estimated_synthetic,NCCOR Youth Compendium
59,squat,24,0.5,48.0,8.5,estimated_synthetic,Nakagata et al. 2022 (21–29; 1–6 reps/min)
27,push-up,16,0.5,32.0,8.5,estimated_synthetic,Nakagata et al. 2022 + NCCOR Youth Compendium
55,crunch,132,3.0,44.0,3.34,estimated_synthetic,Nakagata et al. 2019 + NCCOR Youth Compendium curl-ups
64,jumping_jack,10,0.5,20.0,4.55,estimated_synthetic,NCCOR Youth Compendium
35,squat,52,1.0,52.0,8.5,estimated_synthetic,Nakagata et al. 2022 (21–29; 1–6 reps/min)
46,push-up,5,1.0,5.0,4.4,estimated_synthetic,Nakagata et al. 2022 + NCCOR Youth Compendium
33,crunch,72,1.5,48.0,3.5,estimated_synthetic,Nakagata et al. 2019 + NCCOR Youth Compendium curl-ups
32,jumping_jack,7,0.5,14.0,4.15,estimated_synthetic,NCCOR Youth Compendium
65,squat,72,1.5,48.0,8.5,estimated_synthetic,Nakagata et al. 2022 (21–29; 1–6 reps/min)
22,push-up,26,1.0,26.0,8.5,estimated_synthetic,Nakagata et al. 2022 + NCCOR Youth Compendium
57,crunch,8,0.5,16.0,3.06,estimated_synthetic,Nakagata et al. 2019 + NCCOR Youth Compendium curl-ups
48,jumping_jack,35,5.0,7.0,4.28,estimated_synthetic,NCCOR Youth Compendium
57,squat,34,1.5,22.67,8.5,estimated_synthetic,Nakagata et al. 2022 (21–29; 1–6 reps/min)
68,push-up,280,10.0,28.0,7.67,estimated_synthetic,Nakagata et al. 2022 + NCCOR Youth Compendium
31,crunch,152,8.0,19.0,3.3,estimated_synthetic,Nakagata et al. 2019 + NCCOR Youth Compendium curl-ups
35,jumping_jack,170,5.0,34.0,5.33,estimated_synthetic,NCCOR Youth Compendium
44,squat,480,8.0,60.0,8.5,estimated_synthetic,Nakagata et al. 2022 (21–29; 1–6 reps/min)
55,push-up,450,10.0,45.0,8.5,estimated_synthetic,Nakagata et al. 2022 + NCCOR Youth Compendium
28,crunch,84,3.0,28.0,3.43,estimated_synthetic,Nakagata et al. 2019 + NCCOR Youth Compendium curl-ups
70,jumping_jack,416,8.0,52.0,5.61,estimated_synthetic,NCCOR Youth Compendium
29,squat,93,3.0,31.0,8.5,estimated_synthetic,Nakagata et al. 2022 (21–29; 1–6 reps/min)
29,push-up,9,3.0,3.0,3.53,estimated_synthetic,Nakagata et al. 2022 + NCCOR Youth Compendium
69,crunch,10,2.0,5.0,2.34,estimated_synthetic,Nakagata et al. 2019 + NCCOR Youth Compendium curl-ups
47,jumping_jack,26,2.0,13.0,4.37,estimated_synthetic,NCCOR Youth Compendium
67,squat,11,1.0,11.0,5.96,estimated_synthetic,Nakagata et al. 2022 (21–29; 1–6 reps/min)
34,push-up,43,1.0,43.0,8.5,estimated_synthetic,Nakagata et al. 2022 + NCCOR Youth Compendium
51,crunch,42,1.5,28.0,3.39,estimated_synthetic,Nakagata et al. 2019 + NCCOR Youth Compendium curl-ups
33,jumping_jack,156,3.0,52.0,5.62,estimated_synthetic,NCCOR Youth Compendium
25,squat,12,1.5,8.0,4.85,estimated_synthetic,Nakagata et al. 2022 (21–29; 1–6 reps/min)
53,push-up,102,2.0,51.0,8.5,estimated_synthetic,Nakagata et al. 2022 + NCCOR Youth Compendium
66,crunch,168,3.0,56.0,3.36,estimated_synthetic,Nakagata et al. 2019 + NCCOR Youth Compendium curl-ups
68,jumping_jack,270,10.0,27.0,4.93,estimated_synthetic,NCCOR Youth Compendium
46,squat,4,0.5,8.0,5.14,estimated_synthetic,Nakagata et al. 2022 (21–29; 1–6 reps/min)
28,push-up,96,3.0,32.0,8.5,estimated_synthetic,Nakagata et al. 2022 + NCCOR Youth Compendium
41,crunch,54,3.0,18.0,3.25,estimated_synthetic,Nakagata et al. 2019 + NCCOR Youth Compendium curl-ups
25,jumping_jack,21,1.5,14.0,4.06,estimated_synthetic,NCCOR Youth Compendium
61,squat,18,3.0,6.0,3.64,estimated_synthetic,Nakagata et al. 2022 (21–29; 1–6 reps/min)
56,push-up,81,3.0,27.0,8.5,estimated_synthetic,Nakagata et al. 2022 + NCCOR Youth Compendium
20,crunch,18,0.5,36.0,3.36,estimated_synthetic,Nakagata et al. 2019 + NCCOR Youth Compendium curl-ups
38,jumping_jack,22,2.0,11.0,3.9,estimated_synthetic,NCCOR Youth Compendium
56,squat,51,1.0,51.0,8.5,estimated_synthetic,Nakagata et al. 2022 (21–29; 1–6 reps/min)
44,push-up,21,1.5,14.0,6.52,estimated_synthetic,Nakagata et al. 2022 + NCCOR Youth Compendium
63,crunch,472,8.0,59.0,3.39,estimated_synthetic,Nakagata et al. 2019 + NCCOR Youth Compendium curl-ups
40,jumping_jack,20,1.0,20.0,4.45,estimated_synthetic,NCCOR Youth Compendium
53,squat,310,10.0,31.0,8.5,estimated_synthetic,Nakagata et al. 2022 (21–29; 1–6 reps/min)
24,push-up,78,2.0,39.0,8.5,estimated_synthetic,Nakagata et al. 2022 + NCCOR Youth Compendium
27,crunch,45,1.0,45.0,3.4,estimated_synthetic,Nakagata et al. 2019 + NCCOR Youth Compendium curl-ups
39,jumping_jack,87,1.5,58.0,5.65,estimated_synthetic,NCCOR Youth Compendium
60,squat,4,0.5,8.0,4.65,estimated_synthetic,Nakagata et al. 2022 (21–29; 1–6 reps/min)
65,push-up,37,1.0,37.0,8.5,estimated_synthetic,Nakagata et al. 2022 + NCCOR Youth Compendium
33,crunch,155,5.0,31.0,3.44,estimated_synthetic,Nakagata et al. 2019 + NCCOR Youth Compendium curl-ups
25,jumping_jack,50,1.5,33.33,4.81,estimated_synthetic,NCCOR Youth Compendium
58,squat,33,1.5,22.0,8.5,estimated_synthetic,Nakagata et al. 2022 (21–29; 1–6 reps/min)
22,push-up,60,5.0,12.0,5.96,estimated_synthetic,Nakagata et al. 2022 + NCCOR Youth Compendium
57,crunch,40,1.5,26.67,3.25,estimated_synthetic,Nakagata et al. 2019 + NCCOR Youth Compendium curl-ups
40,jumping_jack,216,8.0,27.0,4.5,estimated_synthetic,NCCOR Youth Compendium
44,squat,275,5.0,55.0,8.5,estimated_synthetic,Nakagata et al. 2022 (21–29; 1–6 reps/min)
61,push-up,22,2.0,11.0,5.21,estimated_synthetic,Nakagata et al. 2022 + NCCOR Youth Compendium
68,crunch,480,8.0,60.0,3.38,estimated_synthetic,Nakagata et al. 2019 + NCCOR Youth Compendium curl-ups
47,jumping_jack,20,1.5,13.33,4.47,estimated_synthetic,NCCOR Youth Compendium
67,squat,52,2.0,26.0,8.5,estimated_synthetic,Nakagata et al. 2022 (21–29; 1–6 reps/min)
52,push-up,48,1.5,32.0,8.5,estimated_synthetic,Nakagata et al. 2022 + NCCOR Youth Compendium
17,crunch,14,1.0,14.0,3.05,estimated_synthetic,Nakagata et al. 2019 + NCCOR Youth Compendium curl-ups
19,jumping_jack,35,1.0,35.0,5.03,estimated_synthetic,NCCOR Youth Compendium
28,squat,200,5.0,40.0,8.5,estimated_synthetic,Nakagata et al. 2022 (21–29; 1–6 reps/min)
58,push-up,400,8.0,50.0,8.5,estimated_synthetic,Nakagata et al. 2022 + NCCOR Youth Compendium
70,crunch,280,5.0,56.0,3.39,estimated_synthetic,Nakagata et al. 2019 + NCCOR Youth Compendium curl-ups
20,jumping_jack,90,10.0,9.0,3.93,estimated_synthetic,NCCOR Youth Compendium
35,squat,95,5.0,19.0,8.5,estimated_synthetic,Nakagata et al. 2022 (21–29; 1–6 reps/min)
61,push-up,10,1.5,6.67,4.33,estimated_synthetic,Nakagata et al. 2022 + NCCOR Youth Compendium
48,crunch,13,1.0,13.0,2.99,estimated_synthetic,Nakagata et al. 2019 + NCCOR Youth Compendium curl-ups
16,jumping_jack,52,1.0,52.0,5.62,estimated_synthetic,NCCOR Youth Compendium
52,squat,90,3.0,30.0,8.5,estimated_synthetic,Nakagata et al. 2022 (21–29; 1–6 reps/min)
33,push-up,69,1.5,46.0,8.5,estimated_synthetic,Nakagata et al. 2022 + NCCOR Youth Compendium
33,crunch,9,1.5,6.0,2.43,estimated_synthetic,Nakagata et al. 2019 + NCCOR Youth Compendium curl-ups
30,jumping_jack,25,5.0,5.0,3.97,estimated_synthetic,NCCOR Youth Compendium
42,squat,14,0.5,28.0,8.5,estimated_synthetic,Nakagata et al. 2022 (21–29; 1–6 reps/min)
59,push-up,86,2.0,43.0,8.5,estimated_synthetic,Nakagata et al. 2022 + NCCOR Youth Compendium
34,crunch,312,8.0,39.0,3.1,estimated_synthetic,Nakagata et al. 2019 + NCCOR Youth Compendium curl-ups
68,jumping_jack,12,1.5,8.0,3.86,estimated_synthetic,NCCOR Youth Compendium
61,squat,36,1.0,36.0,8.5,estimated_synthetic,Nakagata et al. 2022 (21–29; 1–6 reps/min)
17,push-up,15,5.0,3.0,3.4,estimated_synthetic,Nakagata et al. 2022 + NCCOR Youth Compendium
53,crunch,106,2.0,53.0,3.36,estimated_synthetic,Nakagata et al. 2019 + NCCOR Youth Compendium curl-ups
51,jumping_jack,265,5.0,53.0,5.77,estimated_synthetic,NCCOR Youth Compendium
64,squat,94,2.0,47.0,8.5,estimated_synthetic,Nakagata et al. 2022 (21–29; 1–6 reps/min)
35,push-up,69,1.5,46.0,8.5,estimated_synthetic,Nakagata et al. 2022 + NCCOR Youth Compendium
53,crunch,74,1.5,49.33,3.48,estimated_synthetic,Nakagata et al. 2019 + NCCOR Youth Compendium curl-ups
17,jumping_jack,9,1.5,6.0,4.0,estimated_synthetic,NCCOR Youth Compendium
57,squat,59,1.0,59.0,8.5,estimated_synthetic,Nakagata et al. 2022 (21–29; 1–6 reps/min)
62,push-up,416,8.0,52.0,8.5,estimated_synthetic,Nakagata et al. 2022 + NCCOR Youth Compendium
41,crunch,75,3.0,25.0,3.31,estimated_synthetic,Nakagata et al. 2019 + NCCOR Youth Compendium curl-ups
21,jumping_jack,95,5.0,19.0,4.37,estimated_synthetic,NCCOR Youth Compendium
19,squat,600,10.0,60.0,8.5,estimated_synthetic,Nakagata et al. 2022 (21–29; 1–6 reps/min)
63,push-up,22,0.5,44.0,8.5,estimated_synthetic,Nakagata et al. 2022 + NCCOR Youth Compendium
53,crunch,24,0.5,48.0,3.45,estimated_synthetic,Nakagata et al. 2019 + NCCOR Youth Compendium curl-ups
16,jumping_jack,86,2.0,43.0,5.13,estimated_synthetic,NCCOR Youth Compendium
69,squat,15,0.5,30.0,8.5,estimated_synthetic,Nakagata et al. 2022 (21–29; 1–6 reps/min)
70,push-up,50,2.0,25.0,7.01,estimated_synthetic,Nakagata et al. 2022 + NCCOR Youth Compendium
54,crunch,180,3.0,60.0,3.22,estimated_synthetic,Nakagata et al. 2019 + NCCOR Youth Compendium curl-ups
41,jumping_jack,432,8.0,54.0,5.59,estimated_synthetic,NCCOR Youth Compendium
31,squat,62,2.0,31.0,8.5,estimated_synthetic,Nakagata et al. 2022 (21–29; 1–6 reps/min)
15,push-up,144,8.0,18.0,6.53,estimated_synthetic,Nakagata et al. 2022 + NCCOR Youth Compendium
66,crunch,36,3.0,12.0,2.83,estimated_synthetic,Nakagata et al. 2019 + NCCOR Youth Compendium curl-ups
21,jumping_jack,115,5.0,23.0,4.5,estimated_synthetic,NCCOR Youth Compendium
48,squat,54,2.0,27.0,8.5,estimated_synthetic,Nakagata et al. 2022 (21–29; 1–6 reps/min)
27,push-up,13,0.5,26.0,8.5,estimated_synthetic,Nakagata et al. 2022 + NCCOR Youth Compendium
69,crunch,312,8.0,39.0,3.38,estimated_synthetic,Nakagata et al. 2019 + NCCOR Youth Compendium curl-ups
15,jumping_jack,24,0.5,48.0,5.25,estimated_synthetic,NCCOR Youth Compendium
27,squat,275,5.0,55.0,8.5,estimated_synthetic,Nakagata et al. 2022 (21–29; 1–6 reps/min)
58,push-up,108,3.0,36.0,8.5,estimated_synthetic,Nakagata et al. 2022 + NCCOR Youth Compendium
26,crunch,24,0.5,48.0,3.24,estimated_synthetic,Nakagata et al. 2019 + NCCOR Youth Compendium curl-ups
55,jumping_jack,26,1.5,17.33,4.47,estimated_synthetic,NCCOR Youth Compendium
51,squat,320,8.0,40.0,8.5,estimated_synthetic,Nakagata et al. 2022 (21–29; 1–6 reps/min)
60,push-up,25,5.0,5.0,4.04,estimated_synthetic,Nakagata et al. 2022 + NCCOR Youth Compendium
54,crunch,320,8.0,40.0,3.48,estimated_synthetic,Nakagata et al. 2019 + NCCOR Youth Compendium curl-ups
35,jumping_jack,296,8.0,37.0,5.25,estimated_synthetic,NCCOR Youth Compendium
37,squat,26,1.5,17.33,8.5,estimated_synthetic,Nakagata et al. 2022 (21–29; 1–6 reps/min)
51,push-up,26,0.5,52.0,8.5,estimated_synthetic,Nakagata et al. 2022 + NCCOR Youth Compendium
65,crunch,28,0.5,56.0,3.45,estimated_synthetic,Nakagata et al. 2019 + NCCOR Youth Compendium curl-ups
54,jumping_jack,70,5.0,14.0,4.0,estimated_synthetic,NCCOR Youth Compendium
30,squat,280,5.0,56.0,8.5,estimated_synthetic,Nakagata et al. 2022 (21–29; 1–6 reps/min)
48,push-up,272,8.0,34.0,8.5,estimated_synthetic,Nakagata et al. 2022 + NCCOR Youth Compendium
39,crunch,26,1.0,26.0,3.32,estimated_synthetic,Nakagata et al. 2019 + NCCOR Youth Compendium curl-ups
23,jumping_jack,145,5.0,29.0,4.93,estimated_synthetic,NCCOR Youth Compendium
23,squat,92,2.0,46.0,8.5,estimated_synthetic,Nakagata et al. 2022 (21–29; 1–6 reps/min)
48,push-up,60,1.0,60.0,8.5,estimated_synthetic,Nakagata et al. 2022 + NCCOR Youth Compendium
25,crunch,330,10.0,33.0,3.34,estimated_synthetic,Nakagata et al. 2019 + NCCOR Youth Compendium curl-ups
60,jumping_jack,110,5.0,22.0,4.66,estimated_synthetic,NCCOR Youth Compendium
16,squat,175,5.0,35.0,8.5,estimated_synthetic,Nakagata et al. 2022 (21–29; 1–6 reps/min)
46,push-up,470,10.0,47.0,8.5,estimated_synthetic,Nakagata et al. 2022 + NCCOR Youth Compendium
63,crunch,114,2.0,57.0,3.24,estimated_synthetic,Nakagata et al. 2019 + NCCOR Youth Compendium curl-ups
63,jumping_jack,144,3.0,48.0,5.79,estimated_synthetic,NCCOR Youth Compendium
70,squat,24,0.5,48.0,8.5,estimated_synthetic,Nakagata et al. 2022 (21–29; 1–6 reps/min)
26,push-up,16,1.0,16.0,6.72,estimated_synthetic,Nakagata et al. 2022 + NCCOR Youth Compendium
58,crunch,195,5.0,39.0,3.35,estimated_synthetic,Nakagata et al. 2019 + NCCOR Youth Compendium curl-ups
38,jumping_jack,250,10.0,25.0,4.53,estimated_synthetic,NCCOR Youth Compendium
56,squat,235,5.0,47.0,8.5,estimated_synthetic,Nakagata et al. 2022 (21–29; 1–6 reps/min)
20,push-up,100,10.0,10.0,5.32,estimated_synthetic,Nakagata et al. 2022 + NCCOR Youth Compendium
69,crunch,390,10.0,39.0,3.52,estimated_synthetic,Nakagata et al. 2019 + NCCOR Youth Compendium curl-ups
25,jumping_jack,60,1.5,40.0,5.19,estimated_synthetic,NCCOR Youth Compendium
59,squat,12,0.5,24.0,8.5,estimated_synthetic,Nakagata et al. 2022 (21–29; 1–6 reps/min)
15,push-up,50,1.5,33.33,8.5,estimated_synthetic,Nakagata et al. 2022 + NCCOR Youth Compendium
61,crunch,56,8.0,7.0,2.49,estimated_synthetic,Nakagata et al. 2019 + NCCOR Youth Compendium curl-ups
63,jumping_jack,220,10.0,22.0,4.49,estimated_synthetic,NCCOR Youth Compendium
64,squat,56,1.5,37.33,8.5,estimated_synthetic,Nakagata et al. 2022 (21–29; 1–6 reps/min)
28,push-up,69,3.0,23.0,7.96,estimated_synthetic,Nakagata et al. 2022 + NCCOR Youth Compendium
67,crunch,20,5.0,4.0,2.29,estimated_synthetic,Nakagata et al. 2019 + NCCOR Youth Compendium curl-ups
61,jumping_jack,30,2.0,15.0,3.98,estimated_synthetic,NCCOR Youth Compendium
23,squat,36,1.5,24.0,8.5,estimated_synthetic,Nakagata et al. 2022 (21–29; 1–6 reps/min)
52,push-up,16,0.5,32.0,8.5,estimated_synthetic,Nakagata et al. 2022 + NCCOR Youth Compendium
58,crunch,4,1.0,4.0,2.33,estimated_synthetic,Nakagata et al. 2019 + NCCOR Youth Compendium curl-ups
42,jumping_jack,47,1.0,47.0,5.22,estimated_synthetic,NCCOR Youth Compendium
26,squat,190,10.0,19.0,8.5,estimated_synthetic,Nakagata et al. 2022 (21–29; 1–6 reps/min)
69,push-up,21,3.0,7.0,4.31,estimated_synthetic,Nakagata et al. 2022 + NCCOR Youth Compendium
25,crunch,33,3.0,11.0,2.85,estimated_synthetic,Nakagata et al. 2019 + NCCOR Youth Compendium curl-ups
48,jumping_jack,54,1.5,36.0,5.23,estimated_synthetic,NCCOR Youth Compendium
34,squat,39,1.5,26.0,8.5,estimated_synthetic,Nakagata et al. 2022 (21–29; 1–6 reps/min)
61,push-up,165,5.0,33.0,8.09,estimated_synthetic,Nakagata et al. 2022 + NCCOR Youth Compendium
27,crunch,141,3.0,47.0,3.32,estimated_synthetic,Nakagata et al. 2019 + NCCOR Youth Compendium curl-ups
26,jumping_jack,220,10.0,22.0,4.46,estimated_synthetic,NCCOR Youth Compendium
52,squat,25,1.0,25.0,8.5,estimated_synthetic,Nakagata et al. 2022 (21–29; 1–6 reps/min)
70,push-up,14,0.5,28.0,7.53,estimated_synthetic,Nakagata et al. 2022 + NCCOR Youth Compendium
63,crunch,24,2.0,12.0,2.77,estimated_synthetic,Nakagata et al. 2019 + NCCOR Youth Compendium curl-ups
55,jumping_jack,344,8.0,43.0,5.28,estimated_synthetic,NCCOR Youth Compendium
33,squat,70,2.0,35.0,8.5,estimated_synthetic,Nakagata et al. 2022 (21–29; 1–6 reps/min)
52,push-up,15,0.5,30.0,8.5,estimated_synthetic,Nakagata et al. 2022 + NCCOR Youth Compendium
41,crunch,16,0.5,32.0,3.29,estimated_synthetic,Nakagata et al. 2019 + NCCOR Youth Compendium curl-ups
27,jumping_jack,57,1.0,57.0,5.76,estimated_synthetic,NCCOR Youth Compendium
61,squat,86,1.5,57.33,8.5,estimated_synthetic,Nakagata et al. 2022 (21–29; 1–6 reps/min)
37,push-up,26,0.5,52.0,8.5,estimated_synthetic,Nakagata et al. 2022 + NCCOR Youth Compendium
21,crunch,176,8.0,22.0,3.32,estimated_synthetic,Nakagata et al. 2019 + NCCOR Youth Compendium curl-ups
62,jumping_jack,27,1.5,18.0,4.62,estimated_synthetic,NCCOR Youth Compendium
38,squat,210,5.0,42.0,8.5,estimated_synthetic,Nakagata et al. 2022 (21–29; 1–6 reps/min)
26,push-up,14,1.0,14.0,6.33,estimated_synthetic,Nakagata et al. 2022 + NCCOR Youth Compendium
25,crunch,50,1.5,33.33,3.47,estimated_synthetic,Nakagata et al. 2019 + NCCOR Youth Compendium curl-ups
62,jumping_jack,330,10.0,33.0,5.01,estimated_synthetic,NCCOR Youth Compendium
31,squat,480,8.0,60.0,8.5,estimated_synthetic,Nakagata et al. 2022 (21–29; 1–6 reps/min)
36,push-up,112,8.0,14.0,6.29,estimated_synthetic,Nakagata et al. 2022 + NCCOR Youth Compendium
17,crunch,22,0.5,44.0,3.39,estimated_synthetic,Nakagata et al. 2019 + NCCOR Youth Compendium curl-ups
38,jumping_jack,21,3.0,7.0,4.11,estimated_synthetic,NCCOR Youth Compendium
58,squat,40,5.0,8.0,4.8,estimated_synthetic,Nakagata et al. 2022 (21–29; 1–6 reps/min)
49,push-up,80,10.0,8.0,4.95,estimated_synthetic,Nakagata et al. 2022 + NCCOR Youth Compendium
55,crunch,416,8.0,52.0,3.33,estimated_synthetic,Nakagata et al. 2019 + NCCOR Youth Compendium curl-ups
63,jumping_jack,88,2.0,44.0,5.2,estimated_synthetic,NCCOR Youth Compendium
44,squat,50,10.0,5.0,3.02,estimated_synthetic,Nakagata et al. 2022 (21–29; 1–6 reps/min)
20,push-up,111,3.0,37.0,8.5,estimated_synthetic,Nakagata et al. 2022 + NCCOR Youth Compendium
38,crunch,23,0.5,46.0,3.54,estimated_synthetic,Nakagata et al. 2019 + NCCOR Youth Compendium curl-ups
17,jumping_jack,430,10.0,43.0,5.12,estimated_synthetic,NCCOR Youth Compendium
21,squat,31,1.0,31.0,8.5,estimated_synthetic,Nakagata et al. 2022 (21–29; 1–6 reps/min)
63,push-up,87,1.5,58.0,8.5,estimated_synthetic,Nakagata et al. 2022 + NCCOR Youth Compendium
27,crunch,440,8.0,55.0,3.29,estimated_synthetic,Nakagata et al. 2019 + NCCOR Youth Compendium curl-ups
65,jumping_jack,24,0.5,48.0,5.12,estimated_synthetic,NCCOR Youth Compendium
25,squat,30,5.0,6.0,3.65,estimated_synthetic,Nakagata et al. 2022 (21–29; 1–6 reps/min)
47,push-up,480,8.0,60.0,8.5,estimated_synthetic,Nakagata et al. 2022 + NCCOR Youth Compendium
61,crunch,28,2.0,14.0,2.92,estimated_synthetic,Nakagata et al. 2019 + NCCOR Youth Compendium curl-ups
65,jumping_jack,11,1.0,11.0,4.18,estimated_synthetic,NCCOR Youth Compendium
49,squat,24,8.0,3.0,2.49,estimated_synthetic,Nakagata et al. 2022 (21–29; 1–6 reps/min)
63,push-up,195,5.0,39.0,8.5,estimated_synthetic,Nakagata et al. 2022 + NCCOR Youth Compendium
38,crunch,235,5.0,47.0,3.26,estimated_synthetic,Nakagata et al. 2019 + NCCOR Youth Compendium curl-ups
52,jumping_jack,34,1.5,22.67,4.59,estimated_synthetic,NCCOR Youth Compendium
26,squat,135,3.0,45.0,8.5,estimated_synthetic,Nakagata et al. 2022 (21–29; 1–6 reps/min)
39,push-up,14,2.0,7.0,4.92,estimated_synthetic,Nakagata et al. 2022 + NCCOR Youth Compendium
24,crunch,330,10.0,33.0,3.5,estimated_synthetic,Nakagata et al. 2019 + NCCOR Youth Compendium curl-ups
18,jumping_jack,23,0.5,46.0,5.34,estimated_synthetic,NCCOR Youth Compendium
49,squat,45,1.0,45.0,8.5,estimated_synthetic,Nakagata et al. 2022 (21–29; 1–6 reps/min)
36,push-up,44,2.0,22.0,7.89,estimated_synthetic,Nakagata et al. 2022 + NCCOR Youth Compendium
42,crunch,35,1.0,35.0,3.4,estimated_synthetic,Nakagata et al. 2019 + NCCOR Youth Compendium curl-ups
16,jumping_jack,115,5.0,23.0,4.67,estimated_synthetic,NCCOR Youth Compendium
16,squat,470,10.0,47.0,8.5,estimated_synthetic,Nakagata et al. 2022 (21–29; 1–6 reps/min)
17,push-up,360,10.0,36.0,8.5,estimated_synthetic,Nakagata et al. 2022 + NCCOR Youth Compendium
38,crunch,115,5.0,23.0,3.41,estimated_synthetic,Nakagata et al. 2019 + NCCOR Youth Compendium curl-ups
15,jumping_jack,105,5.0,21.0,4.47,estimated_synthetic,NCCOR Youth Compendium
23,squat,29,1.0,29.0,8.5,estimated_synthetic,Nakagata et al. 2022 (21–29; 1–6 reps/min)
55,push-up,400,10.0,40.0,8.5,estimated_synthetic,Nakagata et al. 2022 + NCCOR Youth Compendium
18,crunch,295,5.0,59.0,3.51,estimated_synthetic,Nakagata et al. 2019 + NCCOR Youth Compendium curl-ups
56,jumping_jack,11,0.5,22.0,4.58,estimated_synthetic,NCCOR Youth Compendium
41,squat,46,1.5,30.67,8.5,estimated_synthetic,Nakagata et al. 2022 (21–29; 1–6 reps/min)
57,push-up,344,8.0,43.0,8.5,estimated_synthetic,Nakagata et al. 2022 + NCCOR Youth Compendium
45,crunch,105,5.0,21.0,3.55,estimated_synthetic,Nakagata et al. 2019 + NCCOR Youth Compendium curl-ups
52,jumping_jack,16,0.5,32.0,4.71,estimated_synthetic,NCCOR Youth Compendium
59,squat,272,8.0,34.0,8.5,estimated_synthetic,Nakagata et al. 2022 (21–29; 1–6 reps/min)
68,push-up,570,10.0,57.0,8.5,estimated_synthetic,Nakagata et al. 2022 + NCCOR Youth Compendium
15,crunch,114,2.0,57.0,3.43,estimated_synthetic,Nakagata et al. 2019 + NCCOR Youth Compendium curl-ups
55,jumping_jack,16,1.0,16.0,4.42,estimated_synthetic,NCCOR Youth Compendium
68,squat,12,2.0,6.0,3.85,estimated_synthetic,Nakagata et al. 2022 (21–29; 1–6 reps/min)
59,push-up,48,1.0,48.0,8.5,estimated_synthetic,Nakagata et al. 2022 + NCCOR Youth Compendium
19,crunch,220,5.0,44.0,3.27,estimated_synthetic,Nakagata et al. 2019 + NCCOR Youth Compendium curl-ups
31,jumping_jack,65,5.0,13.0,4.14,estimated_synthetic,NCCOR Youth Compendium
17,squat,57,1.0,57.0,8.5,estimated_synthetic,Nakagata et al. 2022 (21–29; 1–6 reps/min)
26,push-up,14,0.5,28.0,8.5,estimated_synthetic,Nakagata et al. 2022 + NCCOR Youth Compendium
48,crunch,432,8.0,54.0,3.46,estimated_synthetic,Nakagata et al. 2019 + NCCOR Youth Compendium curl-ups
44,jumping_jack,20,0.5,40.0,5.17,estimated_synthetic,NCCOR Youth Compendium
48,squat,180,10.0,18.0,8.5,estimated_synthetic,Nakagata et al. 2022 (21–29; 1–6 reps/min)
63,push-up,170,5.0,34.0,8.28,estimated_synthetic,Nakagata et al. 2022 + NCCOR Youth Compendium
44,crunch,100,2.0,50.0,3.42,estimated_synthetic,Nakagata et al. 2019 + NCCOR Youth Compendium curl-ups
58,jumping_jack,13,1.0,13.0,4.14,estimated_synthetic,NCCOR Youth Compendium
62,squat,21,1.0,21.0,8.5,estimated_synthetic,Nakagata et al. 2022 (21–29; 1–6 reps/min)
29,push-up,270,5.0,54.0,8.5,estimated_synthetic,Nakagata et al. 2022 + NCCOR Youth Compendium
41,crunch,74,1.5,49.33,3.46,estimated_synthetic,Nakagata et al. 2019 + NCCOR Youth Compendium curl-ups
27,jumping_jack,76,2.0,38.0,4.96,estimated_synthetic,NCCOR Youth Compendium
40,squat,590,10.0,59.0,8.5,estimated_synthetic,Nakagata et al. 2022 (21–29; 1–6 reps/min)
70,push-up,490,10.0,49.0,8.5,estimated_synthetic,Nakagata et al. 2022 + NCCOR Youth Compendium
55,crunch,153,3.0,51.0,3.32,estimated_synthetic,Nakagata et al. 2019 + NCCOR Youth Compendium curl-ups
34,jumping_jack,96,8.0,12.0,4.0,estimated_synthetic,NCCOR Youth Compendium
67,squat,8,0.5,16.0,8.3,estimated_synthetic,Nakagata et al. 2022 (21–29; 1–6 reps/min)
49,push-up,6,2.0,3.0,3.41,estimated_synthetic,Nakagata et al. 2022 + NCCOR Youth Compendium
43,crunch,108,2.0,54.0,3.33,estimated_synthetic,Nakagata et al. 2019 + NCCOR Youth Compendium curl-ups
59,jumping_jack,5,1.0,5.0,3.71,estimated_synthetic,NCCOR Youth Compendium
40,squat,147,3.0,49.0,8.5,estimated_synthetic,Nakagata et al. 2022 (21–29; 1–6 reps/min)
61,push-up,174,3.0,58.0,8.5,estimated_synthetic,Nakagata et al. 2022 + NCCOR Youth Compendium
64,crunch,92,2.0,46.0,3.3,estimated_synthetic,Nakagata et al. 2019 + NCCOR Youth Compendium curl-ups
69,jumping_jack,49,1.0,49.0,5.48,estimated_synthetic,NCCOR Youth Compendium
29,squat,20,2.0,10.0,6.06,estimated_synthetic,Nakagata et al. 2022 (21–29; 1–6 reps/min)
23,push-up,60,5.0,12.0,5.71,estimated_synthetic,Nakagata et al. 2022 + NCCOR Youth Compendium
54,crunch,81,1.5,54.0,3.27,estimated_synthetic,Nakagata et al. 2019 + NCCOR Youth Compendium curl-ups
36,jumping_jack,24,3.0,8.0,4.19,estimated_synthetic,NCCOR Youth Compendium
33,squat,40,2.0,20.0,8.5,estimated_synthetic,Nakagata et al. 2022 (21–29; 1–6 reps/min)
30,push-up,88,2.0,44.0,8.5,estimated_synthetic,Nakagata et al. 2022 + NCCOR Youth Compendium
65,crunch,32,8.0,4.0,2.2,estimated_synthetic,Nakagata et al. 2019 + NCCOR Youth Compendium curl-ups
37,jumping_jack,81,1.5,54.0,5.81,estimated_synthetic,NCCOR Youth Compendium
34,squat,140,10.0,14.0,8.32,estimated_synthetic,Nakagata et al. 2022 (21–29; 1–6 reps/min)
30,push-up,250,5.0,50.0,8.5,estimated_synthetic,Nakagata et al. 2022 + NCCOR Youth Compendium
50,crunch,255,5.0,51.0,3.32,estimated_synthetic,Nakagata et al. 2019 + NCCOR Youth Compendium curl-ups
70,jumping_jack,230,5.0,46.0,5.2,estimated_synthetic,NCCOR Youth Compendium
68,squat,290,5.0,58.0,8.5,estimated_synthetic,Nakagata et al. 2022 (21–29; 1–6 reps/min)
57,push-up,230,10.0,23.0,8.06,estimated_synthetic,Nakagata et al. 2022 + NCCOR Youth Compendium
40,crunch,170,5.0,34.0,3.36,estimated_synthetic,Nakagata et al. 2019 + NCCOR Youth Compendium curl-ups
55,jumping_jack,96,2.0,48.0,5.32,estimated_synthetic,NCCOR Youth Compendium
47,squat,30,1.0,30.0,8.5,estimated_synthetic,Nakagata et al. 2022 (21–29; 1–6 reps/min)
50,push-up,80,2.0,40.0,8.5,estimated_synthetic,Nakagata et al. 2022 + NCCOR Youth Compendium
63,crunch,310,10.0,31.0,3.3,estimated_synthetic,Nakagata et al. 2019 + NCCOR Youth Compendium curl-ups
35,jumping_jack,34,1.0,34.0,4.88,estimated_synthetic,NCCOR Youth Compendium
35,squat,26,1.0,26.0,8.5,estimated_synthetic,Nakagata et al. 2022 (21–29; 1–6 reps/min)
28,push-up,78,2.0,39.0,8.5,estimated_synthetic,Nakagata et al. 2022 + NCCOR Youth Compendium
59,crunch,72,2.0,36.0,3.38,estimated_synthetic,Nakagata et al. 2019 + NCCOR Youth Compendium curl-ups
44,jumping_jack,416,8.0,52.0,5.84,estimated_synthetic,NCCOR Youth Compendium
34,squat,14,0.5,28.0,8.5,estimated_synthetic,Nakagata et al. 2022 (21–29; 1–6 reps/min)
70,push-up,328,8.0,41.0,8.5,estimated_synthetic,Nakagata et al. 2022 + NCCOR Youth Compendium
20,crunch,14,1.0,14.0,2.86,estimated_synthetic,Nakagata et al. 2019 + NCCOR Youth Compendium curl-ups
57,jumping_jack,16,0.5,32.0,4.9,estimated_synthetic,NCCOR Youth Compendium
16,squat,384,8.0,48.0,8.5,estimated_synthetic,Nakagata et al. 2022 (21–29; 1–6 reps/min)
28,push-up,18,2.0,9.0,5.23,estimated_synthetic,Nakagata et al. 2022 + NCCOR Youth Compendium
65,crunch,80,1.5,53.33,3.59,estimated_synthetic,Nakagata et al. 2019 + NCCOR Youth Compendium curl-ups
44,jumping_jack,376,8.0,47.0,5.61,estimated_synthetic,NCCOR Youth Compendium
51,squat,50,10.0,5.0,3.29,estimated_synthetic,Nakagata et al. 2022 (21–29; 1–6 reps/min)
32,push-up,160,10.0,16.0,6.6,estimated_synthetic,Nakagata et al. 2022 + NCCOR Youth Compendium
69,crunch,96,2.0,48.0,3.42,estimated_synthetic,Nakagata et al. 2019 + NCCOR Youth Compendium curl-ups
29,jumping_jack,160,5.0,32.0,4.78,estimated_synthetic,NCCOR Youth Compendium
48,squat,10,2.0,5.0,3.17,estimated_synthetic,Nakagata et al. 2022 (21–29; 1–6 reps/min)
25,push-up,60,3.0,20.0,7.31,estimated_synthetic,Nakagata et al. 2022 + NCCOR Youth Compendium
43,crunch,39,1.0,39.0,3.46,estimated_synthetic,Nakagata et al. 2019 + NCCOR Youth Compendium curl-ups
67,jumping_jack,448,8.0,56.0,5.7,estimated_synthetic,NCCOR Youth Compendium
43,squat,328,8.0,41.0,8.5,estimated_synthetic,Nakagata et al. 2022 (21–29; 1–6 reps/min)
35,push-up,98,2.0,49.0,8.5,estimated_synthetic,Nakagata et al. 2022 + NCCOR Youth Compendium
66,crunch,50,2.0,25.0,3.21,estimated_synthetic,Nakagata et al. 2019 + NCCOR Youth Compendium curl-ups
60,jumping_jack,330,10.0,33.0,4.72,estimated_synthetic,NCCOR Youth Compendium
64,squat,10,0.5,20.0,8.5,estimated_synthetic,Nakagata et al. 2022 (21–29; 1–6 reps/min)
70,push-up,34,2.0,17.0,5.54,estimated_synthetic,Nakagata et al. 2022 + NCCOR Youth Compendium
37,crunch,70,10.0,7.0,2.38,estimated_synthetic,Nakagata et al. 2019 + NCCOR Youth Compendium curl-ups
57,jumping_jack,290,5.0,58.0,5.69,estimated_synthetic,NCCOR Youth Compendium
57,squat,350,10.0,35.0,8.5,estimated_synthetic,Nakagata et al. 2022 (21–29; 1–6 reps/min)
18,push-up,12,2.0,6.0,4.94,estimated_synthetic,Nakagata et al. 2022 + NCCOR Youth Compendium
17,crunch,330,10.0,33.0,3.57,estimated_synthetic,Nakagata et al. 2019 + NCCOR Youth Compendium curl-ups
47,jumping_jack,190,10.0,19.0,4.65,estimated_synthetic,NCCOR Youth Compendium
48,squat,74,1.5,49.33,8.5,estimated_synthetic,Nakagata et al. 2022 (21–29; 1–6 reps/min)
16,push-up,114,3.0,38.0,8.5,estimated_synthetic,Nakagata et al. 2022 + NCCOR Youth Compendium
27,crunch,70,2.0,35.0,3.42,estimated_synthetic,Nakagata et al. 2019 + NCCOR Youth Compendium curl-ups
34,jumping_jack,42,3.0,14.0,4.24,estimated_synthetic,NCCOR Youth Compendium
38,squat,80,8.0,10.0,6.01,estimated_synthetic,Nakagata et al. 2022 (21–29; 1–6 reps/min)
23,push-up,424,8.0,53.0,8.5,estimated_synthetic,Nakagata et al. 2022 + NCCOR Youth Compendium
31,crunch,129,3.0,43.0,3.38,estimated_synthetic,Nakagata et al. 2019 + NCCOR Youth Compendium curl-ups
55,jumping_jack,10,1.5,6.67,4.13,estimated_synthetic,NCCOR Youth Compendium
45,squat,210,10.0,21.0,8.5,estimated_synthetic,Nakagata et al. 2022 (21–29; 1–6 reps/min)
17,push-up,22,0.5,44.0,8.5,estimated_synthetic,Nakagata et al. 2022 + NCCOR Youth Compendium
56,crunch,76,2.0,38.0,3.32,estimated_synthetic,Nakagata et al. 2019 + NCCOR Youth Compendium curl-ups
45,jumping_jack,64,2.0,32.0,4.84,estimated_synthetic,NCCOR Youth Compendium
26,squat,7,0.5,14.0,8.44,estimated_synthetic,Nakagata et al. 2022 (21–29; 1–6 reps/min)
39,push-up,280,8.0,35.0,8.5,estimated_synthetic,Nakagata et al. 2022 + NCCOR Youth Compendium
57,crunch,580,10.0,58.0,3.41,estimated_synthetic,Nakagata et al. 2019 + NCCOR Youth Compendium curl-ups
36,jumping_jack,4,0.5,8.0,4.23,estimated_synthetic,NCCOR Youth Compendium
27,squat,120,5.0,24.0,8.5,estimated_synthetic,Nakagata et al. 2022 (21–29; 1–6 reps/min)
59,push-up,28,1.0,28.0,8.5,estimated_synthetic,Nakagata et al. 2022 + NCCOR Youth Compendium
52,crunch,50,10.0,5.0,2.45,estimated_synthetic,Nakagata et al. 2019 + NCCOR Youth Compendium curl-ups
19,jumping_jack,430,10.0,43.0,5.17,estimated_synthetic,NCCOR Youth Compendium
43,squat,76,1.5,50.67,8.5,estimated_synthetic,Nakagata et al. 2022 (21–29; 1–6 reps/min)
17,push-up,600,10.0,60.0,8.5,estimated_synthetic,Nakagata et al. 2022 + NCCOR Youth Compendium
30,crunch,130,10.0,13.0,2.85,estimated_synthetic,Nakagata et al. 2019 + NCCOR Youth Compendium curl-ups
22,jumping_jack,110,2.0,55.0,5.67,estimated_synthetic,NCCOR Youth Compendium
26,squat,4,1.5,2.67,2.24,estimated_synthetic,Nakagata et al. 2022 (21–29; 1–6 reps/min)
53,push-up,47,1.0,47.0,8.5,estimated_synthetic,Nakagata et al. 2022 + NCCOR Youth Compendium
54,crunch,9,1.0,9.0,2.71,estimated_synthetic,Nakagata et al. 2019 + NCCOR Youth Compendium curl-ups
19,jumping_jack,16,0.5,32.0,5.25,estimated_synthetic,NCCOR Youth Compendium
48,squat,27,1.5,18.0,8.5,estimated_synthetic,Nakagata et al. 2022 (21–29; 1–6 reps/min)
36,push-up,25,1.0,25.0,8.49,estimated_synthetic,Nakagata et al. 2022 + NCCOR Youth Compendium
51,crunch,5,0.5,10.0,2.58,estimated_synthetic,Nakagata et al. 2019 + NCCOR Youth Compendium curl-ups
63,jumping_jack,55,5.0,11.0,4.06,estimated_synthetic,NCCOR Youth Compendium
64,squat,52,2.0,26.0,8.5,estimated_synthetic,Nakagata et al. 2022 (21–29; 1–6 reps/min)
48,push-up,400,10.0,40.0,8.5,estimated_synthetic,Nakagata et al. 2022 + NCCOR Youth Compendium
16,crunch,10,0.5,20.0,3.33,estimated_synthetic,Nakagata et al. 2019 + NCCOR Youth Compendium curl-ups
32,jumping_jack,232,8.0,29.0,4.84,estimated_synthetic,NCCOR Youth Compendium
53,squat,95,5.0,19.0,8.5,estimated_synthetic,Nakagata et al. 2022 (21–29; 1–6 reps/min)
24,push-up,200,10.0,20.0,7.49,estimated_synthetic,Nakagata et al. 2022 + NCCOR Youth Compendium
33,crunch,220,5.0,44.0,3.26,estimated_synthetic,Nakagata et al. 2019 + NCCOR Youth Compendium curl-ups
19,jumping_jack,75,3.0,25.0,4.65,estimated_synthetic,NCCOR Youth Compendium
54,squat,280,10.0,28.0,8.5,estimated_synthetic,Nakagata et al. 2022 (21–29; 1–6 reps/min)
70,push-up,200,10.0,20.0,6.25,estimated_synthetic,Nakagata et al. 2022 + NCCOR Youth Compendium
63,crunch,20,0.5,40.0,3.43,estimated_synthetic,Nakagata et al. 2019 + NCCOR Youth Compendium curl-ups
63,jumping_jack,6,0.5,12.0,4.35,estimated_synthetic,NCCOR Youth Compendium
19,squat,112,8.0,14.0,7.97,estimated_synthetic,Nakagata et al. 2022 (21–29; 1–6 reps/min)
63,push-up,150,5.0,30.0,7.8,estimated_synthetic,Nakagata et al. 2022 + NCCOR Youth Compendium
15,crunch,344,8.0,43.0,3.41,estimated_synthetic,Nakagata et al. 2019 + NCCOR Youth Compendium curl-ups
57,jumping_jack,120,3.0,40.0,4.9,estimated_synthetic,NCCOR Youth Compendium
18,squat,57,1.0,57.0,8.5,estimated_synthetic,Nakagata et al. 2022 (21–29; 1–6 reps/min)
36,push-up,13,0.5,26.0,8.5,estimated_synthetic,Nakagata et al. 2022 + NCCOR Youth Compendium
65,crunch,14,1.0,14.0,2.96,estimated_synthetic,Nakagata et al. 2019 + NCCOR Youth Compendium curl-ups
45,jumping_jack,110,2.0,55.0,5.74,estimated_synthetic,NCCOR Youth Compendium
40,squat,120,3.0,40.0,8.5,estimated_synthetic,Nakagata et al. 2022 (21–29; 1–6 reps/min)
54,push-up,78,1.5,52.0,8.5,estimated_synthetic,Nakagata et al. 2022 + NCCOR Youth Compendium
44,crunch,5,0.5,10.0,2.67,estimated_synthetic,Nakagata et al. 2019 + NCCOR Youth Compendium curl-ups
69,jumping_jack,20,0.5,40.0,5.12,estimated_synthetic,NCCOR Youth Compendium
59,squat,80,5.0,16.0,8.5,estimated_synthetic,Nakagata et al. 2022 (21–29; 1–6 reps/min)
18,push-up,15,0.5,30.0,8.5,estimated_synthetic,Nakagata et al. 2022 + NCCOR Youth Compendium
50,crunch,33,1.5,22.0,3.41,estimated_synthetic,Nakagata et al. 2019 + NCCOR Youth Compendium curl-ups
49,jumping_jack,408,8.0,51.0,5.48,estimated_synthetic,NCCOR Youth Compendium
29,squat,39,3.0,13.0,8.02,estimated_synthetic,Nakagata et al. 2022 (21–29; 1–6 reps/min)
68,push-up,56,2.0,28.0,7.47,estimated_synthetic,Nakagata et al. 2022 + NCCOR Youth Compendium
58,crunch,51,1.5,34.0,3.51,estimated_synthetic,Nakagata et al. 2019 + NCCOR Youth Compendium curl-ups
36,jumping_jack,24,0.5,48.0,5.59,estimated_synthetic,NCCOR Youth Compendium
15,squat,175,5.0,35.0,8.5,estimated_synthetic,Nakagata et al. 2022 (21–29; 1–6 reps/min)
49,push-up,3,1.0,3.0,3.47,estimated_synthetic,Nakagata et al. 2022 + NCCOR Youth Compendium
22,crunch,19,1.0,19.0,3.22,estimated_synthetic,Nakagata et al. 2019 + NCCOR Youth Compendium curl-ups
21,jumping_jack,15,1.5,10.0,3.86,estimated_synthetic,NCCOR Youth Compendium
56,squat,52,2.0,26.0,8.5,estimated_synthetic,Nakagata et al. 2022 (21–29; 1–6 reps/min)
28,push-up,33,3.0,11.0,5.71,estimated_synthetic,Nakagata et al. 2022 + NCCOR Youth Compendium
46,crunch,117,3.0,39.0,3.32,estimated_synthetic,Nakagata et al. 2019 + NCCOR Youth Compendium curl-ups
57,jumping_jack,69,1.5,46.0,5.37,estimated_synthetic,NCCOR Youth Compendium
42,squat,180,10.0,18.0,8.5,estimated_synthetic,Nakagata et al. 2022 (21–29; 1–6 reps/min)
44,push-up,13,0.5,26.0,8.5,estimated_synthetic,Nakagata et al. 2022 + NCCOR Youth Compendium
42,crunch,38,1.5,25.33,3.37,estimated_synthetic,Nakagata et al. 2019 + NCCOR Youth Compendium curl-ups
23,jumping_jack,12,2.0,6.0,3.81,estimated_synthetic,NCCOR Youth Compendium
67,squat,208,8.0,26.0,8.5,estimated_synthetic,Nakagata et al. 2022 (21–29; 1–6 reps/min)
42,push-up,216,8.0,27.0,8.5,estimated_synthetic,Nakagata et al. 2022 + NCCOR Youth Compendium
32,crunch,500,10.0,50.0,3.49,estimated_synthetic,Nakagata et al. 2019 + NCCOR Youth Compendium curl-ups
53,jumping_jack,48,1.5,32.0,5.1,estimated_synthetic,NCCOR Youth Compendium
18,squat,190,5.0,38.0,8.5,estimated_synthetic,Nakagata et al. 2022 (21–29; 1–6 reps/min)
18,push-up,6,2.0,3.0,3.48,estimated_synthetic,Nakagata et al. 2022 + NCCOR Youth Compendium
35,crunch,400,10.0,40.0,3.4,estimated_synthetic,Nakagata et al. 2019 + NCCOR Youth Compendium curl-ups
49,jumping_jack,280,5.0,56.0,5.8,estimated_synthetic,NCCOR Youth Compendium
52,squat,10,0.5,20.0,8.5,estimated_synthetic,Nakagata et al. 2022 (21–29; 1–6 reps/min)
66,push-up,63,1.5,42.0,8.5,estimated_synthetic,Nakagata et al. 2022 + NCCOR Youth Compendium
67,crunch,90,10.0,9.0,2.59,estimated_synthetic,Nakagata et al. 2019 + NCCOR Youth Compendium curl-ups
57,jumping_jack,45,3.0,15.0,4.3,estimated_synthetic,NCCOR Youth Compendium
61,squat,144,8.0,18.0,8.5,estimated_synthetic,Nakagata et al. 2022 (21–29; 1–6 reps/min)
63,push-up,50,1.5,33.33,8.21,estimated_synthetic,Nakagata et al. 2022 + NCCOR Youth Compendium
41,crunch,120,3.0,40.0,3.46,estimated_synthetic,Nakagata et al. 2019 + NCCOR Youth Compendium curl-ups
38,jumping_jack,80,8.0,10.0,4.12,estimated_synthetic,NCCOR Youth Compendium
68,squat,8,0.5,16.0,8.24,estimated_synthetic,Nakagata et al. 2022 (21–29; 1–6 reps/min)
17,push-up,344,8.0,43.0,8.5,estimated_synthetic,Nakagata et al. 2022 + NCCOR Youth Compendium
59,crunch,64,1.5,42.67,3.48,estimated_synthetic,Nakagata et al. 2019 + NCCOR Youth Compendium curl-ups
57,jumping_jack,90,3.0,30.0,4.53,estimated_synthetic,NCCOR Youth Compendium
37,squat,25,1.0,25.0,8.5,estimated_synthetic,Nakagata et al. 2022 (21–29; 1–6 reps/min)
55,push-up,32,1.0,32.0,8.5,estimated_synthetic,Nakagata et al. 2022 + NCCOR Youth Compendium
33,crunch,3,0.5,6.0,2.33,estimated_synthetic,Nakagata et al. 2019 + NCCOR Youth Compendium curl-ups
23,jumping_jack,26,2.0,13.0,4.16,estimated_synthetic,NCCOR Youth Compendium
23,squat,23,1.0,23.0,8.5,estimated_synthetic,Nakagata et al. 2022 (21–29; 1–6 reps/min)
56,push-up,86,1.5,57.33,8.5,estimated_synthetic,Nakagata et al. 2022 + NCCOR Youth Compendium
39,crunch,162,3.0,54.0,3.48,estimated_synthetic,Nakagata et al. 2019 + NCCOR Youth Compendium curl-ups
51,jumping_jack,464,8.0,58.0,5.57,estimated_synthetic,NCCOR Youth Compendium
46,squat,57,1.5,38.0,8.5,estimated_synthetic,Nakagata et al. 2022 (21–29; 1–6 reps/min)
50,push-up,51,1.5,34.0,8.5,estimated_synthetic,Nakagata et al. 2022 + NCCOR Youth Compendium
21,crunch,420,10.0,42.0,3.5,estimated_synthetic,Nakagata et al. 2019 + NCCOR Youth Compendium curl-ups
33,jumping_jack,22,0.5,44.0,5.46,estimated_synthetic,NCCOR Youth Compendium
65,squat,60,5.0,12.0,6.38,estimated_synthetic,Nakagata et al. 2022 (21–29; 1–6 reps/min)
51,push-up,120,2.0,60.0,8.5,estimated_synthetic,Nakagata et al. 2022 + NCCOR Youth Compendium
38,crunch,29,1.0,29.0,3.44,estimated_synthetic,Nakagata et al. 2019 + NCCOR Youth Compendium curl-ups
23,jumping_jack,87,3.0,29.0,4.76,estimated_synthetic,NCCOR Youth Compendium
48,squat,88,2.0,44.0,8.5,estimated_synthetic,Nakagata et al. 2022 (21–29; 1–6 reps/min)
52,push-up,210,10.0,21.0,7.83,estimated_synthetic,Nakagata et al. 2022 + NCCOR Youth Compendium
67,crunch,195,5.0,39.0,3.36,estimated_synthetic,Nakagata et al. 2019 + NCCOR Youth Compendium curl-ups
34,jumping_jack,248,8.0,31.0,4.92,estimated_synthetic,NCCOR Youth Compendium
15,squat,70,2.0,35.0,8.5,estimated_synthetic,Nakagata et al. 2022 (21–29; 1–6 reps/min)
52,push-up,51,1.0,51.0,8.5,estimated_synthetic,Nakagata et al. 2022 + NCCOR Youth Compendium
17,crunch,76,2.0,38.0,3.56,estimated_synthetic,Nakagata et al. 2019 + NCCOR Youth Compendium curl-ups
63,jumping_jack,54,2.0,27.0,4.88,estimated_synthetic,NCCOR Youth Compendium
57,squat,78,1.5,52.0,8.5,estimated_synthetic,Nakagata et al. 2022 (21–29; 1–6 reps/min)
37,push-up,37,1.0,37.0,8.5,estimated_synthetic,Nakagata et al. 2022 + NCCOR Youth Compendium
43,crunch,45,1.0,45.0,3.39,estimated_synthetic,Nakagata et al. 2019 + NCCOR Youth Compendium curl-ups
46,jumping_jack,60,1.5,40.0,5.22,estimated_synthetic,NCCOR Youth Compendium
23,squat,12,1.5,8.0,4.72,estimated_synthetic,Nakagata et al. 2022 (21–29; 1–6 reps/min)
19,push-up,8,1.0,8.0,5.0,estimated_synthetic,Nakagata et al. 2022 + NCCOR Youth Compendium
55,crunch,40,5.0,8.0,2.28,estimated_synthetic,Nakagata et al. 2019 + NCCOR Youth Compendium curl-ups
49,jumping_jack,162,3.0,54.0,5.78,estimated_synthetic,NCCOR Youth Compendium
44,squat,114,2.0,57.0,8.5,estimated_synthetic,Nakagata et al. 2022 (21–29; 1–6 reps/min)
23,push-up,280,5.0,56.0,8.5,estimated_synthetic,Nakagata et al. 2022 + NCCOR Youth Compendium
55,crunch,408,8.0,51.0,3.31,estimated_synthetic,Nakagata et al. 2019 + NCCOR Youth Compendium curl-ups
43,jumping_jack,304,8.0,38.0,4.85,estimated_synthetic,NCCOR Youth Compendium
51,squat,60,2.0,30.0,8.5,estimated_synthetic,Nakagata et al. 2022 (21–29; 1–6 reps/min)
67,push-up,560,10.0,56.0,8.5,estimated_synthetic,Nakagata et al. 2022 + NCCOR Youth Compendium
26,crunch,10,0.5,20.0,3.38,estimated_synthetic,Nakagata et al. 2019 + NCCOR Youth Compendium curl-ups
44,jumping_jack,312,8.0,39.0,5.33,estimated_synthetic,NCCOR Youth Compendium
27,squat,230,10.0,23.0,8.5,estimated_synthetic,Nakagata et al. 2022 (21–29; 1–6 reps/min)
66,push-up,34,1.0,34.0,8.32,estimated_synthetic,Nakagata et al. 2022 + NCCOR Youth Compendium
29,crunch,460,10.0,46.0,3.35,estimated_synthetic,Nakagata et al. 2019 + NCCOR Youth Compendium curl-ups
25,jumping_jack,6,2.0,3.0,3.96,estimated_synthetic,NCCOR Youth Compendium
28,squat,13,1.0,13.0,7.74,estimated_synthetic,Nakagata et al. 2022 (21–29; 1–6 reps/min)
19,push-up,72,1.5,48.0,8.5,estimated_synthetic,Nakagata et al. 2022 + NCCOR Youth Compendium
18,crunch,32,8.0,4.0,2.38,estimated_synthetic,Nakagata et al. 2019 + NCCOR Youth Compendium curl-ups
38,jumping_jack,210,10.0,21.0,4.37,estimated_synthetic,NCCOR Youth Compendium
43,squat,48,2.0,24.0,8.5,estimated_synthetic,Nakagata et al. 2022 (21–29; 1–6 reps/min)
25,push-up,230,5.0,46.0,8.5,estimated_synthetic,Nakagata et al. 2022 + NCCOR Youth Compendium
48,crunch,34,1.5,22.67,3.4,estimated_synthetic,Nakagata et al. 2019 + NCCOR Youth Compendium curl-ups
44,jumping_jack,6,1.0,6.0,3.78,estimated_synthetic,NCCOR Youth Compendium
25,squat,6,2.0,3.0,2.61,estimated_synthetic,Nakagata et al. 2022 (21–29; 1–6 reps/min)
27,push-up,185,5.0,37.0,8.5,estimated_synthetic,Nakagata et al. 2022 + NCCOR Youth Compendium
17,crunch,176,8.0,22.0,3.43,estimated_synthetic,Nakagata et al. 2019 + NCCOR Youth Compendium curl-ups
51,jumping_jack,285,5.0,57.0,5.49,estimated_synthetic,NCCOR Youth Compendium
45,squat,177,3.0,59.0,8.5,estimated_synthetic,Nakagata et al. 2022 (21–29; 1–6 reps/min)
26,push-up,111,3.0,37.0,8.5,estimated_synthetic,Nakagata et al. 2022 + NCCOR Youth Compendium
20,crunch,360,8.0,45.0,3.37,estimated_synthetic,Nakagata et al. 2019 + NCCOR Youth Compendium curl-ups
66,jumping_jack,20,0.5,40.0,5.41,estimated_synthetic,NCCOR Youth Compendium
45,squat,540,10.0,54.0,8.5,estimated_synthetic,Nakagata et al. 2022 (21–29; 1–6 reps/min)
15,push-up,39,3.0,13.0,5.84,estimated_synthetic,Nakagata et al. 2022 + NCCOR Youth Compendium
38,crunch,88,1.5,58.67,3.39,estimated_synthetic,Nakagata et al. 2019 + NCCOR Youth Compendium curl-ups
42,jumping_jack,160,10.0,16.0,4.33,estimated_synthetic,NCCOR Youth Compendium
65,squat,80,5.0,16.0,8.0,estimated_synthetic,Nakagata et al. 2022 (21–29; 1–6 reps/min)
64,push-up,87,3.0,29.0,7.66,estimated_synthetic,Nakagata et al. 2022 + NCCOR Youth Compendium
18,crunch,64,8.0,8.0,2.44,estimated_synthetic,Nakagata et al. 2019 + NCCOR Youth Compendium curl-ups
21,jumping_jack,440,10.0,44.0,5.28,estimated_synthetic,NCCOR Youth Compendium
68,squat,24,0.5,48.0,8.5,estimated_synthetic,Nakagata et al. 2022 (21–29; 1–6 reps/min)
16,push-up,270,10.0,27.0,8.33,estimated_synthetic,Nakagata et al. 2022 + NCCOR Youth Compendium
33,crunch,145,5.0,29.0,3.21,estimated_synthetic,Nakagata et al. 2019 + NCCOR Youth Compendium curl-ups
39,jumping_jack,15,0.5,30.0,4.76,estimated_synthetic,NCCOR Youth Compendium
34,squat,150,5.0,30.0,8.5,estimated_synthetic,Nakagata et al. 2022 (21–29; 1–6 reps/min)
48,push-up,290,10.0,29.0,8.5,estimated_synthetic,Nakagata et al. 2022 + NCCOR Youth Compendium
39,crunch,256,8.0,32.0,3.29,estimated_synthetic,Nakagata et al. 2019 + NCCOR Youth Compendium curl-ups
53,jumping_jack,165,5.0,33.0,4.91,estimated_synthetic,NCCOR Youth Compendium
23,squat,58,1.0,58.0,8.5,estimated_synthetic,Nakagata et al. 2022 (21–29; 1–6 reps/min)
37,push-up,30,3.0,10.0,5.61,estimated_synthetic,Nakagata et al. 2022 + NCCOR Youth Compendium
57,crunch,80,1.5,53.33,3.3,estimated_synthetic,Nakagata et al. 2019 + NCCOR Youth Compendium curl-ups
22,jumping_jack,255,5.0,51.0,5.57,estimated_synthetic,NCCOR Youth Compendium
34,squat,27,1.5,18.0,8.5,estimated_synthetic,Nakagata et al. 2022 (21–29; 1–6 reps/min)
21,push-up,120,8.0,15.0,6.27,estimated_synthetic,Nakagata et al. 2022 + NCCOR Youth Compendium
45,crunch,43,1.0,43.0,3.37,estimated_synthetic,Nakagata et al. 2019 + NCCOR Youth Compendium curl-ups
27,jumping_jack,111,3.0,37.0,5.14,estimated_synthetic,NCCOR Youth Compendium
36,squat,75,5.0,15.0,8.5,estimated_synthetic,Nakagata et al. 2022 (21–29; 1–6 reps/min)
46,push-up,45,1.5,30.0,8.5,estimated_synthetic,Nakagata et al. 2022 + NCCOR Youth Compendium
68,crunch,250,5.0,50.0,3.48,estimated_synthetic,Nakagata et al. 2019 + NCCOR Youth Compendium curl-ups
19,jumping_jack,180,5.0,36.0,4.98,estimated_synthetic,NCCOR Youth Compendium
62,squat,41,1.0,41.0,8.5,estimated_synthetic,Nakagata et al. 2022 (21–29; 1–6 reps/min)
39,push-up,120,8.0,15.0,6.5,estimated_synthetic,Nakagata et al. 2022 + NCCOR Youth Compendium
69,crunch,58,1.5,38.67,3.22,estimated_synthetic,Nakagata et al. 2019 + NCCOR Youth Compendium curl-ups
42,jumping_jack,320,8.0,40.0,5.34,estimated_synthetic,NCCOR Youth Compendium
18,squat,50,2.0,25.0,8.5,estimated_synthetic,Nakagata et al. 2022 (21–29; 1–6 reps/min)
36,push-up,45,3.0,15.0,6.28,estimated_synthetic,Nakagata et al. 2022 + NCCOR Youth Compendium
38,crunch,6,0.5,12.0,2.83,estimated_synthetic,Nakagata et al. 2019 + NCCOR Youth Compendium curl-ups
28,jumping_jack,18,0.5,36.0,4.94,estimated_synthetic,NCCOR Youth Compendium
49,squat,290,5.0,58.0,8.5,estimated_synthetic,Nakagata et al. 2022 (21–29; 1–6 reps/min)
43,push-up,42,1.0,42.0,8.5,estimated_synthetic,Nakagata et al. 2022 + NCCOR Youth Compendium
66,crunch,30,1.0,30.0,3.34,estimated_synthetic,Nakagata et al. 2019 + NCCOR Youth Compendium curl-ups
29,jumping_jack,64,2.0,32.0,4.56,estimated_synthetic,NCCOR Youth Compendium
69,squat,36,3.0,12.0,6.31,estimated_synthetic,Nakagata et al. 2022 (21–29; 1–6 reps/min)
33,push-up,14,1.0,14.0,6.25,estimated_synthetic,Nakagata et al. 2022 + NCCOR Youth Compendium
64,crunch,96,3.0,32.0,3.31,estimated_synthetic,Nakagata et al. 2019 + NCCOR Youth Compendium curl-ups
67,jumping_jack,62,1.5,41.33,5.12,estimated_synthetic,NCCOR Youth Compendium
19,squat,140,5.0,28.0,8.5,estimated_synthetic,Nakagata et al. 2022 (21–29; 1–6 reps/min)
15,push-up,60,5.0,12.0,5.64,estimated_synthetic,Nakagata et al. 2022 + NCCOR Youth Compendium
46,crunch,45,3.0,15.0,2.91,estimated_synthetic,Nakagata et al. 2019 + NCCOR Youth Compendium curl-ups
36,jumping_jack,100,5.0,20.0,4.63,estimated_synthetic,NCCOR Youth Compendium
28,squat,14,1.5,9.33,5.64,estimated_synthetic,Nakagata et al. 2022 (21–29; 1–6 reps/min)
45,push-up,62,1.5,41.33,8.5,estimated_synthetic,Nakagata et al. 2022 + NCCOR Youth Compendium
24,crunch,12,3.0,4.0,2.38,estimated_synthetic,Nakagata et al. 2019 + NCCOR Youth Compendium curl-ups
19,jumping_jack,42,1.5,28.0,4.72,estimated_synthetic,NCCOR Youth Compendium
40,squat,120,8.0,15.0,8.5,estimated_synthetic,Nakagata et al. 2022 (21–29; 1–6 reps/min)
26,push-up,125,5.0,25.0,8.5,estimated_synthetic,Nakagata et al. 2022 + NCCOR Youth Compendium
19,crunch,118,2.0,59.0,3.38,estimated_synthetic,Nakagata et al. 2019 + NCCOR Youth Compendium curl-ups
50,jumping_jack,114,2.0,57.0,5.8,estimated_synthetic,NCCOR Youth Compendium
66,squat,10,0.5,20.0,8.5,estimated_synthetic,Nakagata et al. 2022 (21–29; 1–6 reps/min)
31,push-up,34,2.0,17.0,6.87,estimated_synthetic,Nakagata et al. 2022 + NCCOR Youth Compendium
42,crunch,81,1.5,54.0,3.53,estimated_synthetic,Nakagata et al. 2019 + NCCOR Youth Compendium curl-ups
56,jumping_jack,115,5.0,23.0,4.59,estimated_synthetic,NCCOR Youth Compendium
17,squat,96,2.0,48.0,8.5,estimated_synthetic,Nakagata et al. 2022 (21–29; 1–6 reps/min)
34,push-up,290,10.0,29.0,8.5,estimated_synthetic,Nakagata et al. 2022 + NCCOR Youth Compendium
55,crunch,570,10.0,57.0,3.57,estimated_synthetic,Nakagata et al. 2019 + NCCOR Youth Compendium curl-ups
50,jumping_jack,190,5.0,38.0,5.14,estimated_synthetic,NCCOR Youth Compendium
54,squat,22,2.0,11.0,6.66,estimated_synthetic,Nakagata et al. 2022 (21–29; 1–6 reps/min)
69,push-up,15,0.5,30.0,7.72,estimated_synthetic,Nakagata et al. 2022 + NCCOR Youth Compendium
28,crunch,8,1.0,8.0,2.58,estimated_synthetic,Nakagata et al. 2019 + NCCOR Youth Compendium curl-ups
48,jumping_jack,78,2.0,39.0,4.86,estimated_synthetic,NCCOR Youth Compendium
38,squat,14,0.5,28.0,8.5,estimated_synthetic,Nakagata et al. 2022 (21–29; 1–6 reps/min)
41,push-up,376,8.0,47.0,8.5,estimated_synthetic,Nakagata et al. 2022 + NCCOR Youth Compendium
65,crunch,168,8.0,21.0,3.52,estimated_synthetic,Nakagata et al. 2019 + NCCOR Youth Compendium curl-ups
58,jumping_jack,312,8.0,39.0,5.37,estimated_synthetic,NCCOR Youth Compendium
58,squat,520,10.0,52.0,8.5,estimated_synthetic,Nakagata et al. 2022 (21–29; 1–6 reps/min)
38,push-up,200,8.0,25.0,8.5,estimated_synthetic,Nakagata et al. 2022 + NCCOR Youth Compendium
68,crunch,110,10.0,11.0,2.69,estimated_synthetic,Nakagata et al. 2019 + NCCOR Youth Compendium curl-ups
66,jumping_jack,7,0.5,14.0,4.24,estimated_synthetic,NCCOR Youth Compendium
47,squat,130,5.0,26.0,8.5,estimated_synthetic,Nakagata et al. 2022 (21–29; 1–6 reps/min)
65,push-up,52,1.0,52.0,8.5,estimated_synthetic,Nakagata et al. 2022 + NCCOR Youth Compendium
66,crunch,58,1.0,58.0,3.46,estimated_synthetic,Nakagata et al. 2019 + NCCOR Youth Compendium curl-ups
22,jumping_jack,96,8.0,12.0,4.05,estimated_synthetic,NCCOR Youth Compendium
21,squat,150,3.0,50.0,8.5,estimated_synthetic,Nakagata et al. 2022 (21–29; 1–6 reps/min)
41,push-up,180,3.0,60.0,8.5,estimated_synthetic,Nakagata et al. 2022 + NCCOR Youth Compendium
58,crunch,208,8.0,26.0,3.45,estimated_synthetic,Nakagata et al. 2019 + NCCOR Youth Compendium curl-ups
58,jumping_jack,86,1.5,57.33,5.55,estimated_synthetic,NCCOR Youth Compendium
40,squat,144,3.0,48.0,8.5,estimated_synthetic,Nakagata et al. 2022 (21–29; 1–6 reps/min)
30,push-up,45,1.0,45.0,8.5,estimated_synthetic,Nakagata et al. 2022 + NCCOR Youth Compendium
51,crunch,240,5.0,48.0,3.26,estimated_synthetic,Nakagata et al. 2019 + NCCOR Youth Compendium curl-ups
68,jumping_jack,8,1.0,8.0,4.17,estimated_synthetic,NCCOR Youth Compendium
53,squat,22,0.5,44.0,8.5,estimated_synthetic,Nakagata et al. 2022 (21–29; 1–6 reps/min)
59,push-up,16,0.5,32.0,8.5,estimated_synthetic,Nakagata et al. 2022 + NCCOR Youth Compendium
47,crunch,105,3.0,35.0,3.43,estimated_synthetic,Nakagata et al. 2019 + NCCOR Youth Compendium curl-ups
33,jumping_jack,54,2.0,27.0,4.72,estimated_synthetic,NCCOR Youth Compendium
50,squat,41,1.0,41.0,8.5,estimated_synthetic,Nakagata et al. 2022 (21–29; 1–6 reps/min)
33,push-up,270,10.0,27.0,8.5,estimated_synthetic,Nakagata et al. 2022 + NCCOR Youth Compendium
51,crunch,184,8.0,23.0,3.46,estimated_synthetic,Nakagata et al. 2019 + NCCOR Youth Compendium curl-ups
20,jumping_jack,9,0.5,18.0,4.46,estimated_synthetic,NCCOR Youth Compendium
24,squat,9,1.0,9.0,5.39,estimated_synthetic,Nakagata et al. 2022 (21–29; 1–6 reps/min)
55,push-up,30,2.0,15.0,6.33,estimated_synthetic,Nakagata et al. 2022 + NCCOR Youth Compendium
48,crunch,60,1.5,40.0,3.34,estimated_synthetic,Nakagata et al. 2019 + NCCOR Youth Compendium curl-ups
46,jumping_jack,7,0.5,14.0,4.38,estimated_synthetic,NCCOR Youth Compendium
27,squat,18,0.5,36.0,8.5,estimated_synthetic,Nakagata et al. 2022 (21–29; 1–6 reps/min)
54,push-up,81,1.5,54.0,8.5,estimated_synthetic,Nakagata et al. 2022 + NCCOR Youth Compendium
43,crunch,230,10.0,23.0,3.35,estimated_synthetic,Nakagata et al. 2019 + NCCOR Youth Compendium curl-ups
22,jumping_jack,200,10.0,20.0,4.54,estimated_synthetic,NCCOR Youth Compendium
38,squat,2,0.5,4.0,3.08,estimated_synthetic,Nakagata et al. 2022 (21–29; 1–6 reps/min)
51,push-up,108,3.0,36.0,8.5,estimated_synthetic,Nakagata et al. 2022 + NCCOR Youth Compendium
64,crunch,88,1.5,58.67,3.37,estimated_synthetic,Nakagata et al. 2019 + NCCOR Youth Compendium curl-ups
16,jumping_jack,4,0.5,8.0,3.9,estimated_synthetic,NCCOR Youth Compendium
50,squat,15,5.0,3.0,2.36,estimated_synthetic,Nakagata et al. 2022 (21–29; 1–6 reps/min)
31,push-up,200,5.0,40.0,8.5,estimated_synthetic,Nakagata et al. 2022 + NCCOR Youth Compendium
66,crunch,48,3.0,16.0,3.12,estimated_synthetic,Nakagata et al. 2019 + NCCOR Youth Compendium curl-ups
67,jumping_jack,160,5.0,32.0,4.86,estimated_synthetic,NCCOR Youth Compendium
33,squat,440,8.0,55.0,8.5,estimated_synthetic,Nakagata et al. 2022 (21–29; 1–6 reps/min)
58,push-up,17,0.5,34.0,8.5,estimated_synthetic,Nakagata et al. 2022 + NCCOR Youth Compendium
28,crunch,140,5.0,28.0,3.39,estimated_synthetic,Nakagata et al. 2019 + NCCOR Youth Compendium curl-ups
52,jumping_jack,51,1.0,51.0,5.28,estimated_synthetic,NCCOR Youth Compendium
38,squat,56,1.0,56.0,8.5,estimated_synthetic,Nakagata et al. 2022 (21–29; 1–6 reps/min)
34,push-up,41,1.0,41.0,8.5,estimated_synthetic,Nakagata et al. 2022 + NCCOR Youth Compendium
63,crunch,130,5.0,26.0,3.33,estimated_synthetic,Nakagata et al. 2019 + NCCOR Youth Compendium curl-ups
43,jumping_jack,136,8.0,17.0,4.37,estimated_synthetic,NCCOR Youth Compendium
64,squat,100,5.0,20.0,8.5,estimated_synthetic,Nakagata et al. 2022 (21–29; 1–6 reps/min)
37,push-up,160,8.0,20.0,7.4,estimated_synthetic,Nakagata et al. 2022 + NCCOR Youth Compendium
53,crunch,24,0.5,48.0,3.28,estimated_synthetic,Nakagata et al. 2019 + NCCOR Youth Compendium curl-ups
69,jumping_jack,100,10.0,10.0,4.37,estimated_synthetic,NCCOR Youth Compendium
22,squat,125,5.0,25.0,8.5,estimated_synthetic,Nakagata et al. 2022 (21–29; 1–6 reps/min)
39,push-up,86,1.5,57.33,8.5,estimated_synthetic,Nakagata et al. 2022 + NCCOR Youth Compendium
36,crunch,40,1.0,40.0,3.45,estimated_synthetic,Nakagata et al. 2019 + NCCOR Youth Compendium curl-ups
63,jumping_jack,600,10.0,60.0,5.95,estimated_synthetic,NCCOR Youth Compendium
23,squat,260,10.0,26.0,8.5,estimated_synthetic,Nakagata et al. 2022 (21–29; 1–6 reps/min)
34,push-up,432,8.0,54.0,8.5,estimated_synthetic,Nakagata et al. 2022 + NCCOR Youth Compendium
24,crunch,39,1.0,39.0,3.32,estimated_synthetic,Nakagata et al. 2019 + NCCOR Youth Compendium curl-ups
47,jumping_jack,56,8.0,7.0,4.29,estimated_synthetic,NCCOR Youth Compendium
70,squat,72,1.5,48.0,8.5,estimated_synthetic,Nakagata et al. 2022 (21–29; 1–6 reps/min)
37,push-up,82,1.5,54.67,8.5,estimated_synthetic,Nakagata et al. 2022 + NCCOR Youth Compendium
47,crunch,105,3.0,35.0,3.32,estimated_synthetic,Nakagata et al. 2019 + NCCOR Youth Compendium curl-ups
23,jumping_jack,24,0.5,48.0,5.83,estimated_synthetic,NCCOR Youth Compendium
65,squat,50,1.5,33.33,8.5,estimated_synthetic,Nakagata et al. 2022 (21–29; 1–6 reps/min)
36,push-up,100,2.0,50.0,8.5,estimated_synthetic,Nakagata et al. 2022 + NCCOR Youth Compendium
60,crunch,100,2.0,50.0,3.52,estimated_synthetic,Nakagata et al. 2019 + NCCOR Youth Compendium curl-ups
55,jumping_jack,30,3.0,10.0,4.22,estimated_synthetic,NCCOR Youth Compendium
50,squat,28,1.5,18.67,8.5,estimated_synthetic,Nakagata et al. 2022 (21–29; 1–6 reps/min)
48,push-up,102,3.0,34.0,8.5,estimated_synthetic,Nakagata et al. 2022 + NCCOR Youth Compendium
28,crunch,85,5.0,17.0,3.16,estimated_synthetic,Nakagata et al. 2019 + NCCOR Youth Compendium curl-ups
16,jumping_jack,48,8.0,6.0,4.08,estimated_synthetic,NCCOR Youth Compendium
34,squat,10,0.5,20.0,8.5,estimated_synthetic,Nakagata et al. 2022 (21–29; 1–6 reps/min)
41,push-up,24,3.0,8.0,4.95,estimated_synthetic,Nakagata et al. 2022 + NCCOR Youth Compendium
50,crunch,96,3.0,32.0,3.61,estimated_synthetic,Nakagata et al. 2019 + NCCOR Youth Compendium curl-ups
43,jumping_jack,66,3.0,22.0,4.59,estimated_synthetic,NCCOR Youth Compendium
63,squat,328,8.0,41.0,8.5,estimated_synthetic,Nakagata et al. 2022 (21–29; 1–6 reps/min)
58,push-up,40,1.0,40.0,8.5,estimated_synthetic,Nakagata et al. 2022 + NCCOR Youth Compendium
25,crunch,118,2.0,59.0,3.49,estimated_synthetic,Nakagata et al. 2019 + NCCOR Youth Compendium curl-ups
15,jumping_jack,58,1.5,38.67,5.17,estimated_synthetic,NCCOR Youth Compendium
41,squat,54,3.0,18.0,8.5,estimated_synthetic,Nakagata et al. 2022 (21–29; 1–6 reps/min)
50,push-up,40,1.0,40.0,8.5,estimated_synthetic,Nakagata et al. 2022 + NCCOR Youth Compendium
48,crunch,34,1.0,34.0,3.57,estimated_synthetic,Nakagata et al. 2019 + NCCOR Youth Compendium curl-ups
50,jumping_jack,84,1.5,56.0,5.58,estimated_synthetic,NCCOR Youth Compendium
44,squat,510,10.0,51.0,8.5,estimated_synthetic,Nakagata et al. 2022 (21–29; 1–6 reps/min)
31,push-up,20,0.5,40.0,8.5,estimated_synthetic,Nakagata et al. 2022 + NCCOR Youth Compendium
63,crunch,80,1.5,53.33,3.24,estimated_synthetic,Nakagata et al. 2019 + NCCOR Youth Compendium curl-ups
26,jumping_jack,580,10.0,58.0,5.61,estimated_synthetic,NCCOR Youth Compendium
58,squat,84,1.5,56.0,8.5,estimated_synthetic,Nakagata et al. 2022 (21–29; 1–6 reps/min)
44,push-up,30,5.0,6.0,4.73,estimated_synthetic,Nakagata et al. 2022 + NCCOR Youth Compendium
44,crunch,300,5.0,60.0,3.54,estimated_synthetic,Nakagata et al. 2019 + NCCOR Youth Compendium curl-ups
61,jumping_jack,120,10.0,12.0,4.43,estimated_synthetic,NCCOR Youth Compendium
43,squat,30,1.0,30.0,8.5,estimated_synthetic,Nakagata et al. 2022 (21–29; 1–6 reps/min)
35,push-up,5,1.0,5.0,4.52,estimated_synthetic,Nakagata et al. 2022 + NCCOR Youth Compendium
64,crunch,58,1.5,38.67,3.44,estimated_synthetic,Nakagata et al. 2019 + NCCOR Youth Compendium curl-ups
22,jumping_jack,95,5.0,19.0,4.41,estimated_synthetic,NCCOR Youth Compendium
28,squat,570,10.0,57.0,8.5,estimated_synthetic,Nakagata et al. 2022 (21–29; 1–6 reps/min)
46,push-up,168,3.0,56.0,8.5,estimated_synthetic,Nakagata et al. 2022 + NCCOR Youth Compendium
43,crunch,30,1.0,30.0,3.33,estimated_synthetic,Nakagata et al. 2019 + NCCOR Youth Compendium curl-ups
44,jumping_jack,98,2.0,49.0,5.54,estimated_synthetic,NCCOR Youth Compendium
56,squat,129,3.0,43.0,8.5,estimated_synthetic,Nakagata et al. 2022 (21–29; 1–6 reps/min)
54,push-up,110,10.0,11.0,5.71,estimated_synthetic,Nakagata et al. 2022 + NCCOR Youth Compendium
28,crunch,8,0.5,16.0,3.02,estimated_synthetic,Nakagata et al. 2019 + NCCOR Youth Compendium curl-ups
19,jumping_jack,35,1.0,35.0,5.14,estimated_synthetic,NCCOR Youth Compendium
65,squat,510,10.0,51.0,8.5,estimated_synthetic,Nakagata et al. 2022 (21–29; 1–6 reps/min)
28,push-up,38,1.0,38.0,8.5,estimated_synthetic,Nakagata et al. 2022 + NCCOR Youth Compendium
20,crunch,68,1.5,45.33,3.42,estimated_synthetic,Nakagata et al. 2019 + NCCOR Youth Compendium curl-ups
53,jumping_jack,24,2.0,12.0,4.21,estimated_synthetic,NCCOR Youth Compendium
25,squat,22,0.5,44.0,8.5,estimated_synthetic,Nakagata et al. 2022 (21–29; 1–6 reps/min)
16,push-up,48,2.0,24.0,7.85,estimated_synthetic,Nakagata et al. 2022 + NCCOR Youth Compendium
62,crunch,112,8.0,14.0,2.92,estimated_synthetic,Nakagata et al. 2019 + NCCOR Youth Compendium curl-ups
25,jumping_jack,105,5.0,21.0,4.67,estimated_synthetic,NCCOR Youth Compendium
40,squat,100,5.0,20.0,8.5,estimated_synthetic,Nakagata et al. 2022 (21–29; 1–6 reps/min)
32,push-up,168,3.0,56.0,8.5,estimated_synthetic,Nakagata et al. 2022 + NCCOR Youth Compendium
17,crunch,40,1.5,26.67,3.37,estimated_synthetic,Nakagata et al. 2019 + NCCOR Youth Compendium curl-ups
28,jumping_jack,87,3.0,29.0,4.98,estimated_synthetic,NCCOR Youth Compendium
41,squat,112,8.0,14.0,8.29,estimated_synthetic,Nakagata et al. 2022 (21–29; 1–6 reps/min)
30,push-up,39,1.0,39.0,8.5,estimated_synthetic,Nakagata et al. 2022 + NCCOR Youth Compendium
39,crunch,12,1.5,8.0,2.56,estimated_synthetic,Nakagata et al. 2019 + NCCOR Youth Compendium curl-ups
47,jumping_jack,46,2.0,23.0,4.81,estimated_synthetic,NCCOR Youth Compendium
15,squat,155,5.0,31.0,8.5,estimated_synthetic,Nakagata et al. 2022 (21–29; 1–6 reps/min)
59,push-up,88,8.0,11.0,5.72,estimated_synthetic,Nakagata et al. 2022 + NCCOR Youth Compendium
30,crunch,312,8.0,39.0,3.3,estimated_synthetic,Nakagata et al. 2019 + NCCOR Youth Compendium curl-ups
54,jumping_jack,12,3.0,4.0,3.9,estimated_synthetic,NCCOR Youth Compendium
26,squat,90,1.5,60.0,8.5,estimated_synthetic,Nakagata et al. 2022 (21–29; 1–6 reps/min)
31,push-up,57,1.0,57.0,8.5,estimated_synthetic,Nakagata et al. 2022 + NCCOR Youth Compendium
48,crunch,432,8.0,54.0,3.42,estimated_synthetic,Nakagata et al. 2019 + NCCOR Youth Compendium curl-ups
30,jumping_jack,350,10.0,35.0,5.06,estimated_synthetic,NCCOR Youth Compendium
43,squat,14,1.0,14.0,8.33,estimated_synthetic,Nakagata et al. 2022 (21–29; 1–6 reps/min)
26,push-up,16,2.0,8.0,5.11,estimated_synthetic,Nakagata et al. 2022 + NCCOR Youth Compendium
46,crunch,30,0.5,60.0,3.49,estimated_synthetic,Nakagata et al. 2019 + NCCOR Youth Compendium curl-ups
19,jumping_jack,102,3.0,34.0,5.03,estimated_synthetic,NCCOR Youth Compendium
35,squat,84,2.0,42.0,8.5,estimated_synthetic,Nakagata et al. 2022 (21–29; 1–6 reps/min)
56,push-up,9,0.5,18.0,7.05,estimated_synthetic,Nakagata et al. 2022 + NCCOR Youth Compendium
34,crunch,42,1.5,28.0,3.2,estimated_synthetic,Nakagata et al. 2019 + NCCOR Youth Compendium curl-ups
57,jumping_jack,63,1.5,42.0,5.18,estimated_synthetic,NCCOR Youth Compendium
27,squat,21,3.0,7.0,4.28,estimated_synthetic,Nakagata et al. 2022 (21–29; 1–6 reps/min)
61,push-up,90,3.0,30.0,7.76,estimated_synthetic,Nakagata et al. 2022 + NCCOR Youth Compendium
58,crunch,45,3.0,15.0,2.93,estimated_synthetic,Nakagata et al. 2019 + NCCOR Youth Compendium curl-ups
29,jumping_jack,250,10.0,25.0,4.62,estimated_synthetic,NCCOR Youth Compendium
45,squat,50,1.0,50.0,8.5,estimated_synthetic,Nakagata et al. 2022 (21–29; 1–6 reps/min)
44,push-up,160,8.0,20.0,7.47,estimated_synthetic,Nakagata et al. 2022 + NCCOR Youth Compendium
36,crunch,100,2.0,50.0,3.31,estimated_synthetic,Nakagata et al. 2019 + NCCOR Youth Compendium curl-ups
69,jumping_jack,11,1.0,11.0,4.36,estimated_synthetic,NCCOR Youth Compendium
28,squat,104,8.0,13.0,8.05,estimated_synthetic,Nakagata et al. 2022 (21–29; 1–6 reps/min)
58,push-up,225,5.0,45.0,8.5,estimated_synthetic,Nakagata et al. 2022 + NCCOR Youth Compendium
31,crunch,23,1.0,23.0,3.3,estimated_synthetic,Nakagata et al. 2019 + NCCOR Youth Compendium curl-ups
18,jumping_jack,30,5.0,6.0,3.92,estimated_synthetic,NCCOR Youth Compendium
19,squat,296,8.0,37.0,8.5,estimated_synthetic,Nakagata et al. 2022 (21–29; 1–6 reps/min)
62,push-up,56,8.0,7.0,4.29,estimated_synthetic,Nakagata et al. 2022 + NCCOR Youth Compendium
60,crunch,24,2.0,12.0,2.76,estimated_synthetic,Nakagata et al. 2019 + NCCOR Youth Compendium curl-ups
23,jumping_jack,45,3.0,15.0,4.02,estimated_synthetic,NCCOR Youth Compendium
29,squat,270,5.0,54.0,8.5,estimated_synthetic,Nakagata et al. 2022 (21–29; 1–6 reps/min)
49,push-up,64,1.5,42.67,8.5,estimated_synthetic,Nakagata et al. 2022 + NCCOR Youth Compendium
58,crunch,6,0.5,12.0,2.95,estimated_synthetic,Nakagata et al. 2019 + NCCOR Youth Compendium curl-ups
50,jumping_jack,150,5.0,30.0,4.91,estimated_synthetic,NCCOR Youth Compendium
40,squat,24,2.0,12.0,7.22,estimated_synthetic,Nakagata et al. 2022 (21–29; 1–6 reps/min)
25,push-up,50,2.0,25.0,8.49,estimated_synthetic,Nakagata et al. 2022 + NCCOR Youth Compendium
28,crunch,39,1.5,26.0,3.34,estimated_synthetic,Nakagata et al. 2019 + NCCOR Youth Compendium curl-ups
62,jumping_jack,25,1.0,25.0,4.51,estimated_synthetic,NCCOR Youth Compendium
66,squat,160,8.0,20.0,8.5,estimated_synthetic,Nakagata et al. 2022 (21–29; 1–6 reps/min)
42,push-up,288,8.0,36.0,8.5,estimated_synthetic,Nakagata et al. 2022 + NCCOR Youth Compendium
27,crunch,40,2.0,20.0,3.32,estimated_synthetic,Nakagata et al. 2019 + NCCOR Youth Compendium curl-ups
57,jumping_jack,232,8.0,29.0,5.01,estimated_synthetic,NCCOR Youth Compendium
64,squat,210,10.0,21.0,8.5,estimated_synthetic,Nakagata et al. 2022 (21–29; 1–6 reps/min)
29,push-up,104,8.0,13.0,5.95,estimated_synthetic,Nakagata et al. 2022 + NCCOR Youth Compendium
44,crunch,78,2.0,39.0,3.63,estimated_synthetic,Nakagata et al. 2019 + NCCOR Youth Compendium curl-ups
36,jumping_jack,54,1.0,54.0,5.51,estimated_synthetic,NCCOR Youth Compendium
61,squat,111,3.0,37.0,8.5,estimated_synthetic,Nakagata et al. 2022 (21–29; 1–6 reps/min)
21,push-up,30,5.0,6.0,4.47,estimated_synthetic,Nakagata et al. 2022 + NCCOR Youth Compendium
22,crunch,28,2.0,14.0,3.01,estimated_synthetic,Nakagata et al. 2019 + NCCOR Youth Compendium curl-ups
28,jumping_jack,6,2.0,3.0,4.14,estimated_synthetic,NCCOR Youth Compendium
55,squat,28,0.5,56.0,8.5,estimated_synthetic,Nakagata et al. 2022 (21–29; 1–6 reps/min)
22,push-up,344,8.0,43.0,8.5,estimated_synthetic,Nakagata et al. 2022 + NCCOR Youth Compendium
61,crunch,153,3.0,51.0,3.23,estimated_synthetic,Nakagata et al. 2019 + NCCOR Youth Compendium curl-ups
20,jumping_jack,118,2.0,59.0,5.58,estimated_synthetic,NCCOR Youth Compendium
31,squat,26,0.5,52.0,8.5,estimated_synthetic,Nakagata et al. 2022 (21–29; 1–6 reps/min)
55,push-up,48,1.0,48.0,8.5,estimated_synthetic,Nakagata et al. 2022 + NCCOR Youth Compendium
17,crunch,126,3.0,42.0,3.31,estimated_synthetic,Nakagata et al. 2019 + NCCOR Youth Compendium curl-ups
69,jumping_jack,6,0.5,12.0,4.03,estimated_synthetic,NCCOR Youth Compendium
25,squat,4,1.0,4.0,2.86,estimated_synthetic,Nakagata et al. 2022 (21–29; 1–6 reps/min)
36,push-up,34,2.0,17.0,6.83,estimated_synthetic,Nakagata et al. 2022 + NCCOR Youth Compendium
26,crunch,153,3.0,51.0,3.37,estimated_synthetic,Nakagata et al. 2019 + NCCOR Youth Compendium curl-ups
37,jumping_jack,30,1.5,20.0,4.36,estimated_synthetic,NCCOR Youth Compendium
29,squat,102,3.0,34.0,8.5,estimated_synthetic,Nakagata et al. 2022 (21–29; 1–6 reps/min)
68,push-up,2,0.5,4.0,3.7,estimated_synthetic,Nakagata et al. 2022 + NCCOR Youth Compendium
56,crunch,88,8.0,11.0,2.76,estimated_synthetic,Nakagata et al. 2019 + NCCOR Youth Compendium curl-ups
18,jumping_jack,20,0.5,40.0,5.2,estimated_synthetic,NCCOR Youth Compendium
56,squat,171,3.0,57.0,8.5,estimated_synthetic,Nakagata et al. 2022 (21–29; 1–6 reps/min)
28,push-up,265,5.0,53.0,8.5,estimated_synthetic,Nakagata et al. 2022 + NCCOR Youth Compendium
55,crunch,448,8.0,56.0,3.55,estimated_synthetic,Nakagata et al. 2019 + NCCOR Youth Compendium curl-ups
55,jumping_jack,280,10.0,28.0,4.84,estimated_synthetic,NCCOR Youth Compendium
68,squat,69,1.5,46.0,8.5,estimated_synthetic,Nakagata et al. 2022 (21–29; 1–6 reps/min)
50,push-up,45,1.0,45.0,8.5,estimated_synthetic,Nakagata et al. 2022 + NCCOR Youth Compendium
18,crunch,47,1.0,47.0,3.36,estimated_synthetic,Nakagata et al. 2019 + NCCOR Youth Compendium curl-ups
63,jumping_jack,69,3.0,23.0,4.34,estimated_synthetic,NCCOR Youth Compendium
65,squat,46,2.0,23.0,8.5,estimated_synthetic,Nakagata et al. 2022 (21–29; 1–6 reps/min)
57,push-up,68,2.0,34.0,8.5,estimated_synthetic,Nakagata et al. 2022 + NCCOR Youth Compendium
52,crunch,33,1.0,33.0,3.39,estimated_synthetic,Nakagata et al. 2019 + NCCOR Youth Compendium curl-ups
58,jumping_jack,50,10.0,5.0,3.98,estimated_synthetic,NCCOR Youth Compendium
65,squat,6,2.0,3.0,2.57,estimated_synthetic,Nakagata et al. 2022 (21–29; 1–6 reps/min)
55,push-up,138,3.0,46.0,8.5,estimated_synthetic,Nakagata et al. 2022 + NCCOR Youth Compendium
41,crunch,33,1.5,22.0,3.4,estimated_synthetic,Nakagata et al. 2019 + NCCOR Youth Compendium curl-ups
59,jumping_jack,216,8.0,27.0,4.5,estimated_synthetic,NCCOR Youth Compendium
70,squat,30,0.5,60.0,8.5,estimated_synthetic,Nakagata et al. 2022 (21–29; 1–6 reps/min)
18,push-up,102,2.0,51.0,8.5,estimated_synthetic,Nakagata et al. 2022 + NCCOR Youth Compendium
21,crunch,240,10.0,24.0,3.41,estimated_synthetic,Nakagata et al. 2019 + NCCOR Youth Compendium curl-ups
45,jumping_jack,65,5.0,13.0,4.26,estimated_synthetic,NCCOR Youth Compendium
24,squat,102,2.0,51.0,8.5,estimated_synthetic,Nakagata et al. 2022 (21–29; 1–6 reps/min)
67,push-up,140,10.0,14.0,5.21,estimated_synthetic,Nakagata et al. 2022 + NCCOR Youth Compendium
63,crunch,50,5.0,10.0,2.56,estimated_synthetic,Nakagata et al. 2019 + NCCOR Youth Compendium curl-ups
46,jumping_jack,120,3.0,40.0,5.27,estimated_synthetic,NCCOR Youth Compendium
22,squat,87,1.5,58.0,8.5,estimated_synthetic,Nakagata et al. 2022 (21–29; 1–6 reps/min)
43,push-up,168,3.0,56.0,8.5,estimated_synthetic,Nakagata et al. 2022 + NCCOR Youth Compendium
36,crunch,10,1.0,10.0,2.77,estimated_synthetic,Nakagata et al. 2019 + NCCOR Youth Compendium curl-ups
31,jumping_jack,64,1.5,42.67,5.24,estimated_synthetic,NCCOR Youth Compendium
62,squat,42,1.0,42.0,8.5,estimated_synthetic,Nakagata et al. 2022 (21–29; 1–6 reps/min)
57,push-up,20,5.0,4.0,3.86,estimated_synthetic,Nakagata et al. 2022 + NCCOR Youth Compendium
23,crunch,43,1.0,43.0,3.24,estimated_synthetic,Nakagata et al. 2019 + NCCOR Youth Compendium curl-ups
43,jumping_jack,45,1.0,45.0,5.3,estimated_synthetic,NCCOR Youth Compendium
39,squat,32,2.0,16.0,8.5,estimated_synthetic,Nakagata et al. 2022 (21–29; 1–6 reps/min)
51,push-up,100,2.0,50.0,8.5,estimated_synthetic,Nakagata et al. 2022 + NCCOR Youth Compendium
40,crunch,60,2.0,30.0,3.45,estimated_synthetic,Nakagata et al. 2019 + NCCOR Youth Compendium curl-ups
64,jumping_jack,2,0.5,4.0,4.08,estimated_synthetic,NCCOR Youth Compendium
36,squat,80,8.0,10.0,6.04,estimated_synthetic,Nakagata et al. 2022 (21–29; 1–6 reps/min)
23,push-up,20,0.5,40.0,8.5,estimated_synthetic,Nakagata et al. 2022 + NCCOR Youth Compendium
44,crunch,10,1.5,6.67,2.35,estimated_synthetic,Nakagata et al. 2019 + NCCOR Youth Compendium curl-ups
41,jumping_jack,480,8.0,60.0,5.75,estimated_synthetic,NCCOR Youth Compendium
31,squat,88,8.0,11.0,6.7,estimated_synthetic,Nakagata et al. 2022 (21–29; 1–6 reps/min)
41,push-up,4,0.5,8.0,5.1,estimated_synthetic,Nakagata et al. 2022 + NCCOR Youth Compendium
67,crunch,26,1.5,17.33,3.17,estimated_synthetic,Nakagata et al. 2019 + NCCOR Youth Compendium curl-ups
28,jumping_jack,145,5.0,29.0,4.62,estimated_synthetic,NCCOR Youth Compendium
15,squat,42,1.0,42.0,8.5,estimated_synthetic,Nakagata et al. 2022 (21–29; 1–6 reps/min)
25,push-up,9,0.5,18.0,7.06,estimated_synthetic,Nakagata et al. 2022 + NCCOR Youth Compendium
57,crunch,19,0.5,38.0,3.41,estimated_synthetic,Nakagata et al. 2019 + NCCOR Youth Compendium curl-ups
19,jumping_jack,152,8.0,19.0,4.29,estimated_synthetic,NCCOR Youth Compendium
55,squat,4,1.0,4.0,3.04,estimated_synthetic,Nakagata et al. 2022 (21–29; 1–6 reps/min)
34,push-up,102,2.0,51.0,8.5,estimated_synthetic,Nakagata et al. 2022 + NCCOR Youth Compendium
32,crunch,118,2.0,59.0,3.4,estimated_synthetic,Nakagata et al. 2019 + NCCOR Youth Compendium curl-ups
61,jumping_jack,99,3.0,33.0,4.89,estimated_synthetic,NCCOR Youth Compendium
60,squat,44,2.0,22.0,8.5,estimated_synthetic,Nakagata et al. 2022 (21–29; 1–6 reps/min)
38,push-up,162,3.0,54.0,8.5,estimated_synthetic,Nakagata et al. 2022 + NCCOR Youth Compendium
54,crunch,60,10.0,6.0,2.28,estimated_synthetic,Nakagata et al. 2019 + NCCOR Youth Compendium curl-ups
55,jumping_jack,155,5.0,31.0,4.86,estimated_synthetic,NCCOR Youth Compendium
24,squat,120,8.0,15.0,8.5,estimated_synthetic,Nakagata et al. 2022 (21–29; 1–6 reps/min)
25,push-up,108,3.0,36.0,8.5,estimated_synthetic,Nakagata et al. 2022 + NCCOR Youth Compendium
49,crunch,120,3.0,40.0,3.34,estimated_synthetic,Nakagata et al. 2019 + NCCOR Youth Compendium curl-ups
46,jumping_jack,80,2.0,40.0,4.79,estimated_synthetic,NCCOR Youth Compendium
61,squat,18,3.0,6.0,3.68,estimated_synthetic,Nakagata et al. 2022 (21–29; 1–6 reps/min)
34,push-up,272,8.0,34.0,8.5,estimated_synthetic,Nakagata et al. 2022 + NCCOR Youth Compendium
20,crunch,230,5.0,46.0,3.51,estimated_synthetic,Nakagata et al. 2019 + NCCOR Youth Compendium curl-ups
40,jumping_jack,210,5.0,42.0,5.15,estimated_synthetic,NCCOR Youth Compendium
32,squat,275,5.0,55.0,8.5,estimated_synthetic,Nakagata et al. 2022 (21–29; 1–6 reps/min)
26,push-up,82,2.0,41.0,8.5,estimated_synthetic,Nakagata et al. 2022 + NCCOR Youth Compendium
36,crunch,20,0.5,40.0,3.28,estimated_synthetic,Nakagata et al. 2019 + NCCOR Youth Compendium curl-ups
22,jumping_jack,600,10.0,60.0,5.83,estimated_synthetic,NCCOR Youth Compendium
56,squat,60,1.5,40.0,8.5,estimated_synthetic,Nakagata et al. 2022 (21–29; 1–6 reps/min)
66,push-up,8,0.5,16.0,5.71,estimated_synthetic,Nakagata et al. 2022 + NCCOR Youth Compendium
46,crunch,17,1.0,17.0,3.1,estimated_synthetic,Nakagata et al. 2019 + NCCOR Youth Compendium curl-ups
57,jumping_jack,78,3.0,26.0,4.21,estimated_synthetic,NCCOR Youth Compendium
67,squat,35,5.0,7.0,4.0,estimated_synthetic,Nakagata et al. 2022 (21–29; 1–6 reps/min)
15,push-up,86,2.0,43.0,8.5,estimated_synthetic,Nakagata et al. 2022 + NCCOR Youth Compendium
52,crunch,120,10.0,12.0,2.87,estimated_synthetic,Nakagata et al. 2019 + NCCOR Youth Compendium curl-ups
35,jumping_jack,128,8.0,16.0,4.15,estimated_synthetic,NCCOR Youth Compendium
52,squat,8,1.0,8.0,4.89,estimated_synthetic,Nakagata et al. 2022 (21–29; 1–6 reps/min)
43,push-up,224,8.0,28.0,8.5,estimated_synthetic,Nakagata et al. 2022 + NCCOR Youth Compendium
70,crunch,344,8.0,43.0,3.25,estimated_synthetic,Nakagata et al. 2019 + NCCOR Youth Compendium curl-ups
31,jumping_jack,270,5.0,54.0,5.53,estimated_synthetic,NCCOR Youth Compendium
27,squat,159,3.0,53.0,8.5,estimated_synthetic,Nakagata et al. 2022 (21–29; 1–6 reps/min)
68,push-up,472,8.0,59.0,8.5,estimated_synthetic,Nakagata et al. 2022 + NCCOR Youth Compendium
31,crunch,6,1.5,4.0,2.11,estimated_synthetic,Nakagata et al. 2019 + NCCOR Youth Compendium curl-ups
15,jumping_jack,24,1.5,16.0,4.39,estimated_synthetic,NCCOR Youth Compendium
52,squat,65,5.0,13.0,7.81,estimated_synthetic,Nakagata et al. 2022 (21–29; 1–6 reps/min)
65,push-up,350,10.0,35.0,8.5,estimated_synthetic,Nakagata et al. 2022 + NCCOR Youth Compendium
33,crunch,90,5.0,18.0,3.16,estimated_synthetic,Nakagata et al. 2019 + NCCOR Youth Compendium curl-ups
25,jumping_jack,170,10.0,17.0,4.14,estimated_synthetic,NCCOR Youth Compendium
34,squat,50,1.0,50.0,8.5,estimated_synthetic,Nakagata et al. 2022 (21–29; 1–6 reps/min)
43,push-up,328,8.0,41.0,8.5,estimated_synthetic,Nakagata et al. 2022 + NCCOR Youth Compendium
65,crunch,80,10.0,8.0,2.69,estimated_synthetic,Nakagata et al. 2019 + NCCOR Youth Compendium curl-ups
64,jumping_jack,70,5.0,14.0,4.4,estimated_synthetic,NCCOR Youth Compendium
64,squat,37,1.0,37.0,8.5,estimated_synthetic,Nakagata et al. 2022 (21–29; 1–6 reps/min)
23,push-up,288,8.0,36.0,8.5,estimated_synthetic,Nakagata et al. 2022 + NCCOR Youth Compendium
41,crunch,18,0.5,36.0,3.34,estimated_synthetic,Nakagata et al. 2019 + NCCOR Youth Compendium curl-ups
58,jumping_jack,10,0.5,20.0,4.6,estimated_synthetic,NCCOR Youth Compendium
68,squat,40,1.5,26.67,8.5,estimated_synthetic,Nakagata et al. 2022 (21–29; 1–6 reps/min)
57,push-up,7,0.5,14.0,6.32,estimated_synthetic,Nakagata et al. 2022 + NCCOR Youth Compendium
19,crunch,312,8.0,39.0,3.45,estimated_synthetic,Nakagata et al. 2019 + NCCOR Youth Compendium curl-ups
70,jumping_jack,37,1.0,37.0,4.98,estimated_synthetic,NCCOR Youth Compendium
38,squat,90,1.5,60.0,8.5,estimated_synthetic,Nakagata et al. 2022 (21–29; 1–6 reps/min)
18,push-up,90,5.0,18.0,6.7,estimated_synthetic,Nakagata et al. 2022 + NCCOR Youth Compendium
38,crunch,40,2.0,20.0,3.53,estimated_synthetic,Nakagata et al. 2019 + NCCOR Youth Compendium curl-ups
32,jumping_jack,50,2.0,25.0,4.45,estimated_synthetic,NCCOR Youth Compendium
26,squat,26,0.5,52.0,8.5,estimated_synthetic,Nakagata et al. 2022 (21–29; 1–6 reps/min)
21,push-up,6,1.0,6.0,4.8,estimated_synthetic,Nakagata et al. 2022 + NCCOR Youth Compendium
57,crunch,56,1.0,56.0,3.49,estimated_synthetic,Nakagata et al. 2019 + NCCOR Youth Compendium curl-ups
62,jumping_jack,72,1.5,48.0,5.79,estimated_synthetic,NCCOR Youth Compendium
66,squat,90,5.0,18.0,8.5,estimated_synthetic,Nakagata et al. 2022 (21–29; 1–6 reps/min)
56,push-up,225,5.0,45.0,8.5,estimated_synthetic,Nakagata et al. 2022 + NCCOR Youth Compendium
22,crunch,104,8.0,13.0,2.81,estimated_synthetic,Nakagata et al. 2019 + NCCOR Youth Compendium curl-ups
46,jumping_jack,10,1.5,6.67,3.87,estimated_synthetic,NCCOR Youth Compendium
37,squat,19,0.5,38.0,8.5,estimated_synthetic,Nakagata et al. 2022 (21–29; 1–6 reps/min)
24,push-up,10,0.5,20.0,7.3,estimated_synthetic,Nakagata et al. 2022 + NCCOR Youth Compendium
44,crunch,102,2.0,51.0,3.37,estimated_synthetic,Nakagata et al. 2019 + NCCOR Youth Compendium curl-ups
28,jumping_jack,30,1.5,20.0,4.35,estimated_synthetic,NCCOR Youth Compendium
47,squat,200,5.0,40.0,8.5,estimated_synthetic,Nakagata et al. 2022 (21–29; 1–6 reps/min)
16,push-up,25,5.0,5.0,4.36,estimated_synthetic,Nakagata et al. 2022 + NCCOR Youth Compendium
35,crunch,400,10.0,40.0,3.35,estimated_synthetic,Nakagata et al. 2019 + NCCOR Youth Compendium curl-ups
65,jumping_jack,460,10.0,46.0,5.32,estimated_synthetic,NCCOR Youth Compendium
39,squat,104,8.0,13.0,7.79,estimated_synthetic,Nakagata et al. 2022 (21–29; 1–6 reps/min)
29,push-up,75,5.0,15.0,6.44,estimated_synthetic,Nakagata et al. 2022 + NCCOR Youth Compendium
33,crunch,90,5.0,18.0,3.31,estimated_synthetic,Nakagata et al. 2019 + NCCOR Youth Compendium curl-ups
39,jumping_jack,520,10.0,52.0,5.78,estimated_synthetic,NCCOR Youth Compendium
34,squat,450,10.0,45.0,8.5,estimated_synthetic,Nakagata et al. 2022 (21–29; 1–6 reps/min)
59,push-up,141,3.0,47.0,8.5,estimated_synthetic,Nakagata et al. 2022 + NCCOR Youth Compendium
20,crunch,20,0.5,40.0,3.37,estimated_synthetic,Nakagata et al. 2019 + NCCOR Youth Compendium curl-ups
66,jumping_jack,50,2.0,25.0,4.91,estimated_synthetic,NCCOR Youth Compendium
65,squat,3,1.0,3.0,2.86,estimated_synthetic,Nakagata et al. 2022 (21–29; 1–6 reps/min)
27,push-up,12,0.5,24.0,8.2,estimated_synthetic,Nakagata et al. 2022 + NCCOR Youth Compendium
41,crunch,2,0.5,4.0,2.4,estimated_synthetic,Nakagata et al. 2019 + NCCOR Youth Compendium curl-ups
42,jumping_jack,57,1.5,38.0,5.38,estimated_synthetic,NCCOR Youth Compendium
36,squat,56,1.0,56.0,8.5,estimated_synthetic,Nakagata et al. 2022 (21–29; 1–6 reps/min)
60,push-up,45,1.0,45.0,8.5,estimated_synthetic,Nakagata et al. 2022 + NCCOR Youth Compendium
50,crunch,56,1.0,56.0,3.4,estimated_synthetic,Nakagata et al. 2019 + NCCOR Youth Compendium curl-ups
31,jumping_jack,260,10.0,26.0,4.34,estimated_synthetic,NCCOR Youth Compendium
30,squat,111,3.0,37.0,8.5,estimated_synthetic,Nakagata et al. 2022 (21–29; 1–6 reps/min)
36,push-up,30,0.5,60.0,8.5,estimated_synthetic,Nakagata et al. 2022 + NCCOR Youth Compendium
38,crunch,20,2.0,10.0,2.77,estimated_synthetic,Nakagata et al. 2019 + NCCOR Youth Compendium curl-ups
34,jumping_jack,31,1.0,31.0,4.97,estimated_synthetic,NCCOR Youth Compendium
36,squat,300,10.0,30.0,8.5,estimated_synthetic,Nakagata et al. 2022 (21–29; 1–6 reps/min)
68,push-up,230,10.0,23.0,6.87,estimated_synthetic,Nakagata et al. 2022 + NCCOR Youth Compendium
48,crunch,96,8.0,12.0,2.69,estimated_synthetic,Nakagata et al. 2019 + NCCOR Youth Compendium curl-ups
42,jumping_jack,160,8.0,20.0,4.51,estimated_synthetic,NCCOR Youth Compendium
52,squat,6,0.5,12.0,7.38,estimated_synthetic,Nakagata et al. 2022 (21–29; 1–6 reps/min)
58,push-up,39,1.5,26.0,8.5,estimated_synthetic,Nakagata et al. 2022 + NCCOR Youth Compendium
26,crunch,8,1.5,5.33,2.42,estimated_synthetic,Nakagata et al. 2019 + NCCOR Youth Compendium curl-ups
68,jumping_jack,54,1.0,54.0,5.73,estimated_synthetic,NCCOR Youth Compendium
22,squat,70,2.0,35.0,8.5,estimated_synthetic,Nakagata et al. 2022 (21–29; 1–6 reps/min)
50,push-up,51,1.5,34.0,8.5,estimated_synthetic,Nakagata et al. 2022 + NCCOR Youth Compendium
60,crunch,90,3.0,30.0,3.45,estimated_synthetic,Nakagata et al. 2019 + NCCOR Youth Compendium curl-ups
22,jumping_jack,360,10.0,36.0,5.28,estimated_synthetic,NCCOR Youth Compendium
30,squat,6,0.5,12.0,7.4,estimated_synthetic,Nakagata et al. 2022 (21–29; 1–6 reps/min)
42,push-up,90,5.0,18.0,6.99,estimated_synthetic,Nakagata et al. 2022 + NCCOR Youth Compendium
26,crunch,26,0.5,52.0,3.63,estimated_synthetic,Nakagata et al. 2019 + NCCOR Youth Compendium curl-ups
26,jumping_jack,33,3.0,11.0,4.39,estimated_synthetic,NCCOR Youth Compendium
52,squat,255,5.0,51.0,8.5,estimated_synthetic,Nakagata et al. 2022 (21–29; 1–6 reps/min)
55,push-up,100,10.0,10.0,5.6,estimated_synthetic,Nakagata et al. 2022 + NCCOR Youth Compendium
31,crunch,18,3.0,6.0,2.41,estimated_synthetic,Nakagata et al. 2019 + NCCOR Youth Compendium curl-ups
40,jumping_jack,138,3.0,46.0,5.55,estimated_synthetic,NCCOR Youth Compendium
36,squat,51,1.5,34.0,8.5,estimated_synthetic,Nakagata et al. 2022 (21–29; 1–6 reps/min)
24,push-up,110,10.0,11.0,5.71,estimated_synthetic,Nakagata et al. 2022 + NCCOR Youth Compendium
49,crunch,80,8.0,10.0,2.71,estimated_synthetic,Nakagata et al. 2019 + NCCOR Youth Compendium curl-ups
34,jumping_jack,16,0.5,32.0,5.11,estimated_synthetic,NCCOR Youth Compendium
65,squat,13,1.0,13.0,6.77,estimated_synthetic,Nakagata et al. 2022 (21–29; 1–6 reps/min)
58,push-up,260,10.0,26.0,8.5,estimated_synthetic,Nakagata et al. 2022 + NCCOR Youth Compendium
50,crunch,40,2.0,20.0,3.34,estimated_synthetic,Nakagata et al. 2019 + NCCOR Youth Compendium curl-ups
29,jumping_jack,16,2.0,8.0,3.88,estimated_synthetic,NCCOR Youth Compendium
66,squat,304,8.0,38.0,8.5,estimated_synthetic,Nakagata et al. 2022 (21–29; 1–6 reps/min)
32,push-up,160,10.0,16.0,6.7,estimated_synthetic,Nakagata et al. 2022 + NCCOR Youth Compendium
24,crunch,55,5.0,11.0,2.83,estimated_synthetic,Nakagata et al. 2019 + NCCOR Youth Compendium curl-ups
22,jumping_jack,36,2.0,18.0,4.52,estimated_synthetic,NCCOR Youth Compendium
39,squat,70,1.5,46.67,8.5,estimated_synthetic,Nakagata et al. 2022 (21–29; 1–6 reps/min)
35,push-up,48,1.5,32.0,8.5,estimated_synthetic,Nakagata et al. 2022 + NCCOR Youth Compendium
22,crunch,160,8.0,20.0,3.22,estimated_synthetic,Nakagata et al. 2019 + NCCOR Youth Compendium curl-ups
34,jumping_jack,14,0.5,28.0,4.59,estimated_synthetic,NCCOR Youth Compendium
47,squat,156,3.0,52.0,8.5,estimated_synthetic,Nakagata et al. 2022 (21–29; 1–6 reps/min)
61,push-up,45,3.0,15.0,5.53,estimated_synthetic,Nakagata et al. 2022 + NCCOR Youth Compendium
61,crunch,18,0.5,36.0,3.6,estimated_synthetic,Nakagata et al. 2019 + NCCOR Youth Compendium curl-ups
56,jumping_jack,19,0.5,38.0,4.95,estimated_synthetic,NCCOR Youth Compendium
20,squat,232,8.0,29.0,8.5,estimated_synthetic,Nakagata et al. 2022 (21–29; 1–6 reps/min)
19,push-up,550,10.0,55.0,8.5,estimated_synthetic,Nakagata et al. 2022 + NCCOR Youth Compendium
15,crunch,24,2.0,12.0,2.78,estimated_synthetic,Nakagata et al. 2019 + NCCOR Youth Compendium curl-ups
56,jumping_jack,18,1.0,18.0,4.33,estimated_synthetic,NCCOR Youth Compendium
20,squat,26,0.5,52.0,8.5,estimated_synthetic,Nakagata et al. 2022 (21–29; 1–6 reps/min)
69,push-up,18,1.0,18.0,6.16,estimated_synthetic,Nakagata et al. 2022 + NCCOR Youth Compendium
50,crunch,88,8.0,11.0,2.86,estimated_synthetic,Nakagata et al. 2019 + NCCOR Youth Compendium curl-ups
70,jumping_jack,10,0.5,20.0,4.42,estimated_synthetic,NCCOR Youth Compendium
66,squat,21,1.0,21.0,8.5,estimated_synthetic,Nakagata et al. 2022 (21–29; 1–6 reps/min)
59,push-up,88,1.5,58.67,8.5,estimated_synthetic,Nakagata et al. 2022 + NCCOR Youth Compendium
63,crunch,13,0.5,26.0,3.25,estimated_synthetic,Nakagata et al. 2019 + NCCOR Youth Compendium curl-ups
44,jumping_jack,156,3.0,52.0,5.36,estimated_synthetic,NCCOR Youth Compendium
20,squat,20,0.5,40.0,8.5,estimated_synthetic,Nakagata et al. 2022 (21–29; 1–6 reps/min)
18,push-up,48,2.0,24.0,7.82,estimated_synthetic,Nakagata et al. 2022 + NCCOR Youth Compendium
68,crunch,115,5.0,23.0,3.35,estimated_synthetic,Nakagata et al. 2019 + NCCOR Youth Compendium curl-ups
38,jumping_jack,38,1.5,25.33,4.82,estimated_synthetic,NCCOR Youth Compendium
21,squat,9,1.5,6.0,3.63,estimated_synthetic,Nakagata et al. 2022 (21–29; 1–6 reps/min)
18,push-up,42,1.0,42.0,8.5,estimated_synthetic,Nakagata et al. 2022 + NCCOR Youth Compendium
63,crunch,408,8.0,51.0,3.31,estimated_synthetic,Nakagata et al. 2019 + NCCOR Youth Compendium curl-ups
38,jumping_jack,520,10.0,52.0,5.65,estimated_synthetic,NCCOR Youth Compendium
24,squat,33,1.5,22.0,8.5,estimated_synthetic,Nakagata et al. 2022 (21–29; 1–6 reps/min)
30,push-up,40,1.0,40.0,8.5,estimated_synthetic,Nakagata et al. 2022 + NCCOR Youth Compendium
68,crunch,280,10.0,28.0,3.45,estimated_synthetic,Nakagata et al. 2019 + NCCOR Youth Compendium curl-ups
41,jumping_jack,410,10.0,41.0,5.2,estimated_synthetic,NCCOR Youth Compendium
59,squat,18,0.5,36.0,8.5,estimated_synthetic,Nakagata et al. 2022 (21–29; 1–6 reps/min)
51,push-up,100,10.0,10.0,5.47,estimated_synthetic,Nakagata et al. 2022 + NCCOR Youth Compendium
61,crunch,120,2.0,60.0,3.37,estimated_synthetic,Nakagata et al. 2019 + NCCOR Youth Compendium curl-ups
33,jumping_jack,44,2.0,22.0,4.09,estimated_synthetic,NCCOR Youth Compendium
69,squat,39,3.0,13.0,6.8,estimated_synthetic,Nakagata et al. 2022 (21–29; 1–6 reps/min)
17,push-up,15,1.0,15.0,6.12,estimated_synthetic,Nakagata et al. 2022 + NCCOR Youth Compendium
58,crunch,185,5.0,37.0,3.47,estimated_synthetic,Nakagata et al. 2019 + NCCOR Youth Compendium curl-ups
15,jumping_jack,250,10.0,25.0,4.67,estimated_synthetic,NCCOR Youth Compendium
64,squat,150,10.0,15.0,7.54,estimated_synthetic,Nakagata et al. 2022 (21–29; 1–6 reps/min)
42,push-up,64,1.5,42.67,8.5,estimated_synthetic,Nakagata et al. 2022 + NCCOR Youth Compendium
60,crunch,13,0.5,26.0,3.38,estimated_synthetic,Nakagata et al. 2019 + NCCOR Youth Compendium curl-ups
70,jumping_jack,440,10.0,44.0,5.0,estimated_synthetic,NCCOR Youth Compendium
49,squat,174,3.0,58.0,8.5,estimated_synthetic,Nakagata et al. 2022 (21–29; 1–6 reps/min)
59,push-up,50,10.0,5.0,4.75,estimated_synthetic,Nakagata et al. 2022 + NCCOR Youth Compendium
64,crunch,180,5.0,36.0,3.42,estimated_synthetic,Nakagata et al. 2019 + NCCOR Youth Compendium curl-ups
32,jumping_jack,87,3.0,29.0,4.73,estimated_synthetic,NCCOR Youth Compendium
29,squat,152,8.0,19.0,8.5,estimated_synthetic,Nakagata et al. 2022 (21–29; 1–6 reps/min)
67,push-up,92,2.0,46.0,8.5,estimated_synthetic,Nakagata et al. 2022 + NCCOR Youth Compendium
17,crunch,6,0.5,12.0,2.63,estimated_synthetic,Nakagata et al. 2019 + NCCOR Youth Compendium curl-ups
29,jumping_jack,33,3.0,11.0,4.12,estimated_synthetic,NCCOR Youth Compendium
32,squat,25,5.0,5.0,3.07,estimated_synthetic,Nakagata et al. 2022 (21–29; 1–6 reps/min)
37,push-up,8,0.5,16.0,6.73,estimated_synthetic,Nakagata et al. 2022 + NCCOR Youth Compendium
66,crunch,138,3.0,46.0,3.21,estimated_synthetic,Nakagata et al. 2019 + NCCOR Youth Compendium curl-ups
57,jumping_jack,290,10.0,29.0,4.67,estimated_synthetic,NCCOR Youth Compendium
42,squat,6,1.5,4.0,2.91,estimated_synthetic,Nakagata et al. 2022 (21–29; 1–6 reps/min)
24,push-up,176,8.0,22.0,8.01,estimated_synthetic,Nakagata et al. 2022 + NCCOR Youth Compendium
48,crunch,210,10.0,21.0,3.16,estimated_synthetic,Nakagata et al. 2019 + NCCOR Youth Compendium curl-ups
42,jumping_jack,20,2.0,10.0,3.83,estimated_synthetic,NCCOR Youth Compendium
18,squat,177,3.0,59.0,8.5,estimated_synthetic,Nakagata et al. 2022 (21–29; 1–6 reps/min)
67,push-up,480,10.0,48.0,8.5,estimated_synthetic,Nakagata et al. 2022 + NCCOR Youth Compendium
57,crunch,99,3.0,33.0,3.4,estimated_synthetic,Nakagata et al. 2019 + NCCOR Youth Compendium curl-ups
66,jumping_jack,22,0.5,44.0,5.29,estimated_synthetic,NCCOR Youth Compendium
33,squat,360,10.0,36.0,8.5,estimated_synthetic,Nakagata et al. 2022 (21–29; 1–6 reps/min)
26,push-up,51,1.5,34.0,8.5,estimated_synthetic,Nakagata et al. 2022 + NCCOR Youth Compendium
52,crunch,76,2.0,38.0,3.3,estimated_synthetic,Nakagata et al. 2019 + NCCOR Youth Compendium curl-ups
33,jumping_jack,48,8.0,6.0,3.78,estimated_synthetic,NCCOR Youth Compendium
26,squat,10,1.0,10.0,6.32,estimated_synthetic,Nakagata et al. 2022 (21–29; 1–6 reps/min)
16,push-up,21,1.0,21.0,7.36,estimated_synthetic,Nakagata et al. 2022 + NCCOR Youth Compendium
70,crunch,135,3.0,45.0,3.41,estimated_synthetic,Nakagata et al. 2019 + NCCOR Youth Compendium curl-ups
33,jumping_jack,21,1.0,21.0,4.5,estimated_synthetic,NCCOR Youth Compendium
47,squat,55,5.0,11.0,6.62,estimated_synthetic,Nakagata et al. 2022 (21–29; 1–6 reps/min)
21,push-up,140,10.0,14.0,6.41,estimated_synthetic,Nakagata et al. 2022 + NCCOR Youth Compendium
33,crunch,41,1.0,41.0,3.21,estimated_synthetic,Nakagata et al. 2019 + NCCOR Youth Compendium curl-ups
34,jumping_jack,3,0.5,6.0,4.12,estimated_synthetic,NCCOR Youth Compendium
29,squat,54,1.5,36.0,8.5,estimated_synthetic,Nakagata et al. 2022 (21–29; 1–6 reps/min)
20,push-up,80,8.0,10.0,5.4,estimated_synthetic,Nakagata et al. 2022 + NCCOR Youth Compendium
35,crunch,18,0.5,36.0,3.45,estimated_synthetic,Nakagata et al. 2019 + NCCOR Youth Compendium curl-ups
41,jumping_jack,36,3.0,12.0,4.4,estimated_synthetic,NCCOR Youth Compendium
61,squat,69,3.0,23.0,8.5,estimated_synthetic,Nakagata et al. 2022 (21–29; 1–6 reps/min)
69,push-up,40,1.0,40.0,8.5,estimated_synthetic,Nakagata et al. 2022 + NCCOR Youth Compendium
21,crunch,280,5.0,56.0,3.29,estimated_synthetic,Nakagata et al. 2019 + NCCOR Youth Compendium curl-ups
29,jumping_jack,8,1.0,8.0,4.07,estimated_synthetic,NCCOR Youth Compendium
16,squat,14,1.0,14.0,7.77,estimated_synthetic,Nakagata et al. 2022 (21–29; 1–6 reps/min)
53,push-up,232,8.0,29.0,8.5,estimated_synthetic,Nakagata et al. 2022 + NCCOR Youth Compendium
58,crunch,4,0.5,8.0,2.45,estimated_synthetic,Nakagata et al. 2019 + NCCOR Youth Compendium curl-ups
65,jumping_jack,40,1.5,26.67,4.74,estimated_synthetic,NCCOR Youth Compendium
50,squat,200,8.0,25.0,8.5,estimated_synthetic,Nakagata et al. 2022 (21–29; 1–6 reps/min)
61,push-up,160,5.0,32.0,7.88,estimated_synthetic,Nakagata et al. 2022 + NCCOR Youth Compendium
35,crunch,40,10.0,4.0,2.26,estimated_synthetic,Nakagata et al. 2019 + NCCOR Youth Compendium curl-ups
50,jumping_jack,185,5.0,37.0,5.06,estimated_synthetic,NCCOR Youth Compendium
65,squat,260,5.0,52.0,8.5,estimated_synthetic,Nakagata et al. 2022 (21–29; 1–6 reps/min)
45,push-up,52,1.0,52.0,8.5,estimated_synthetic,Nakagata et al. 2022 + NCCOR Youth Compendium
58,crunch,43,1.0,43.0,3.54,estimated_synthetic,Nakagata et al. 2019 + NCCOR Youth Compendium curl-ups
47,jumping_jack,99,3.0,33.0,4.86,estimated_synthetic,NCCOR Youth Compendium
58,squat,16,0.5,32.0,8.5,estimated_synthetic,Nakagata et al. 2022 (21–29; 1–6 reps/min)
31,push-up,456,8.0,57.0,8.5,estimated_synthetic,Nakagata et al. 2022 + NCCOR Youth Compendium
58,crunch,6,1.0,6.0,2.29,estimated_synthetic,Nakagata et al. 2019 + NCCOR Youth Compendium curl-ups
38,jumping_jack,33,1.0,33.0,4.94,estimated_synthetic,NCCOR Youth Compendium
37,squat,30,1.5,20.0,8.5,estimated_synthetic,Nakagata et al. 2022 (21–29; 1–6 reps/min)
51,push-up,20,0.5,40.0,8.5,estimated_synthetic,Nakagata et al. 2022 + NCCOR Youth Compendium
63,crunch,64,1.5,42.67,3.49,estimated_synthetic,Nakagata et al. 2019 + NCCOR Youth Compendium curl-ups
34,jumping_jack,250,10.0,25.0,4.69,estimated_synthetic,NCCOR Youth Compendium
60,squat,135,3.0,45.0,8.5,estimated_synthetic,Nakagata et al. 2022 (21–29; 1–6 reps/min)
64,push-up,28,1.0,28.0,7.64,estimated_synthetic,Nakagata et al. 2022 + NCCOR Youth Compendium
31,crunch,21,1.0,21.0,3.34,estimated_synthetic,Nakagata et al. 2019 + NCCOR Youth Compendium curl-ups
48,jumping_jack,90,1.5,60.0,5.94,estimated_synthetic,NCCOR Youth Compendium
44,squat,9,0.5,18.0,8.5,estimated_synthetic,Nakagata et al. 2022 (21–29; 1–6 reps/min)
62,push-up,280,8.0,35.0,8.5,estimated_synthetic,Nakagata et al. 2022 + NCCOR Youth Compendium
28,crunch,20,1.0,20.0,3.37,estimated_synthetic,Nakagata et al. 2019 + NCCOR Youth Compendium curl-ups
50,jumping_jack,156,3.0,52.0,5.59,estimated_synthetic,NCCOR Youth Compendium
30,squat,95,5.0,19.0,8.5,estimated_synthetic,Nakagata et al. 2022 (21–29; 1–6 reps/min)
28,push-up,8,1.5,5.33,4.54,estimated_synthetic,Nakagata et al. 2022 + NCCOR Youth Compendium
50,crunch,21,1.0,21.0,3.28,estimated_synthetic,Nakagata et al. 2019 + NCCOR Youth Compendium curl-ups
48,jumping_jack,235,5.0,47.0,5.28,estimated_synthetic,NCCOR Youth Compendium
16,squat,129,3.0,43.0,8.5,estimated_synthetic,Nakagata et al. 2022 (21–29; 1–6 reps/min)
48,push-up,5,1.0,5.0,4.54,estimated_synthetic,Nakagata et al. 2022 + NCCOR Youth Compendium
18,crunch,72,3.0,24.0,3.49,estimated_synthetic,Nakagata et al. 2019 + NCCOR Youth Compendium curl-ups
68,jumping_jack,215,5.0,43.0,5.44,estimated_synthetic,NCCOR Youth Compendium
35,squat,245,5.0,49.0,8.5,estimated_synthetic,Nakagata et al. 2022 (21–29; 1–6 reps/min)
43,push-up,256,8.0,32.0,8.5,estimated_synthetic,Nakagata et al. 2022 + NCCOR Youth Compendium
63,crunch,4,1.5,2.67,2.06,estimated_synthetic,Nakagata et al. 2019 + NCCOR Youth Compendium curl-ups
60,jumping_jack,28,0.5,56.0,5.65,estimated_synthetic,NCCOR Youth Compendium
16,squat,72,8.0,9.0,5.22,estimated_synthetic,Nakagata et al. 2022 (21–29; 1–6 reps/min)
20,push-up,22,1.0,22.0,7.53,estimated_synthetic,Nakagata et al. 2022 + NCCOR Youth Compendium
35,crunch,14,2.0,7.0,2.69,estimated_synthetic,Nakagata et al. 2019 + NCCOR Youth Compendium curl-ups
15,jumping_jack,50,10.0,5.0,3.78,estimated_synthetic,NCCOR Youth Compendium
60,squat,184,8.0,23.0,8.5,estimated_synthetic,Nakagata et al. 2022 (21–29; 1–6 reps/min)
56,push-up,490,10.0,49.0,8.5,estimated_synthetic,Nakagata et al. 2022 + NCCOR Youth Compendium
22,crunch,159,3.0,53.0,3.18,estimated_synthetic,Nakagata et al. 2019 + NCCOR Youth Compendium curl-ups
21,jumping_jack,22,0.5,44.0,4.97,estimated_synthetic,NCCOR Youth Compendium
43,squat,120,5.0,24.0,8.5,estimated_synthetic,Nakagata et al. 2022 (21–29; 1–6 reps/min)
21,push-up,150,10.0,15.0,6.5,estimated_synthetic,Nakagata et al. 2022 + NCCOR Youth Compendium
32,crunch,51,1.0,51.0,3.16,estimated_synthetic,Nakagata et al. 2019 + NCCOR Youth Compendium curl-ups
42,jumping_jack,54,3.0,18.0,4.64,estimated_synthetic,NCCOR Youth Compendium
44,squat,3,1.0,3.0,2.43,estimated_synthetic,Nakagata et al. 2022 (21–29; 1–6 reps/min)
46,push-up,210,10.0,21.0,7.69,estimated_synthetic,Nakagata et al. 2022 + NCCOR Youth Compendium
26,crunch,64,8.0,8.0,2.68,estimated_synthetic,Nakagata et al. 2019 + NCCOR Youth Compendium curl-ups
40,jumping_jack,28,1.0,28.0,4.63,estimated_synthetic,NCCOR Youth Compendium
25,squat,38,1.0,38.0,8.5,estimated_synthetic,Nakagata et al. 2022 (21–29; 1–6 reps/min)
21,push-up,100,2.0,50.0,8.5,estimated_synthetic,Nakagata et al. 2022 + NCCOR Youth Compendium
60,crunch,140,10.0,14.0,3.01,estimated_synthetic,Nakagata et al. 2019 + NCCOR Youth Compendium curl-ups
35,jumping_jack,108,2.0,54.0,5.63,estimated_synthetic,NCCOR Youth Compendium
34,squat,27,3.0,9.0,5.44,estimated_synthetic,Nakagata et al. 2022 (21–29; 1–6 reps/min)
30,push-up,180,10.0,18.0,7.04,estimated_synthetic,Nakagata et al. 2022 + NCCOR Youth Compendium
20,crunch,21,1.5,14.0,2.84,estimated_synthetic,Nakagata et al. 2019 + NCCOR Youth Compendium curl-ups
53,jumping_jack,60,2.0,30.0,4.74,estimated_synthetic,NCCOR Youth Compendium
44,squat,9,3.0,3.0,2.2,estimated_synthetic,Nakagata et al. 2022 (21–29; 1–6 reps/min)
46,push-up,165,3.0,55.0,8.5,estimated_synthetic,Nakagata et al. 2022 + NCCOR Youth Compendium
65,crunch,35,1.0,35.0,3.39,estimated_synthetic,Nakagata et al. 2019 + NCCOR Youth Compendium curl-ups
66,jumping_jack,108,2.0,54.0,5.8,estimated_synthetic,NCCOR Youth Compendium
27,squat,19,1.0,19.0,8.5,estimated_synthetic,Nakagata et al. 2022 (21–29; 1–6 reps/min)
57,push-up,44,2.0,22.0,7.92,estimated_synthetic,Nakagata et al. 2022 + NCCOR Youth Compendium
41,crunch,120,3.0,40.0,3.26,estimated_synthetic,Nakagata et al. 2019 + NCCOR Youth Compendium curl-ups
33,jumping_jack,120,3.0,40.0,5.13,estimated_synthetic,NCCOR Youth Compendium
68,squat,4,0.5,8.0,4.54,estimated_synthetic,Nakagata et al. 2022 (21–29; 1–6 reps/min)
67,push-up,87,3.0,29.0,7.72,estimated_synthetic,Nakagata et al. 2022 + NCCOR Youth Compendium
57,crunch,38,1.5,25.33,3.42,estimated_synthetic,Nakagata et al. 2019 + NCCOR Youth Compendium curl-ups
52,jumping_jack,53,1.0,53.0,5.38,estimated_synthetic,NCCOR Youth Compendium
67,squat,310,10.0,31.0,8.5,estimated_synthetic,Nakagata et al. 2022 (21–29; 1–6 reps/min)
50,push-up,52,1.5,34.67,8.5,estimated_synthetic,Nakagata et al. 2022 + NCCOR Youth Compendium
15,crunch,380,10.0,38.0,3.4,estimated_synthetic,Nakagata et al. 2019 + NCCOR Youth Compendium curl-ups
57,jumping_jack,54,2.0,27.0,4.99,estimated_synthetic,NCCOR Youth Compendium
58,squat,15,5.0,3.0,2.36,estimated_synthetic,Nakagata et al. 2022 (21–29; 1–6 reps/min)
43,push-up,63,3.0,21.0,7.85,estimated_synthetic,Nakagata et al. 2022 + NCCOR Youth Compendium
32,crunch,111,3.0,37.0,3.51,estimated_synthetic,Nakagata et al. 2019 + NCCOR Youth Compendium curl-ups
62,jumping_jack,18,0.5,36.0,5.16,estimated_synthetic,NCCOR Youth Compendium
46,squat,224,8.0,28.0,8.5,estimated_synthetic,Nakagata et al. 2022 (21–29; 1–6 reps/min)
38,push-up,42,2.0,21.0,7.89,estimated_synthetic,Nakagata et al. 2022 + NCCOR Youth Compendium
66,crunch,480,10.0,48.0,3.15,estimated_synthetic,Nakagata et al. 2019 + NCCOR Youth Compendium curl-ups
58,jumping_jack,129,3.0,43.0,5.2,estimated_synthetic,NCCOR Youth Compendium
15,squat,14,0.5,28.0,8.5,estimated_synthetic,Nakagata et al. 2022 (21–29; 1–6 reps/min)
59,push-up,20,5.0,4.0,3.94,estimated_synthetic,Nakagata et al. 2022 + NCCOR Youth Compendium
62,crunch,30,2.0,15.0,3.05,estimated_synthetic,Nakagata et al. 2019 + NCCOR Youth Compendium curl-ups
65,jumping_jack,550,10.0,55.0,5.81,estimated_synthetic,NCCOR Youth Compendium
61,squat,230,10.0,23.0,8.5,estimated_synthetic,Nakagata et al. 2022 (21–29; 1–6 reps/min)
50,push-up,25,1.0,25.0,8.5,estimated_synthetic,Nakagata et al. 2022 + NCCOR Youth Compendium
67,crunch,21,1.0,21.0,3.47,estimated_synthetic,Nakagata et al. 2019 + NCCOR Youth Compendium curl-ups
67,jumping_jack,159,3.0,53.0,5.47,estimated_synthetic,NCCOR Youth Compendium
49,squat,280,8.0,35.0,8.5,estimated_synthetic,Nakagata et al. 2022 (21–29; 1–6 reps/min)
68,push-up,86,2.0,43.0,8.5,estimated_synthetic,Nakagata et al. 2022 + NCCOR Youth Compendium
28,crunch,400,8.0,50.0,3.42,estimated_synthetic,Nakagata et al. 2019 + NCCOR Youth Compendium curl-ups
60,jumping_jack,6,1.5,4.0,3.82,estimated_synthetic,NCCOR Youth Compendium
64,squat,52,1.0,52.0,8.5,estimated_synthetic,Nakagata et al. 2022 (21–29; 1–6 reps/min)
60,push-up,114,2.0,57.0,8.5,estimated_synthetic,Nakagata et al. 2022 + NCCOR Youth Compendium
32,crunch,580,10.0,58.0,3.38,estimated_synthetic,Nakagata et al. 2019 + NCCOR Youth Compendium curl-ups
48,jumping_jack,49,1.0,49.0,5.6,estimated_synthetic,NCCOR Youth Compendium
29,squat,470,10.0,47.0,8.5,estimated_synthetic,Nakagata et al. 2022 (21–29; 1–6 reps/min)
36,push-up,60,1.0,60.0,8.5,estimated_synthetic,Nakagata et al. 2022 + NCCOR Youth Compendium
20,crunch,110,5.0,22.0,3.51,estimated_synthetic,Nakagata et al. 2019 + NCCOR Youth Compendium curl-ups
15,jumping_jack,192,8.0,24.0,4.5,estimated_synthetic,NCCOR Youth Compendium
56,squat,38,1.0,38.0,8.5,estimated_synthetic,Nakagata et al. 2022 (21–29; 1–6 reps/min)
30,push-up,8,0.5,16.0,6.9,estimated_synthetic,Nakagata et al. 2022 + NCCOR Youth Compendium
30,crunch,174,3.0,58.0,3.45,estimated_synthetic,Nakagata et al. 2019 + NCCOR Youth Compendium curl-ups
54,jumping_jack,170,10.0,17.0,4.39,estimated_synthetic,NCCOR Youth Compendium
62,squat,208,8.0,26.0,8.5,estimated_synthetic,Nakagata et al. 2022 (21–29; 1–6 reps/min)
63,push-up,580,10.0,58.0,8.5,estimated_synthetic,Nakagata et al. 2022 + NCCOR Youth Compendium
24,crunch,210,10.0,21.0,3.43,estimated_synthetic,Nakagata et al. 2019 + NCCOR Youth Compendium curl-ups
40,jumping_jack,290,5.0,58.0,5.85,estimated_synthetic,NCCOR Youth Compendium
47,squat,110,2.0,55.0,8.5,estimated_synthetic,Nakagata et al. 2022 (21–29; 1–6 reps/min)
36,push-up,48,2.0,24.0,8.42,estimated_synthetic,Nakagata et al. 2022 + NCCOR Youth Compendium
57,crunch,35,5.0,7.0,2.56,estimated_synthetic,Nakagata et al. 2019 + NCCOR Youth Compendium curl-ups
28,jumping_jack,250,10.0,25.0,4.56,estimated_synthetic,NCCOR Youth Compendium
70,squat,28,1.5,18.67,8.5,estimated_synthetic,Nakagata et al. 2022 (21–29; 1–6 reps/min)
44,push-up,135,3.0,45.0,8.5,estimated_synthetic,Nakagata et al. 2022 + NCCOR Youth Compendium
20,crunch,46,2.0,23.0,3.3,estimated_synthetic,Nakagata et al. 2019 + NCCOR Youth Compendium curl-ups
53,jumping_jack,300,10.0,30.0,4.59,estimated_synthetic,NCCOR Youth Compendium
49,squat,205,5.0,41.0,8.5,estimated_synthetic,Nakagata et al. 2022 (21–29; 1–6 reps/min)
66,push-up,52,1.0,52.0,8.5,estimated_synthetic,Nakagata et al. 2022 + NCCOR Youth Compendium
21,crunch,96,3.0,32.0,3.5,estimated_synthetic,Nakagata et al. 2019 + NCCOR Youth Compendium curl-ups
61,jumping_jack,159,3.0,53.0,5.5,estimated_synthetic,NCCOR Youth Compendium
34,squat,4,1.5,2.67,2.19,estimated_synthetic,Nakagata et al. 2022 (21–29; 1–6 reps/min)
70,push-up,216,8.0,27.0,7.4,estimated_synthetic,Nakagata et al. 2022 + NCCOR Youth Compendium
59,crunch,36,1.5,24.0,3.32,estimated_synthetic,Nakagata et al. 2019 + NCCOR Youth Compendium curl-ups
61,jumping_jack,153,3.0,51.0,5.57,estimated_synthetic,NCCOR Youth Compendium
25,squat,30,0.5,60.0,8.5,estimated_synthetic,Nakagata et al. 2022 (21–29; 1–6 reps/min)
43,push-up,10,1.0,10.0,5.72,estimated_synthetic,Nakagata et al. 2022 + NCCOR Youth Compendium
36,crunch,56,1.0,56.0,3.4,estimated_synthetic,Nakagata et al. 2019 + NCCOR Youth Compendium curl-ups
26,jumping_jack,75,3.0,25.0,4.4,estimated_synthetic,NCCOR Youth Compendium
31,squat,72,3.0,24.0,8.5,estimated_synthetic,Nakagata et al. 2022 (21–29; 1–6 reps/min)
68,push-up,40,1.0,40.0,8.5,estimated_synthetic,Nakagata et al. 2022 + NCCOR Youth Compendium
40,crunch,30,5.0,6.0,2.63,estimated_synthetic,Nakagata et al. 2019 + NCCOR Youth Compendium curl-ups
53,jumping_jack,18,0.5,36.0,5.11,estimated_synthetic,NCCOR Youth Compendium
20,squat,120,2.0,60.0,8.5,estimated_synthetic,Nakagata et al. 2022 (21–29; 1–6 reps/min)
30,push-up,135,5.0,27.0,8.5,estimated_synthetic,Nakagata et al. 2022 + NCCOR Youth Compendium
47,crunch,34,2.0,17.0,3.16,estimated_synthetic,Nakagata et al. 2019 + NCCOR Youth Compendium curl-ups
21,jumping_jack,72,3.0,24.0,4.8,estimated_synthetic,NCCOR Youth Compendium
37,squat,69,1.5,46.0,8.5,estimated_synthetic,Nakagata et al. 2022 (21–29; 1–6 reps/min)
15,push-up,46,1.5,30.67,8.5,estimated_synthetic,Nakagata et al. 2022 + NCCOR Youth Compendium
32,crunch,40,2.0,20.0,3.26,estimated_synthetic,Nakagata et al. 2019 + NCCOR Youth Compendium curl-ups
47,jumping_jack,410,10.0,41.0,5.22,estimated_synthetic,NCCOR Youth Compendium
49,squat,38,2.0,19.0,8.5,estimated_synthetic,Nakagata et al. 2022 (21–29; 1–6 reps/min)
59,push-up,448,8.0,56.0,8.5,estimated_synthetic,Nakagata et al. 2022 + NCCOR Youth Compendium
69,crunch,15,0.5,30.0,3.45,estimated_synthetic,Nakagata et al. 2019 + NCCOR Youth Compendium curl-ups
28,jumping_jack,180,3.0,60.0,6.02,estimated_synthetic,NCCOR Youth Compendium
24,squat,27,1.5,18.0,8.5,estimated_synthetic,Nakagata et al. 2022 (21–29; 1–6 reps/min)
58,push-up,25,1.0,25.0,8.5,estimated_synthetic,Nakagata et al. 2022 + NCCOR Youth Compendium
62,crunch,160,10.0,16.0,3.29,estimated_synthetic,Nakagata et al. 2019 + NCCOR Youth Compendium curl-ups
39,jumping_jack,30,2.0,15.0,4.37,estimated_synthetic,NCCOR Youth Compendium
20,squat,16,0.5,32.0,8.5,estimated_synthetic,Nakagata et al. 2022 (21–29; 1–6 reps/min)
63,push-up,336,8.0,42.0,8.5,estimated_synthetic,Nakagata et al. 2022 + NCCOR Youth Compendium
65,crunch,22,2.0,11.0,2.73,estimated_synthetic,Nakagata et al. 2019 + NCCOR Youth Compendium curl-ups
30,jumping_jack,51,1.5,34.0,4.98,estimated_synthetic,NCCOR Youth Compendium
42,squat,510,10.0,51.0,8.5,estimated_synthetic,Nakagata et al. 2022 (21–29; 1–6 reps/min)
33,push-up,82,1.5,54.67,8.5,estimated_synthetic,Nakagata et al. 2022 + NCCOR Youth Compendium
34,crunch,72,8.0,9.0,2.8,estimated_synthetic,Nakagata et al. 2019 + NCCOR Youth Compendium curl-ups
68,jumping_jack,108,3.0,36.0,5.41,estimated_synthetic,NCCOR Youth Compendium
51,squat,58,2.0,29.0,8.5,estimated_synthetic,Nakagata et al. 2022 (21–29; 1–6 reps/min)
48,push-up,8,0.5,16.0,6.76,estimated_synthetic,Nakagata et al. 2022 + NCCOR Youth Compendium
34,crunch,12,3.0,4.0,2.31,estimated_synthetic,Nakagata et al. 2019 + NCCOR Youth Compendium curl-ups
24,jumping_jack,24,0.5,48.0,5.35,estimated_synthetic,NCCOR Youth Compendium
62,squat,80,8.0,10.0,5.45,estimated_synthetic,Nakagata et al. 2022 (21–29; 1–6 reps/min)
35,push-up,320,8.0,40.0,8.5,estimated_synthetic,Nakagata et al. 2022 + NCCOR Youth Compendium
46,crunch,42,1.5,28.0,3.31,estimated_synthetic,Nakagata et al. 2019 + NCCOR Youth Compendium curl-ups
39,jumping_jack,50,10.0,5.0,3.97,estimated_synthetic,NCCOR Youth Compendium
59,squat,296,8.0,37.0,8.5,estimated_synthetic,Nakagata et al. 2022 (21–29; 1–6 reps/min)
56,push-up,90,2.0,45.0,8.5,estimated_synthetic,Nakagata et al. 2022 + NCCOR Youth Compendium
23,crunch,64,2.0,32.0,3.61,estimated_synthetic,Nakagata et al. 2019 + NCCOR Youth Compendium curl-ups
49,jumping_jack,129,3.0,43.0,5.13,estimated_synthetic,NCCOR Youth Compendium
50,squat,82,1.5,54.67,8.5,estimated_synthetic,Nakagata et al. 2022 (21–29; 1–6 reps/min)
45,push-up,34,1.0,34.0,8.5,estimated_synthetic,Nakagata et al. 2022 + NCCOR Youth Compendium
27,crunch,96,8.0,12.0,3.03,estimated_synthetic,Nakagata et al. 2019 + NCCOR Youth Compendium curl-ups
29,jumping_jack,105,3.0,35.0,5.2,estimated_synthetic,NCCOR Youth Compendium
31,squat,104,2.0,52.0,8.5,estimated_synthetic,Nakagata et al. 2022 (21–29; 1–6 reps/min)
45,push-up,290,10.0,29.0,8.5,estimated_synthetic,Nakagata et al. 2022 + NCCOR Youth Compendium
19,crunch,92,2.0,46.0,3.3,estimated_synthetic,Nakagata et al. 2019 + NCCOR Youth Compendium curl-ups
61,jumping_jack,168,8.0,21.0,4.61,estimated_synthetic,NCCOR Youth Compendium
45,squat,17,1.0,17.0,8.5,estimated_synthetic,Nakagata et al. 2022 (21–29; 1–6 reps/min)
33,push-up,360,8.0,45.0,8.5,estimated_synthetic,Nakagata et al. 2022 + NCCOR Youth Compendium
32,crunch,6,0.5,12.0,2.86,estimated_synthetic,Nakagata et al. 2019 + NCCOR Youth Compendium curl-ups
59,jumping_jack,108,2.0,54.0,5.7,estimated_synthetic,NCCOR Youth Compendium
29,squat,264,8.0,33.0,8.5,estimated_synthetic,Nakagata et al. 2022 (21–29; 1–6 reps/min)
25,push-up,57,1.0,57.0,8.5,estimated_synthetic,Nakagata et al. 2022 + NCCOR Youth Compendium
46,crunch,117,3.0,39.0,3.39,estimated_synthetic,Nakagata et al. 2019 + NCCOR Youth Compendium curl-ups
66,jumping_jack,9,1.0,9.0,4.07,estimated_synthetic,NCCOR Youth Compendium
22,squat,90,10.0,9.0,5.34,estimated_synthetic,Nakagata et al. 2022 (21–29; 1–6 reps/min)
17,push-up,49,1.0,49.0,8.5,estimated_synthetic,Nakagata et al. 2022 + NCCOR Youth Compendium
70,crunch,28,0.5,56.0,3.33,estimated_synthetic,Nakagata et al. 2019 + NCCOR Youth Compendium curl-ups
30,jumping_jack,32,1.5,21.33,4.51,estimated_synthetic,NCCOR Youth Compendium
21,squat,260,5.0,52.0,8.5,estimated_synthetic,Nakagata et al. 2022 (21–29; 1–6 reps/min)
56,push-up,40,1.5,26.67,8.5,estimated_synthetic,Nakagata et al. 2022 + NCCOR Youth Compendium
29,crunch,128,8.0,16.0,3.03,estimated_synthetic,Nakagata et al. 2019 + NCCOR Youth Compendium curl-ups
68,jumping_jack,177,3.0,59.0,5.85,estimated_synthetic,NCCOR Youth Compendium
56,squat,78,1.5,52.0,8.5,estimated_synthetic,Nakagata et al. 2022 (21–29; 1–6 reps/min)
58,push-up,448,8.0,56.0,8.5,estimated_synthetic,Nakagata et al. 2022 + NCCOR Youth Compendium
36,crunch,296,8.0,37.0,3.46,estimated_synthetic,Nakagata et al. 2019 + NCCOR Youth Compendium curl-ups
26,jumping_jack,56,2.0,28.0,4.92,estimated_synthetic,NCCOR Youth Compendium
51,squat,72,3.0,24.0,8.5,estimated_synthetic,Nakagata et al. 2022 (21–29; 1–6 reps/min)
50,push-up,9,1.5,6.0,4.74,estimated_synthetic,Nakagata et al. 2022 + NCCOR Youth Compendium
48,crunch,456,8.0,57.0,3.47,estimated_synthetic,Nakagata et al. 2019 + NCCOR Youth Compendium curl-ups
28,jumping_jack,57,1.5,38.0,4.88,estimated_synthetic,NCCOR Youth Compendium
20,squat,38,2.0,19.0,8.5,estimated_synthetic,Nakagata et al. 2022 (21–29; 1–6 reps/min)
15,push-up,22,0.5,44.0,8.5,estimated_synthetic,Nakagata et al. 2022 + NCCOR Youth Compendium
70,crunch,175,5.0,35.0,3.45,estimated_synthetic,Nakagata et al. 2019 + NCCOR Youth Compendium curl-ups
15,jumping_jack,464,8.0,58.0,5.69,estimated_synthetic,NCCOR Youth Compendium
60,squat,86,2.0,43.0,8.5,estimated_synthetic,Nakagata et al. 2022 (21–29; 1–6 reps/min)
38,push-up,340,10.0,34.0,8.5,estimated_synthetic,Nakagata et al. 2022 + NCCOR Youth Compendium
42,crunch,45,1.0,45.0,3.31,estimated_synthetic,Nakagata et al. 2019 + NCCOR Youth Compendium curl-ups
19,jumping_jack,380,10.0,38.0,5.13,estimated_synthetic,NCCOR Youth Compendium
28,squat,176,8.0,22.0,8.5,estimated_synthetic,Nakagata et al. 2022 (21–29; 1–6 reps/min)
50,push-up,280,5.0,56.0,8.5,estimated_synthetic,Nakagata et al. 2022 + NCCOR Youth Compendium
46,crunch,90,10.0,9.0,2.69,estimated_synthetic,Nakagata et al. 2019 + NCCOR Youth Compendium curl-ups
70,jumping_jack,440,10.0,44.0,5.44,estimated_synthetic,NCCOR Youth Compendium
48,squat,60,1.0,60.0,8.5,estimated_synthetic,Nakagata et al. 2022 (21–29; 1–6 reps/min)
50,push-up,290,10.0,29.0,8.5,estimated_synthetic,Nakagata et al. 2022 + NCCOR Youth Compendium
54,crunch,70,5.0,14.0,2.98,estimated_synthetic,Nakagata et al. 2019 + NCCOR Youth Compendium curl-ups
54,jumping_jack,120,10.0,12.0,4.29,estimated_synthetic,NCCOR Youth Compendium
35,squat,14,0.5,28.0,8.5,estimated_synthetic,Nakagata et al. 2022 (21–29; 1–6 reps/min)
34,push-up,108,2.0,54.0,8.5,estimated_synthetic,Nakagata et al. 2022 + NCCOR Youth Compendium
36,crunch,54,3.0,18.0,3.13,estimated_synthetic,Nakagata et al. 2019 + NCCOR Youth Compendium curl-ups
63,jumping_jack,27,0.5,54.0,5.63,estimated_synthetic,NCCOR Youth Compendium
24,squat,72,1.5,48.0,8.5,estimated_synthetic,Nakagata et al. 2022 (21–29; 1–6 reps/min)
20,push-up,116,2.0,58.0,8.5,estimated_synthetic,Nakagata et al. 2022 + NCCOR Youth Compendium
33,crunch,180,5.0,36.0,3.31,estimated_synthetic,Nakagata et al. 2019 + NCCOR Youth Compendium curl-ups
30,jumping_jack,90,3.0,30.0,4.77,estimated_synthetic,NCCOR Youth Compendium
27,squat,490,10.0,49.0,8.5,estimated_synthetic,Nakagata et al. 2022 (21–29; 1–6 reps/min)
38,push-up,25,5.0,5.0,4.55,estimated_synthetic,Nakagata et al. 2022 + NCCOR Youth Compendium
28,crunch,112,8.0,14.0,2.88,estimated_synthetic,Nakagata et al. 2019 + NCCOR Youth Compendium curl-ups
42,jumping_jack,14,2.0,7.0,3.61,estimated_synthetic,NCCOR Youth Compendium
33,squat,300,5.0,60.0,8.5,estimated_synthetic,Nakagata et al. 2022 (21–29; 1–6 reps/min)
49,push-up,36,1.0,36.0,8.5,estimated_synthetic,Nakagata et al. 2022 + NCCOR Youth Compendium
57,crunch,200,8.0,25.0,3.53,estimated_synthetic,Nakagata et al. 2019 + NCCOR Youth Compendium curl-ups
33,jumping_jack,195,5.0,39.0,4.85,estimated_synthetic,NCCOR Youth Compendium
33,squat,48,1.0,48.0,8.5,estimated_synthetic,Nakagata et al. 2022 (21–29; 1–6 reps/min)
69,push-up,32,2.0,16.0,5.98,estimated_synthetic,Nakagata et al. 2022 + NCCOR Youth Compendium
63,crunch,20,0.5,40.0,3.3,estimated_synthetic,Nakagata et al. 2019 + NCCOR Youth Compendium curl-ups
16,jumping_jack,20,2.0,10.0,4.03,estimated_synthetic,NCCOR Youth Compendium
45,squat,480,8.0,60.0,8.5,estimated_synthetic,Nakagata et al. 2022 (21–29; 1–6 reps/min)
34,push-up,18,0.5,36.0,8.5,estimated_synthetic,Nakagata et al. 2022 + NCCOR Youth Compendium
48,crunch,22,2.0,11.0,2.79,estimated_synthetic,Nakagata et al. 2019 + NCCOR Youth Compendium curl-ups
36,jumping_jack,250,10.0,25.0,4.64,estimated_synthetic,NCCOR Youth Compendium
32,squat,540,10.0,54.0,8.5,estimated_synthetic,Nakagata et al. 2022 (21–29; 1–6 reps/min)
69,push-up,4,1.5,2.67,3.05,estimated_synthetic,Nakagata et al. 2022 + NCCOR Youth Compendium
48,crunch,162,3.0,54.0,3.48,estimated_synthetic,Nakagata et al. 2019 + NCCOR Youth Compendium curl-ups
20,jumping_jack,144,3.0,48.0,5.37,estimated_synthetic,NCCOR Youth Compendium
44,squat,90,10.0,9.0,5.4,estimated_synthetic,Nakagata et al. 2022 (21–29; 1–6 reps/min)
22,push-up,60,5.0,12.0,5.93,estimated_synthetic,Nakagata et al. 2022 + NCCOR Youth Compendium
26,crunch,240,10.0,24.0,3.39,estimated_synthetic,Nakagata et al. 2019 + NCCOR Youth Compendium curl-ups
47,jumping_jack,144,3.0,48.0,5.43,estimated_synthetic,NCCOR Youth Compendium
25,squat,580,10.0,58.0,8.5,estimated_synthetic,Nakagata et al. 2022 (21–29; 1–6 reps/min)
67,push-up,320,8.0,40.0,8.5,estimated_synthetic,Nakagata et al. 2022 + NCCOR Youth Compendium
61,crunch,390,10.0,39.0,3.48,estimated_synthetic,Nakagata et al. 2019 + NCCOR Youth Compendium curl-ups
21,jumping_jack,84,3.0,28.0,4.76,estimated_synthetic,NCCOR Youth Compendium
24,squat,33,3.0,11.0,6.55,estimated_synthetic,Nakagata et al. 2022 (21–29; 1–6 reps/min)
65,push-up,350,10.0,35.0,8.5,estimated_synthetic,Nakagata et al. 2022 + NCCOR Youth Compendium
57,crunch,160,5.0,32.0,3.45,estimated_synthetic,Nakagata et al. 2019 + NCCOR Youth Compendium curl-ups
20,jumping_jack,60,1.5,40.0,5.05,estimated_synthetic,NCCOR Youth Compendium
37,squat,118,2.0,59.0,8.5,estimated_synthetic,Nakagata et al. 2022 (21–29; 1–6 reps/min)
33,push-up,210,5.0,42.0,8.5,estimated_synthetic,Nakagata et al. 2022 + NCCOR Youth Compendium
53,crunch,74,2.0,37.0,3.33,estimated_synthetic,Nakagata et al. 2019 + NCCOR Youth Compendium curl-ups
65,jumping_jack,150,10.0,15.0,4.33,estimated_synthetic,NCCOR Youth Compendium
53,squat,47,1.0,47.0,8.5,estimated_synthetic,Nakagata et al. 2022 (21–29; 1–6 reps/min)
25,push-up,15,1.5,10.0,5.56,estimated_synthetic,Nakagata et al. 2022 + NCCOR Youth Compendium
61,crunch,230,10.0,23.0,3.47,estimated_synthetic,Nakagata et al. 2019 + NCCOR Youth Compendium curl-ups
56,jumping_jack,54,1.0,54.0,5.75,estimated_synthetic,NCCOR Youth Compendium
61,squat,205,5.0,41.0,8.5,estimated_synthetic,Nakagata et al. 2022 (21–29; 1–6 reps/min)
36,push-up,12,0.5,24.0,8.3,estimated_synthetic,Nakagata et al. 2022 + NCCOR Youth Compendium
15,crunch,28,0.5,56.0,3.36,estimated_synthetic,Nakagata et al. 2019 + NCCOR Youth Compendium curl-ups
58,jumping_jack,370,10.0,37.0,4.7,estimated_synthetic,NCCOR Youth Compendium
29,squat,200,5.0,40.0,8.5,estimated_synthetic,Nakagata et al. 2022 (21–29; 1–6 reps/min)
38,push-up,56,1.0,56.0,8.5,estimated_synthetic,Nakagata et al. 2022 + NCCOR Youth Compendium
53,crunch,34,2.0,17.0,2.98,estimated_synthetic,Nakagata et al. 2019 + NCCOR Youth Compendium curl-ups
67,jumping_jack,224,8.0,28.0,4.49,estimated_synthetic,NCCOR Youth Compendium
41,squat,25,0.5,50.0,8.5,estimated_synthetic,Nakagata et al. 2022 (21–29; 1–6 reps/min)
37,push-up,220,10.0,22.0,7.96,estimated_synthetic,Nakagata et al. 2022 + NCCOR Youth Compendium
42,crunch,80,8.0,10.0,2.67,estimated_synthetic,Nakagata et al. 2019 + NCCOR Youth Compendium curl-ups
64,jumping_jack,470,10.0,47.0,5.33,estimated_synthetic,NCCOR Youth Compendium
57,squat,275,5.0,55.0,8.5,estimated_synthetic,Nakagata et al. 2022 (21–29; 1–6 reps/min)
35,push-up,22,1.5,14.67,6.38,estimated_synthetic,Nakagata et al. 2022 + NCCOR Youth Compendium
21,crunch,51,1.0,51.0,3.23,estimated_synthetic,Nakagata et al. 2019 + NCCOR Youth Compendium curl-ups
24,jumping_jack,176,8.0,22.0,4.72,estimated_synthetic,NCCOR Youth Compendium
48,squat,80,5.0,16.0,8.5,estimated_synthetic,Nakagata et al. 2022 (21–29; 1–6 reps/min)
49,push-up,392,8.0,49.0,8.5,estimated_synthetic,Nakagata et al. 2022 + NCCOR Youth Compendium
39,crunch,16,0.5,32.0,3.23,estimated_synthetic,Nakagata et al. 2019 + NCCOR Youth Compendium curl-ups
47,jumping_jack,45,3.0,15.0,4.33,estimated_synthetic,NCCOR Youth Compendium
21,squat,82,1.5,54.67,8.5,estimated_synthetic,Nakagata et al. 2022 (21–29; 1–6 reps/min)
47,push-up,328,8.0,41.0,8.5,estimated_synthetic,Nakagata et al. 2022 + NCCOR Youth Compendium
70,crunch,130,5.0,26.0,3.44,estimated_synthetic,Nakagata et al. 2019 + NCCOR Youth Compendium curl-ups
29,jumping_jack,410,10.0,41.0,5.17,estimated_synthetic,NCCOR Youth Compendium
51,squat,39,1.0,39.0,8.5,estimated_synthetic,Nakagata et al. 2022 (21–29; 1–6 reps/min)
31,push-up,21,1.0,21.0,7.74,estimated_synthetic,Nakagata et al. 2022 + NCCOR Youth Compendium
43,crunch,28,1.0,28.0,3.36,estimated_synthetic,Nakagata et al. 2019 + NCCOR Youth Compendium curl-ups
16,jumping_jack,24,0.5,48.0,5.51,estimated_synthetic,NCCOR Youth Compendium
41,squat,416,8.0,52.0,8.5,estimated_synthetic,Nakagata et al. 2022 (21–29; 1–6 reps/min)
17,push-up,384,8.0,48.0,8.5,estimated_synthetic,Nakagata et al. 2022 + NCCOR Youth Compendium
26,crunch,344,8.0,43.0,3.4,estimated_synthetic,Nakagata et al. 2019 + NCCOR Youth Compendium curl-ups
30,jumping_jack,63,1.5,42.0,5.33,estimated_synthetic,NCCOR Youth Compendium
37,squat,408,8.0,51.0,8.5,estimated_synthetic,Nakagata et al. 2022 (21–29; 1–6 reps/min)
32,push-up,470,10.0,47.0,8.5,estimated_synthetic,Nakagata et al. 2022 + NCCOR Youth Compendium
42,crunch,160,10.0,16.0,3.03,estimated_synthetic,Nakagata et al. 2019 + NCCOR Youth Compendium curl-ups
64,jumping_jack,80,2.0,40.0,4.88,estimated_synthetic,NCCOR Youth Compendium
25,squat,32,1.0,32.0,8.5,estimated_synthetic,Nakagata et al. 2022 (21–29; 1–6 reps/min)
41,push-up,8,1.0,8.0,5.0,estimated_synthetic,Nakagata et al. 2022 + NCCOR Youth Compendium
15,crunch,110,2.0,55.0,3.6,estimated_synthetic,Nakagata et al. 2019 + NCCOR Youth Compendium curl-ups
65,jumping_jack,328,8.0,41.0,5.17,estimated_synthetic,NCCOR Youth Compendium
40,squat,20,0.5,40.0,8.5,estimated_synthetic,Nakagata et al. 2022 (21–29; 1–6 reps/min)
50,push-up,87,1.5,58.0,8.5,estimated_synthetic,Nakagata et al. 2022 + NCCOR Youth Compendium
22,crunch,210,5.0,42.0,3.37,estimated_synthetic,Nakagata et al. 2019 + NCCOR Youth Compendium curl-ups
50,jumping_jack,38,1.0,38.0,5.03,estimated_synthetic,NCCOR Youth Compendium
50,squat,11,0.5,22.0,8.5,estimated_synthetic,Nakagata et al. 2022 (21–29; 1–6 reps/min)
49,push-up,30,1.5,20.0,7.38,estimated_synthetic,Nakagata et al. 2022 + NCCOR Youth Compendium
44,crunch,56,8.0,7.0,2.52,estimated_synthetic,Nakagata et al. 2019 + NCCOR Youth Compendium curl-ups
69,jumping_jack,171,3.0,57.0,5.73,estimated_synthetic,NCCOR Youth Compendium
31,squat,40,1.0,40.0,8.5,estimated_synthetic,Nakagata et al. 2022 (21–29; 1–6 reps/min)
23,push-up,12,1.5,8.0,5.13,estimated_synthetic,Nakagata et al. 2022 + NCCOR Youth Compendium
26,crunch,84,1.5,56.0,3.56,estimated_synthetic,Nakagata et al. 2019 + NCCOR Youth Compendium curl-ups
66,jumping_jack,34,1.5,22.67,4.45,estimated_synthetic,NCCOR Youth Compendium
47,squat,500,10.0,50.0,8.5,estimated_synthetic,Nakagata et al. 2022 (21–29; 1–6 reps/min)
58,push-up,88,1.5,58.67,8.5,estimated_synthetic,Nakagata et al. 2022 + NCCOR Youth Compendium
54,crunch,110,10.0,11.0,2.84,estimated_synthetic,Nakagata et al. 2019 + NCCOR Youth Compendium curl-ups
18,jumping_jack,160,5.0,32.0,4.93,estimated_synthetic,NCCOR Youth Compendium
31,squat,14,0.5,28.0,8.5,estimated_synthetic,Nakagata et al. 2022 (21–29; 1–6 reps/min)
16,push-up,30,5.0,6.0,4.61,estimated_synthetic,Nakagata et al. 2022 + NCCOR Youth Compendium
59,crunch,272,8.0,34.0,3.47,estimated_synthetic,Nakagata et al. 2019 + NCCOR Youth Compendium curl-ups
49,jumping_jack,20,5.0,4.0,3.69,estimated_synthetic,NCCOR Youth Compendium
39,squat,41,1.0,41.0,8.5,estimated_synthetic,Nakagata et al. 2022 (21–29; 1–6 reps/min)
31,push-up,280,5.0,56.0,8.5,estimated_synthetic,Nakagata et al. 2022 + NCCOR Youth Compendium
16,crunch,216,8.0,27.0,3.38,estimated_synthetic,Nakagata et al. 2019 + NCCOR Youth Compendium curl-ups
55,jumping_jack,20,0.5,40.0,5.13,estimated_synthetic,NCCOR Youth Compendium
19,squat,87,1.5,58.0,8.5,estimated_synthetic,Nakagata et al. 2022 (21–29; 1–6 reps/min)
70,push-up,63,3.0,21.0,6.15,estimated_synthetic,Nakagata et al. 2022 + NCCOR Youth Compendium
25,crunch,11,1.0,11.0,3.0,estimated_synthetic,Nakagata et al. 2019 + NCCOR Youth Compendium curl-ups
42,jumping_jack,60,1.5,40.0,5.34,estimated_synthetic,NCCOR Youth Compendium
50,squat,30,0.5,60.0,8.5,estimated_synthetic,Nakagata et al. 2022 (21–29; 1–6 reps/min)
30,push-up,32,1.5,21.33,7.86,estimated_synthetic,Nakagata et al. 2022 + NCCOR Youth Compendium
39,crunch,145,5.0,29.0,3.45,estimated_synthetic,Nakagata et al. 2019 + NCCOR Youth Compendium curl-ups
59,jumping_jack,68,1.5,45.33,5.29,estimated_synthetic,NCCOR Youth Compendium
32,squat,50,5.0,10.0,6.05,estimated_synthetic,Nakagata et al. 2022 (21–29; 1–6 reps/min)
40,push-up,118,2.0,59.0,8.5,estimated_synthetic,Nakagata et al. 2022 + NCCOR Youth Compendium
28,crunch,180,10.0,18.0,3.23,estimated_synthetic,Nakagata et al. 2019 + NCCOR Youth Compendium curl-ups
22,jumping_jack,70,5.0,14.0,4.3,estimated_synthetic,NCCOR Youth Compendium
49,squat,111,3.0,37.0,8.5,estimated_synthetic,Nakagata et al. 2022 (21–29; 1–6 reps/min)
56,push-up,530,10.0,53.0,8.5,estimated_synthetic,Nakagata et al. 2022 + NCCOR Youth Compendium
26,crunch,590,10.0,59.0,3.26,estimated_synthetic,Nakagata et al. 2019 + NCCOR Youth Compendium curl-ups
64,jumping_jack,128,8.0,16.0,4.24,estimated_synthetic,NCCOR Youth Compendium
38,squat,225,5.0,45.0,8.5,estimated_synthetic,Nakagata et al. 2022 (21–29; 1–6 reps/min)
69,push-up,32,1.5,21.33,6.46,estimated_synthetic,Nakagata et al. 2022 + NCCOR Youth Compendium
69,crunch,42,1.5,28.0,3.34,estimated_synthetic,Nakagata et al. 2019 + NCCOR Youth Compendium curl-ups
60,jumping_jack,34,1.5,22.67,4.32,estimated_synthetic,NCCOR Youth Compendium
45,squat,64,2.0,32.0,8.5,estimated_synthetic,Nakagata et al. 2022 (21–29; 1–6 reps/min)
23,push-up,264,8.0,33.0,8.5,estimated_synthetic,Nakagata et al. 2022 + NCCOR Youth Compendium
33,crunch,275,5.0,55.0,3.45,estimated_synthetic,Nakagata et al. 2019 + NCCOR Youth Compendium curl-ups
70,jumping_jack,235,5.0,47.0,5.44,estimated_synthetic,NCCOR Youth Compendium
23,squat,205,5.0,41.0,8.5,estimated_synthetic,Nakagata et al. 2022 (21–29; 1–6 reps/min)
41,push-up,40,8.0,5.0,4.41,estimated_synthetic,Nakagata et al. 2022 + NCCOR Youth Compendium
53,crunch,440,8.0,55.0,3.37,estimated_synthetic,Nakagata et al. 2019 + NCCOR Youth Compendium curl-ups
24,jumping_jack,450,10.0,45.0,5.3,estimated_synthetic,NCCOR Youth Compendium
23,squat,42,1.5,28.0,8.5,estimated_synthetic,Nakagata et al. 2022 (21–29; 1–6 reps/min)
64,push-up,22,0.5,44.0,8.5,estimated_synthetic,Nakagata et al. 2022 + NCCOR Youth Compendium
39,crunch,75,5.0,15.0,2.92,estimated_synthetic,Nakagata et al. 2019 + NCCOR Youth Compendium curl-ups
23,jumping_jack,10,0.5,20.0,4.2,estimated_synthetic,NCCOR Youth Compendium
35,squat,600,10.0,60.0,8.5,estimated_synthetic,Nakagata et al. 2022 (21–29; 1–6 reps/min)
51,push-up,45,5.0,9.0,5.4,estimated_synthetic,Nakagata et al. 2022 + NCCOR Youth Compendium
62,crunch,156,3.0,52.0,3.3,estimated_synthetic,Nakagata et al. 2019 + NCCOR Youth Compendium curl-ups
19,jumping_jack,480,8.0,60.0,5.98,estimated_synthetic,NCCOR Youth Compendium
29,squat,75,1.5,50.0,8.5,estimated_synthetic,Nakagata et al. 2022 (21–29; 1–6 reps/min)
29,push-up,45,1.5,30.0,8.5,estimated_synthetic,Nakagata et al. 2022 + NCCOR Youth Compendium
25,crunch,33,3.0,11.0,2.92,estimated_synthetic,Nakagata et al. 2019 + NCCOR Youth Compendium curl-ups
15,jumping_jack,9,1.5,6.0,4.06,estimated_synthetic,NCCOR Youth Compendium
67,squat,2,0.5,4.0,3.06,estimated_synthetic,Nakagata et al. 2022 (21–29; 1–6 reps/min)
27,push-up,70,5.0,14.0,6.4,estimated_synthetic,Nakagata et al. 2022 + NCCOR Youth Compendium
32,crunch,74,2.0,37.0,3.49,estimated_synthetic,Nakagata et al. 2019 + NCCOR Youth Compendium curl-ups
68,jumping_jack,288,8.0,36.0,4.9,estimated_synthetic,NCCOR Youth Compendium
69,squat,52,1.0,52.0,8.5,estimated_synthetic,Nakagata et al. 2022 (21–29; 1–6 reps/min)
50,push-up,88,2.0,44.0,8.5,estimated_synthetic,Nakagata et al. 2022 + NCCOR Youth Compendium
36,crunch,510,10.0,51.0,3.34,estimated_synthetic,Nakagata et al. 2019 + NCCOR Youth Compendium curl-ups
27,jumping_jack,24,0.5,48.0,5.6,estimated_synthetic,NCCOR Youth Compendium
40,squat,310,10.0,31.0,8.5,estimated_synthetic,Nakagata et al. 2022 (21–29; 1–6 reps/min)
19,push-up,21,1.5,14.0,6.05,estimated_synthetic,Nakagata et al. 2022 + NCCOR Youth Compendium
31,crunch,80,5.0,16.0,3.21,estimated_synthetic,Nakagata et al. 2019 + NCCOR Youth Compendium curl-ups
25,jumping_jack,290,10.0,29.0,4.81,estimated_synthetic,NCCOR Youth Compendium
53,squat,90,10.0,9.0,5.45,estimated_synthetic,Nakagata et al. 2022 (21–29; 1–6 reps/min)
51,push-up,2,0.5,4.0,4.1,estimated_synthetic,Nakagata et al. 2022 + NCCOR Youth Compendium
49,crunch,24,0.5,48.0,3.52,estimated_synthetic,Nakagata et al. 2019 + NCCOR Youth Compendium curl-ups
33,jumping_jack,66,2.0,33.0,5.06,estimated_synthetic,NCCOR Youth Compendium
70,squat,53,1.0,53.0,8.5,estimated_synthetic,Nakagata et al. 2022 (21–29; 1–6 reps/min)
48,push-up,65,5.0,13.0,6.16,estimated_synthetic,Nakagata et al. 2022 + NCCOR Youth Compendium
55,crunch,20,0.5,40.0,3.26,estimated_synthetic,Nakagata et al. 2019 + NCCOR Youth Compendium curl-ups
44,jumping_jack,40,10.0,4.0,3.97,estimated_synthetic,NCCOR Youth Compendium
45,squat,530,10.0,53.0,8.5,estimated_synthetic,Nakagata et al. 2022 (21–29; 1–6 reps/min)
27,push-up,380,10.0,38.0,8.5,estimated_synthetic,Nakagata et al. 2022 + NCCOR Youth Compendium
56,crunch,270,5.0,54.0,3.62,estimated_synthetic,Nakagata et al. 2019 + NCCOR Youth Compendium curl-ups
44,jumping_jack,464,8.0,58.0,5.36,estimated_synthetic,NCCOR Youth Compendium
34,squat,235,5.0,47.0,8.5,estimated_synthetic,Nakagata et al. 2022 (21–29; 1–6 reps/min)
27,push-up,360,8.0,45.0,8.5,estimated_synthetic,Nakagata et al. 2022 + NCCOR Youth Compendium
30,crunch,12,1.5,8.0,2.57,estimated_synthetic,Nakagata et al. 2019 + NCCOR Youth Compendium curl-ups
56,jumping_jack,184,8.0,23.0,4.43,estimated_synthetic,NCCOR Youth Compendium
39,squat,33,3.0,11.0,6.67,estimated_synthetic,Nakagata et al. 2022 (21–29; 1–6 reps/min)
43,push-up,51,1.5,34.0,8.5,estimated_synthetic,Nakagata et al. 2022 + NCCOR Youth Compendium
61,crunch,368,8.0,46.0,3.29,estimated_synthetic,Nakagata et al. 2019 + NCCOR Youth Compendium curl-ups
35,jumping_jack,116,2.0,58.0,5.8,estimated_synthetic,NCCOR Youth Compendium
49,squat,11,1.0,11.0,6.85,estimated_synthetic,Nakagata et al. 2022 (21–29; 1–6 reps/min)
30,push-up,270,5.0,54.0,8.5,estimated_synthetic,Nakagata et al. 2022 + NCCOR Youth Compendium
43,crunch,48,8.0,6.0,2.44,estimated_synthetic,Nakagata et al. 2019 + NCCOR Youth Compendium curl-ups
30,jumping_jack,12,3.0,4.0,3.99,estimated_synthetic,NCCOR Youth Compendium
65,squat,108,2.0,54.0,8.5,estimated_synthetic,Nakagata et al. 2022 (21–29; 1–6 reps/min)
44,push-up,24,1.5,16.0,6.84,estimated_synthetic,Nakagata et al. 2022 + NCCOR Youth Compendium
65,crunch,384,8.0,48.0,3.45,estimated_synthetic,Nakagata et al. 2019 + NCCOR Youth Compendium curl-ups
19,jumping_jack,70,5.0,14.0,4.41,estimated_synthetic,NCCOR Youth Compendium
54,squat,86,1.5,57.33,8.5,estimated_synthetic,Nakagata et al. 2022 (21–29; 1–6 reps/min)
54,push-up,10,0.5,20.0,7.63,estimated_synthetic,Nakagata et al. 2022 + NCCOR Youth Compendium
70,crunch,8,0.5,16.0,3.06,estimated_synthetic,Nakagata et al. 2019 + NCCOR Youth Compendium curl-ups
57,jumping_jack,280,8.0,35.0,4.66,estimated_synthetic,NCCOR Youth Compendium
53,squat,135,3.0,45.0,8.5,estimated_synthetic,Nakagata et al. 2022 (21–29; 1–6 reps/min)
60,push-up,14,0.5,28.0,7.6,estimated_synthetic,Nakagata et al. 2022 + NCCOR Youth Compendium
16,crunch,60,10.0,6.0,2.38,estimated_synthetic,Nakagata et al. 2019 + NCCOR Youth Compendium curl-ups
42,jumping_jack,24,0.5,48.0,5.42,estimated_synthetic,NCCOR Youth Compendium
69,squat,232,8.0,29.0,8.5,estimated_synthetic,Nakagata et al. 2022 (21–29; 1–6 reps/min)
38,push-up,248,8.0,31.0,8.5,estimated_synthetic,Nakagata et al. 2022 + NCCOR Youth Compendium
24,crunch,480,8.0,60.0,3.53,estimated_synthetic,Nakagata et al. 2019 + NCCOR Youth Compendium curl-ups
48,jumping_jack,21,0.5,42.0,5.11,estimated_synthetic,NCCOR Youth Compendium
25,squat,21,0.5,42.0,8.5,estimated_synthetic,Nakagata et al. 2022 (21–29; 1–6 reps/min)
48,push-up,264,8.0,33.0,8.5,estimated_synthetic,Nakagata et al. 2022 + NCCOR Youth Compendium
59,crunch,69,3.0,23.0,3.33,estimated_synthetic,Nakagata et al. 2019 + NCCOR Youth Compendium curl-ups
15,jumping_jack,36,2.0,18.0,4.55,estimated_synthetic,NCCOR Youth Compendium
47,squat,7,0.5,14.0,8.36,estimated_synthetic,Nakagata et al. 2022 (21–29; 1–6 reps/min)
20,push-up,138,3.0,46.0,8.5,estimated_synthetic,Nakagata et al. 2022 + NCCOR Youth Compendium
29,crunch,45,3.0,15.0,3.07,estimated_synthetic,Nakagata et al. 2019 + NCCOR Youth Compendium curl-ups
34,jumping_jack,72,2.0,36.0,5.02,estimated_synthetic,NCCOR Youth Compendium
36,squat,160,10.0,16.0,8.5,estimated_synthetic,Nakagata et al. 2022 (21–29; 1–6 reps/min)
41,push-up,416,8.0,52.0,8.5,estimated_synthetic,Nakagata et al. 2022 + NCCOR Youth Compendium
36,crunch,12,2.0,6.0,2.49,estimated_synthetic,Nakagata et al. 2019 + NCCOR Youth Compendium curl-ups
65,jumping_jack,280,8.0,35.0,5.11,estimated_synthetic,NCCOR Youth Compendium
20,squat,27,1.0,27.0,8.5,estimated_synthetic,Nakagata et al. 2022 (21–29; 1–6 reps/min)
65,push-up,18,0.5,36.0,8.5,estimated_synthetic,Nakagata et al. 2022 + NCCOR Youth Compendium
70,crunch,33,3.0,11.0,2.67,estimated_synthetic,Nakagata et al. 2019 + NCCOR Youth Compendium curl-ups
17,jumping_jack,54,2.0,27.0,4.56,estimated_synthetic,NCCOR Youth Compendium
30,squat,120,3.0,40.0,8.5,estimated_synthetic,Nakagata et al. 2022 (21–29; 1–6 reps/min)
17,push-up,120,8.0,15.0,6.08,estimated_synthetic,Nakagata et al. 2022 + NCCOR Youth Compendium
67,crunch,27,1.0,27.0,3.19,estimated_synthetic,Nakagata et al. 2019 + NCCOR Youth Compendium curl-ups
22,jumping_jack,23,0.5,46.0,5.51,estimated_synthetic,NCCOR Youth Compendium
60,squat,42,1.5,28.0,8.5,estimated_synthetic,Nakagata et al. 2022 (21–29; 1–6 reps/min)
62,push-up,304,8.0,38.0,8.5,estimated_synthetic,Nakagata et al. 2022 + NCCOR Youth Compendium
58,crunch,41,1.0,41.0,3.24,estimated_synthetic,Nakagata et al. 2019 + NCCOR Youth Compendium curl-ups
41,jumping_jack,63,1.5,42.0,5.37,estimated_synthetic,NCCOR Youth Compendium
70,squat,36,1.0,36.0,8.5,estimated_synthetic,Nakagata et al. 2022 (21–29; 1–6 reps/min)
23,push-up,84,3.0,28.0,8.5,estimated_synthetic,Nakagata et al. 2022 + NCCOR Youth Compendium
43,crunch,48,3.0,16.0,3.0,estimated_synthetic,Nakagata et al. 2019 + NCCOR Youth Compendium curl-ups
31,jumping_jack,171,3.0,57.0,5.9,estimated_synthetic,NCCOR Youth Compendium
69,squat,45,3.0,15.0,7.63,estimated_synthetic,Nakagata et al. 2022 (21–29; 1–6 reps/min)
38,push-up,84,1.5,56.0,8.5,estimated_synthetic,Nakagata et al. 2022 + NCCOR Youth Compendium
25,crunch,21,0.5,42.0,3.41,estimated_synthetic,Nakagata et al. 2019 + NCCOR Youth Compendium curl-ups
57,jumping_jack,70,1.5,46.67,5.31,estimated_synthetic,NCCOR Youth Compendium
21,squat,23,0.5,46.0,8.5,estimated_synthetic,Nakagata et al. 2022 (21–29; 1–6 reps/min)
58,push-up,18,0.5,36.0,8.5,estimated_synthetic,Nakagata et al. 2022 + NCCOR Youth Compendium
42,crunch,280,8.0,35.0,3.63,estimated_synthetic,Nakagata et al. 2019 + NCCOR Youth Compendium curl-ups
40,jumping_jack,46,2.0,23.0,4.45,estimated_synthetic,NCCOR Youth Compendium
36,squat,440,8.0,55.0,8.5,estimated_synthetic,Nakagata et al. 2022 (21–29; 1–6 reps/min)
38,push-up,4,0.5,8.0,5.17,estimated_synthetic,Nakagata et al. 2022 + NCCOR Youth Compendium
33,crunch,114,3.0,38.0,3.38,estimated_synthetic,Nakagata et al. 2019 + NCCOR Youth Compendium curl-ups
61,jumping_jack,8,1.0,8.0,3.82,estimated_synthetic,NCCOR Youth Compendium
65,squat,69,1.5,46.0,8.5,estimated_synthetic,Nakagata et al. 2022 (21–29; 1–6 reps/min)
51,push-up,12,1.5,8.0,5.05,estimated_synthetic,Nakagata et al. 2022 + NCCOR Youth Compendium
64,crunch,210,5.0,42.0,3.42,estimated_synthetic,Nakagata et al. 2019 + NCCOR Youth Compendium curl-ups
29,jumping_jack,38,1.0,38.0,5.09,estimated_synthetic,NCCOR Youth Compendium
48,squat,28,0.5,56.0,8.5,estimated_synthetic,Nakagata et al. 2022 (21–29; 1–6 reps/min)
27,push-up,17,1.0,17.0,6.81,estimated_synthetic,Nakagata et al. 2022 + NCCOR Youth Compendium
50,crunch,104,2.0,52.0,3.36,estimated_synthetic,Nakagata et al. 2019 + NCCOR Youth Compendium curl-ups
41,jumping_jack,25,1.0,25.0,4.8,estimated_synthetic,NCCOR Youth Compendium
16,squat,2,0.5,4.0,2.82,estimated_synthetic,Nakagata et al. 2022 (21–29; 1–6 reps/min)
52,push-up,392,8.0,49.0,8.5,estimated_synthetic,Nakagata et al. 2022 + NCCOR Youth Compendium
51,crunch,56,2.0,28.0,3.27,estimated_synthetic,Nakagata et al. 2019 + NCCOR Youth Compendium curl-ups
31,jumping_jack,255,5.0,51.0,5.8,estimated_synthetic,NCCOR Youth Compendium
49,squat,330,10.0,33.0,8.5,estimated_synthetic,Nakagata et al. 2022 (21–29; 1–6 reps/min)
16,push-up,48,8.0,6.0,4.6,estimated_synthetic,Nakagata et al. 2022 + NCCOR Youth Compendium
17,crunch,3,1.0,3.0,2.38,estimated_synthetic,Nakagata et al. 2019 + NCCOR Youth Compendium curl-ups
46,jumping_jack,20,0.5,40.0,5.02,estimated_synthetic,NCCOR Youth Compendium
29,squat,64,8.0,8.0,4.88,estimated_synthetic,Nakagata et al. 2022 (21–29; 1–6 reps/min)
39,push-up,62,2.0,31.0,8.5,estimated_synthetic,Nakagata et al. 2022 + NCCOR Youth Compendium
20,crunch,26,2.0,13.0,2.74,estimated_synthetic,Nakagata et al. 2019 + NCCOR Youth Compendium curl-ups
57,jumping_jack,14,0.5,28.0,4.61,estimated_synthetic,NCCOR Youth Compendium
67,squat,35,5.0,7.0,4.19,estimated_synthetic,Nakagata et al. 2022 (21–29; 1–6 reps/min)
35,push-up,168,8.0,21.0,7.7,estimated_synthetic,Nakagata et al. 2022 + NCCOR Youth Compendium
52,crunch,4,1.5,2.67,2.25,estimated_synthetic,Nakagata et al. 2019 + NCCOR Youth Compendium curl-ups
28,jumping_jack,60,10.0,6.0,3.86,estimated_synthetic,NCCOR Youth Compendium
33,squat,21,3.0,7.0,4.33,estimated_synthetic,Nakagata et al. 2022 (21–29; 1–6 reps/min)
55,push-up,23,1.0,23.0,8.07,estimated_synthetic,Nakagata et al. 2022 + NCCOR Youth Compendium
37,crunch,140,10.0,14.0,2.85,estimated_synthetic,Nakagata et al. 2019 + NCCOR Youth Compendium curl-ups
56,jumping_jack,84,3.0,28.0,4.66,estimated_synthetic,NCCOR Youth Compendium
60,squat,14,0.5,28.0,8.5,estimated_synthetic,Nakagata et al. 2022 (21–29; 1–6 reps/min)
56,push-up,175,5.0,35.0,8.5,estimated_synthetic,Nakagata et al. 2022 + NCCOR Youth Compendium
39,crunch,57,3.0,19.0,3.15,estimated_synthetic,Nakagata et al. 2019 + NCCOR Youth Compendium curl-ups
16,jumping_jack,84,1.5,56.0,5.73,estimated_synthetic,NCCOR Youth Compendium
60,squat,352,8.0,44.0,8.5,estimated_synthetic,Nakagata et al. 2022 (21–29; 1–6 reps/min)
61,push-up,11,0.5,22.0,6.41,estimated_synthetic,Nakagata et al. 2022 + NCCOR Youth Compendium
15,crunch,328,8.0,41.0,3.43,estimated_synthetic,Nakagata et al. 2019 + NCCOR Youth Compendium curl-ups
65,jumping_jack,39,3.0,13.0,4.29,estimated_synthetic,NCCOR Youth Compendium
26,squat,40,8.0,5.0,3.16,estimated_synthetic,Nakagata et al. 2022 (21–29; 1–6 reps/min)
63,push-up,90,10.0,9.0,4.75,estimated_synthetic,Nakagata et al. 2022 + NCCOR Youth Compendium
56,crunch,128,8.0,16.0,3.24,estimated_synthetic,Nakagata et al. 2019 + NCCOR Youth Compendium curl-ups
34,jumping_jack,10,0.5,20.0,4.27,estimated_synthetic,NCCOR Youth Compendium
46,squat,106,2.0,53.0,8.5,estimated_synthetic,Nakagata et al. 2022 (21–29; 1–6 reps/min)
24,push-up,87,1.5,58.0,8.5,estimated_synthetic,Nakagata et al. 2022 + NCCOR Youth Compendium
33,crunch,96,2.0,48.0,3.45,estimated_synthetic,Nakagata et al. 2019 + NCCOR Youth Compendium curl-ups
23,jumping_jack,100,2.0,50.0,5.47,estimated_synthetic,NCCOR Youth Compendium
65,squat,116,2.0,58.0,8.5,estimated_synthetic,Nakagata et al. 2022 (21–29; 1–6 reps/min)
65,push-up,80,1.5,53.33,8.5,estimated_synthetic,Nakagata et al. 2022 + NCCOR Youth Compendium
55,crunch,86,1.5,57.33,3.44,estimated_synthetic,Nakagata et al. 2019 + NCCOR Youth Compendium curl-ups
62,jumping_jack,460,10.0,46.0,5.29,estimated_synthetic,NCCOR Youth Compendium
63,squat,224,8.0,28.0,8.5,estimated_synthetic,Nakagata et al. 2022 (21–29; 1–6 reps/min)
54,push-up,150,5.0,30.0,8.5,estimated_synthetic,Nakagata et al. 2022 + NCCOR Youth Compendium
33,crunch,69,3.0,23.0,3.31,estimated_synthetic,Nakagata et al. 2019 + NCCOR Youth Compendium curl-ups
64,jumping_jack,65,5.0,13.0,4.07,estimated_synthetic,NCCOR Youth Compendium
63,squat,104,8.0,13.0,6.68,estimated_synthetic,Nakagata et al. 2022 (21–29; 1–6 reps/min)
15,push-up,30,5.0,6.0,4.65,estimated_synthetic,Nakagata et al. 2022 + NCCOR Youth Compendium
66,crunch,392,8.0,49.0,3.29,estimated_synthetic,Nakagata et al. 2019 + NCCOR Youth Compendium curl-ups
37,jumping_jack,4,0.5,8.0,4.07,estimated_synthetic,NCCOR Youth Compendium
19,squat,36,3.0,12.0,6.9,estimated_synthetic,Nakagata et al. 2022 (21–29; 1–6 reps/min)
64,push-up,110,5.0,22.0,6.58,estimated_synthetic,Nakagata et al. 2022 + NCCOR Youth Compendium
68,crunch,280,10.0,28.0,3.28,estimated_synthetic,Nakagata et al. 2019 + NCCOR Youth Compendium curl-ups
62,jumping_jack,320,10.0,32.0,5.0,estimated_synthetic,NCCOR Youth Compendium
19,squat,360,8.0,45.0,8.5,estimated_synthetic,Nakagata et al. 2022 (21–29; 1–6 reps/min)
63,push-up,75,1.5,50.0,8.5,estimated_synthetic,Nakagata et al. 2022 + NCCOR Youth Compendium
66,crunch,11,0.5,22.0,3.27,estimated_synthetic,Nakagata et al. 2019 + NCCOR Youth Compendium curl-ups
31,jumping_jack,170,5.0,34.0,5.09,estimated_synthetic,NCCOR Youth Compendium
51,squat,42,3.0,14.0,8.34,estimated_synthetic,Nakagata et al. 2022 (21–29; 1–6 reps/min)
51,push-up,400,8.0,50.0,8.5,estimated_synthetic,Nakagata et al. 2022 + NCCOR Youth Compendium
69,crunch,78,2.0,39.0,3.42,estimated_synthetic,Nakagata et al. 2019 + NCCOR Youth Compendium curl-ups
16,jumping_jack,130,10.0,13.0,4.21,estimated_synthetic,NCCOR Youth Compendium
19,squat,126,3.0,42.0,8.5,estimated_synthetic,Nakagata et al. 2022 (21–29; 1–6 reps/min)
55,push-up,40,5.0,8.0,4.8,estimated_synthetic,Nakagata et al. 2022 + NCCOR Youth Compendium
45,crunch,177,3.0,59.0,3.42,estimated_synthetic,Nakagata et al. 2019 + NCCOR Youth Compendium curl-ups
33,jumping_jack,105,5.0,21.0,4.61,estimated_synthetic,NCCOR Youth Compendium
61,squat,26,1.0,26.0,8.5,estimated_synthetic,Nakagata et al. 2022 (21–29; 1–6 reps/min)
58,push-up,33,1.0,33.0,8.5,estimated_synthetic,Nakagata et al. 2022 + NCCOR Youth Compendium
22,crunch,245,5.0,49.0,3.44,estimated_synthetic,Nakagata et al. 2019 + NCCOR Youth Compendium curl-ups
26,jumping_jack,108,3.0,36.0,5.37,estimated_synthetic,NCCOR Youth Compendium
68,squat,275,5.0,55.0,8.5,estimated_synthetic,Nakagata et al. 2022 (21–29; 1–6 reps/min)
49,push-up,8,0.5,16.0,6.69,estimated_synthetic,Nakagata et al. 2022 + NCCOR Youth Compendium
28,crunch,62,2.0,31.0,3.43,estimated_synthetic,Nakagata et al. 2019 + NCCOR Youth Compendium curl-ups
56,jumping_jack,135,5.0,27.0,4.76,estimated_synthetic,NCCOR Youth Compendium
30,squat,118,2.0,59.0,8.5,estimated_synthetic,Nakagata et al. 2022 (21–29; 1–6 reps/min)
28,push-up,520,10.0,52.0,8.5,estimated_synthetic,Nakagata et al. 2022 + NCCOR Youth Compendium
59,crunch,82,1.5,54.67,3.42,estimated_synthetic,Nakagata et al. 2019 + NCCOR Youth Compendium curl-ups
70,jumping_jack,12,3.0,4.0,3.82,estimated_synthetic,NCCOR Youth Compendium
17,squat,22,0.5,44.0,8.5,estimated_synthetic,Nakagata et al. 2022 (21–29; 1–6 reps/min)
66,push-up,40,1.5,26.67,7.31,estimated_synthetic,Nakagata et al. 2022 + NCCOR Youth Compendium
22,crunch,45,3.0,15.0,3.12,estimated_synthetic,Nakagata et al. 2019 + NCCOR Youth Compendium curl-ups
23,jumping_jack,93,3.0,31.0,4.77,estimated_synthetic,NCCOR Youth Compendium
42,squat,360,8.0,45.0,8.5,estimated_synthetic,Nakagata et al. 2022 (21–29; 1–6 reps/min)
25,push-up,14,0.5,28.0,8.5,estimated_synthetic,Nakagata et al. 2022 + NCCOR Youth Compendium
53,crunch,16,0.5,32.0,3.4,estimated_synthetic,Nakagata et al. 2019 + NCCOR Youth Compendium curl-ups
59,jumping_jack,105,3.0,35.0,4.89,estimated_synthetic,NCCOR Youth Compendium
52,squat,22,0.5,44.0,8.5,estimated_synthetic,Nakagata et al. 2022 (21–29; 1–6 reps/min)
28,push-up,52,2.0,26.0,8.5,estimated_synthetic,Nakagata et al. 2022 + NCCOR Youth Compendium
49,crunch,400,10.0,40.0,3.45,estimated_synthetic,Nakagata et al. 2019 + NCCOR Youth Compendium curl-ups
17,jumping_jack,46,2.0,23.0,4.31,estimated_synthetic,NCCOR Youth Compendium
23,squat,250,10.0,25.0,8.5,estimated_synthetic,Nakagata et al. 2022 (21–29; 1–6 reps/min)
68,push-up,114,2.0,57.0,8.5,estimated_synthetic,Nakagata et al. 2022 + NCCOR Youth Compendium
30,crunch,110,10.0,11.0,2.92,estimated_synthetic,Nakagata et al. 2019 + NCCOR Youth Compendium curl-ups
61,jumping_jack,111,3.0,37.0,5.01,estimated_synthetic,NCCOR Youth Compendium
18,squat,86,1.5,57.33,8.5,estimated_synthetic,Nakagata et al. 2022 (21–29; 1–6 reps/min)
34,push-up,11,1.0,11.0,5.62,estimated_synthetic,Nakagata et al. 2022 + NCCOR Youth Compendium
24,crunch,34,1.5,22.67,3.33,estimated_synthetic,Nakagata et al. 2019 + NCCOR Youth Compendium curl-ups
43,jumping_jack,14,1.0,14.0,4.3,estimated_synthetic,NCCOR Youth Compendium
41,squat,11,0.5,22.0,8.5,estimated_synthetic,Nakagata et al. 2022 (21–29; 1–6 reps/min)
52,push-up,205,5.0,41.0,8.5,estimated_synthetic,Nakagata et al. 2022 + NCCOR Youth Compendium
42,crunch,424,8.0,53.0,3.42,estimated_synthetic,Nakagata et al. 2019 + NCCOR Youth Compendium curl-ups
18,jumping_jack,180,10.0,18.0,4.46,estimated_synthetic,NCCOR Youth Compendium
21,squat,42,3.0,14.0,8.5,estimated_synthetic,Nakagata et al. 2022 (21–29; 1–6 reps/min)
27,push-up,49,1.0,49.0,8.5,estimated_synthetic,Nakagata et al. 2022 + NCCOR Youth Compendium
66,crunch,69,3.0,23.0,3.51,estimated_synthetic,Nakagata et al. 2019 + NCCOR Youth Compendium curl-ups
69,jumping_jack,10,2.0,5.0,3.7,estimated_synthetic,NCCOR Youth Compendium
54,squat,56,1.0,56.0,8.5,estimated_synthetic,Nakagata et al. 2022 (21–29; 1–6 reps/min)
24,push-up,33,1.5,22.0,7.83,estimated_synthetic,Nakagata et al. 2022 + NCCOR Youth Compendium
68,crunch,50,1.5,33.33,3.4,estimated_synthetic,Nakagata et al. 2019 + NCCOR Youth Compendium curl-ups
48,jumping_jack,456,8.0,57.0,5.91,estimated_synthetic,NCCOR Youth Compendium
40,squat,31,1.0,31.0,8.5,estimated_synthetic,Nakagata et al. 2022 (21–29; 1–6 reps/min)
48,push-up,240,10.0,24.0,8.47,estimated_synthetic,Nakagata et al. 2022 + NCCOR Youth Compendium
70,crunch,95,5.0,19.0,3.15,estimated_synthetic,Nakagata et al. 2019 + NCCOR Youth Compendium curl-ups
51,jumping_jack,63,3.0,21.0,4.48,estimated_synthetic,NCCOR Youth Compendium
35,squat,128,8.0,16.0,8.5,estimated_synthetic,Nakagata et al. 2022 (21–29; 1–6 reps/min)
28,push-up,21,0.5,42.0,8.5,estimated_synthetic,Nakagata et al. 2022 + NCCOR Youth Compendium
38,crunch,108,2.0,54.0,3.36,estimated_synthetic,Nakagata et al. 2019 + NCCOR Youth Compendium curl-ups
39,jumping_jack,9,3.0,3.0,3.85,estimated_synthetic,NCCOR Youth Compendium
47,squat,30,1.0,30.0,8.5,estimated_synthetic,Nakagata et al. 2022 (21–29; 1–6 reps/min)
51,push-up,320,10.0,32.0,8.5,estimated_synthetic,Nakagata et al. 2022 + NCCOR Youth Compendium
33,crunch,64,1.5,42.67,3.43,estimated_synthetic,Nakagata et al. 2019 + NCCOR Youth Compendium curl-ups
32,jumping_jack,70,1.5,46.67,5.36,estimated_synthetic,NCCOR Youth Compendium
56,squat,160,10.0,16.0,8.5,estimated_synthetic,Nakagata et al. 2022 (21–29; 1–6 reps/min)
29,push-up,50,10.0,5.0,4.59,estimated_synthetic,Nakagata et al. 2022 + NCCOR Youth Compendium
49,crunch,85,5.0,17.0,3.06,estimated_synthetic,Nakagata et al. 2019 + NCCOR Youth Compendium curl-ups
49,jumping_jack,10,0.5,20.0,4.16,estimated_synthetic,NCCOR Youth Compendium
62,squat,24,8.0,3.0,2.63,estimated_synthetic,Nakagata et al. 2022 (21–29; 1–6 reps/min)
20,push-up,108,2.0,54.0,8.5,estimated_synthetic,Nakagata et al. 2022 + NCCOR Youth Compendium
18,crunch,424,8.0,53.0,3.47,estimated_synthetic,Nakagata et al. 2019 + NCCOR Youth Compendium curl-ups
31,jumping_jack,45,5.0,9.0,4.06,estimated_synthetic,NCCOR Youth Compendium
60,squat,54,1.0,54.0,8.5,estimated_synthetic,Nakagata et al. 2022 (21–29; 1–6 reps/min)
63,push-up,60,5.0,12.0,5.2,estimated_synthetic,Nakagata et al. 2022 + NCCOR Youth Compendium
42,crunch,70,5.0,14.0,2.88,estimated_synthetic,Nakagata et al. 2019 + NCCOR Youth Compendium curl-ups
25,jumping_jack,96,8.0,12.0,4.03,estimated_synthetic,NCCOR Youth Compendium
26,squat,150,10.0,15.0,8.5,estimated_synthetic,Nakagata et al. 2022 (21–29; 1–6 reps/min)
42,push-up,24,2.0,12.0,5.87,estimated_synthetic,Nakagata et al. 2022 + NCCOR Youth Compendium
39,crunch,34,1.5,22.67,3.43,estimated_synthetic,Nakagata et al. 2019 + NCCOR Youth Compendium curl-ups
21,jumping_jack,8,1.0,8.0,3.88,estimated_synthetic,NCCOR Youth Compendium
39,squat,40,8.0,5.0,2.98,estimated_synthetic,Nakagata et al. 2022 (21–29; 1–6 reps/min)
18,push-up,380,10.0,38.0,8.5,estimated_synthetic,Nakagata et al. 2022 + NCCOR Youth Compendium
30,crunch,12,1.0,12.0,2.99,estimated_synthetic,Nakagata et al. 2019 + NCCOR Youth Compendium curl-ups
59,jumping_jack,177,3.0,59.0,5.71,estimated_synthetic,NCCOR Youth Compendium
59,squat,23,0.5,46.0,8.5,estimated_synthetic,Nakagata et al. 2022 (21–29; 1–6 reps/min)
68,push-up,22,1.5,14.67,5.62,estimated_synthetic,Nakagata et al. 2022 + NCCOR Youth Compendium
41,crunch,120,10.0,12.0,2.77,estimated_synthetic,Nakagata et al. 2019 + NCCOR Youth Compendium curl-ups
23,jumping_jack,52,2.0,26.0,4.46,estimated_synthetic,NCCOR Youth Compendium
65,squat,16,0.5,32.0,8.5,estimated_synthetic,Nakagata et al. 2022 (21–29; 1–6 reps/min)
55,push-up,28,0.5,56.0,8.5,estimated_synthetic,Nakagata et al. 2022 + NCCOR Youth Compendium
44,crunch,24,0.5,48.0,3.23,estimated_synthetic,Nakagata et al. 2019 + NCCOR Youth Compendium curl-ups
25,jumping_jack,59,1.0,59.0,5.89,estimated_synthetic,NCCOR Youth Compendium
48,squat,336,8.0,42.0,8.5,estimated_synthetic,Nakagata et al. 2022 (21–29; 1–6 reps/min)
28,push-up,205,5.0,41.0,8.5,estimated_synthetic,Nakagata et al. 2022 + NCCOR Youth Compendium
18,crunch,328,8.0,41.0,3.38,estimated_synthetic,Nakagata et al. 2019 + NCCOR Youth Compendium curl-ups
50,jumping_jack,56,1.5,37.33,4.92,estimated_synthetic,NCCOR Youth Compendium
44,squat,39,1.5,26.0,8.5,estimated_synthetic,Nakagata et al. 2022 (21–29; 1–6 reps/min)
56,push-up,272,8.0,34.0,8.5,estimated_synthetic,Nakagata et al. 2022 + NCCOR Youth Compendium
59,crunch,42,2.0,21.0,3.27,estimated_synthetic,Nakagata et al. 2019 + NCCOR Youth Compendium curl-ups
20,jumping_jack,57,1.5,38.0,5.0,estimated_synthetic,NCCOR Youth Compendium
32,squat,30,0.5,60.0,8.5,estimated_synthetic,Nakagata et al. 2022 (21–29; 1–6 reps/min)
66,push-up,180,10.0,18.0,5.93,estimated_synthetic,Nakagata et al. 2022 + NCCOR Youth Compendium
32,crunch,177,3.0,59.0,3.51,estimated_synthetic,Nakagata et al. 2019 + NCCOR Youth Compendium curl-ups
29,jumping_jack,84,2.0,42.0,5.21,estimated_synthetic,NCCOR Youth Compendium
30,squat,12,3.0,4.0,2.89,estimated_synthetic,Nakagata et al. 2022 (21–29; 1–6 reps/min)
27,push-up,38,1.0,38.0,8.5,estimated_synthetic,Nakagata et al. 2022 + NCCOR Youth Compendium
18,crunch,340,10.0,34.0,3.25,estimated_synthetic,Nakagata et al. 2019 + NCCOR Youth Compendium curl-ups
47,jumping_jack,30,0.5,60.0,5.78,estimated_synthetic,NCCOR Youth Compendium
53,squat,60,1.0,60.0,8.5,estimated_synthetic,Nakagata et al. 2022 (21–29; 1–6 reps/min)
43,push-up,14,0.5,28.0,8.5,estimated_synthetic,Nakagata et al. 2022 + NCCOR Youth Compendium
29,crunch,86,2.0,43.0,3.43,estimated_synthetic,Nakagata et al. 2019 + NCCOR Youth Compendium curl-ups
30,jumping_jack,180,5.0,36.0,5.06,estimated_synthetic,NCCOR Youth Compendium
24,squat,40,5.0,8.0,4.94,estimated_synthetic,Nakagata et al. 2022 (21–29; 1–6 reps/min)
20,push-up,30,10.0,3.0,3.59,estimated_synthetic,Nakagata et al. 2022 + NCCOR Youth Compendium
70,crunch,235,5.0,47.0,3.54,estimated_synthetic,Nakagata et al. 2019 + NCCOR Youth Compendium curl-ups
31,jumping_jack,240,8.0,30.0,4.7,estimated_synthetic,NCCOR Youth Compendium
18,squat,40,10.0,4.0,2.9,estimated_synthetic,Nakagata et al. 2022 (21–29; 1–6 reps/min)
53,push-up,245,5.0,49.0,8.5,estimated_synthetic,Nakagata et al. 2022 + NCCOR Youth Compendium
63,crunch,50,1.5,33.33,3.4,estimated_synthetic,Nakagata et al. 2019 + NCCOR Youth Compendium curl-ups
31,jumping_jack,12,2.0,6.0,3.81,estimated_synthetic,NCCOR Youth Compendium
52,squat,78,1.5,52.0,8.5,estimated_synthetic,Nakagata et al. 2022 (21–29; 1–6 reps/min)
56,push-up,580,10.0,58.0,8.5,estimated_synthetic,Nakagata et al. 2022 + NCCOR Youth Compendium
27,crunch,51,1.5,34.0,3.44,estimated_synthetic,Nakagata et al. 2019 + NCCOR Youth Compendium curl-ups
63,jumping_jack,9,0.5,18.0,4.44,estimated_synthetic,NCCOR Youth Compendium
15,squat,328,8.0,41.0,8.5,estimated_synthetic,Nakagata et al. 2022 (21–29; 1–6 reps/min)
20,push-up,8,0.5,16.0,6.56,estimated_synthetic,Nakagata et al. 2022 + NCCOR Youth Compendium
47,crunch,36,3.0,12.0,2.98,estimated_synthetic,Nakagata et al. 2019 + NCCOR Youth Compendium curl-ups
21,jumping_jack,26,1.5,17.33,4.51,estimated_synthetic,NCCOR Youth Compendium
62,squat,69,3.0,23.0,8.5,estimated_synthetic,Nakagata et al. 2022 (21–29; 1–6 reps/min)
27,push-up,25,0.5,50.0,8.5,estimated_synthetic,Nakagata et al. 2022 + NCCOR Youth Compendium
60,crunch,600,10.0,60.0,3.47,estimated_synthetic,Nakagata et al. 2019 + NCCOR Youth Compendium curl-ups
29,jumping_jack,25,1.0,25.0,4.54,estimated_synthetic,NCCOR Youth Compendium
48,squat,90,5.0,18.0,8.5,estimated_synthetic,Nakagata et al. 2022 (21–29; 1–6 reps/min)
46,push-up,48,3.0,16.0,6.61,estimated_synthetic,Nakagata et al. 2022 + NCCOR Youth Compendium
22,crunch,33,1.5,22.0,3.52,estimated_synthetic,Nakagata et al. 2019 + NCCOR Youth Compendium curl-ups
23,jumping_jack,220,5.0,44.0,5.4,estimated_synthetic,NCCOR Youth Compendium
35,squat,155,5.0,31.0,8.5,estimated_synthetic,Nakagata et al. 2022 (21–29; 1–6 reps/min)
28,push-up,216,8.0,27.0,8.5,estimated_synthetic,Nakagata et al. 2022 + NCCOR Youth Compendium
24,crunch,15,1.5,10.0,2.74,estimated_synthetic,Nakagata et al. 2019 + NCCOR Youth Compendium curl-ups
15,jumping_jack,28,2.0,14.0,4.05,estimated_synthetic,NCCOR Youth Compendium
27,squat,15,0.5,30.0,8.5,estimated_synthetic,Nakagata et al. 2022 (21–29; 1–6 reps/min)
43,push-up,27,0.5,54.0,8.5,estimated_synthetic,Nakagata et al. 2022 + NCCOR Youth Compendium
17,crunch,2,0.5,4.0,2.3,estimated_synthetic,Nakagata et al. 2019 + NCCOR Youth Compendium curl-ups
59,jumping_jack,410,10.0,41.0,5.34,estimated_synthetic,NCCOR Youth Compendium
55,squat,304,8.0,38.0,8.5,estimated_synthetic,Nakagata et al. 2022 (21–29; 1–6 reps/min)
27,push-up,46,2.0,23.0,8.11,estimated_synthetic,Nakagata et al. 2022 + NCCOR Youth Compendium
42,crunch,580,10.0,58.0,3.48,estimated_synthetic,Nakagata et al. 2019 + NCCOR Youth Compendium curl-ups
49,jumping_jack,570,10.0,57.0,5.9,estimated_synthetic,NCCOR Youth Compendium
40,squat,39,1.5,26.0,8.5,estimated_synthetic,Nakagata et al. 2022 (21–29; 1–6 reps/min)
65,push-up,64,2.0,32.0,7.94,estimated_synthetic,Nakagata et al. 2022 + NCCOR Youth Compendium
37,crunch,240,10.0,24.0,3.55,estimated_synthetic,Nakagata et al. 2019 + NCCOR Youth Compendium curl-ups
29,jumping_jack,123,3.0,41.0,5.18,estimated_synthetic,NCCOR Youth Compendium
52,squat,46,1.0,46.0,8.5,estimated_synthetic,Nakagata et al. 2022 (21–29; 1–6 reps/min)
68,push-up,46,2.0,23.0,6.49,estimated_synthetic,Nakagata et al. 2022 + NCCOR Youth Compendium
64,crunch,62,2.0,31.0,3.49,estimated_synthetic,Nakagata et al. 2019 + NCCOR Youth Compendium curl-ups
52,jumping_jack,384,8.0,48.0,5.52,estimated_synthetic,NCCOR Youth Compendium
25,squat,144,8.0,18.0,8.5,estimated_synthetic,Nakagata et al. 2022 (21–29; 1–6 reps/min)
18,push-up,5,1.0,5.0,4.45,estimated_synthetic,Nakagata et al. 2022 + NCCOR Youth Compendium
26,crunch,39,1.0,39.0,3.42,estimated_synthetic,Nakagata et al. 2019 + NCCOR Youth Compendium curl-ups
27,jumping_jack,205,5.0,41.0,5.17,estimated_synthetic,NCCOR Youth Compendium
25,squat,75,3.0,25.0,8.5,estimated_synthetic,Nakagata et al. 2022 (21–29; 1–6 reps/min)
44,push-up,490,10.0,49.0,8.5,estimated_synthetic,Nakagata et al. 2022 + NCCOR Youth Compendium
51,crunch,33,1.5,22.0,3.32,estimated_synthetic,Nakagata et al. 2019 + NCCOR Youth Compendium curl-ups
20,jumping_jack,18,0.5,36.0,5.01,estimated_synthetic,NCCOR Youth Compendium
17,squat,17,0.5,34.0,8.5,estimated_synthetic,Nakagata et al. 2022 (21–29; 1–6 reps/min)
61,push-up,19,0.5,38.0,8.5,estimated_synthetic,Nakagata et al. 2022 + NCCOR Youth Compendium
28,crunch,240,10.0,24.0,3.47,estimated_synthetic,Nakagata et al. 2019 + NCCOR Youth Compendium curl-ups
54,jumping_jack,54,1.0,54.0,5.7,estimated_synthetic,NCCOR Youth Compendium
23,squat,87,1.5,58.0,8.5,estimated_synthetic,Nakagata et al. 2022 (21–29; 1–6 reps/min)
52,push-up,20,1.0,20.0,7.31,estimated_synthetic,Nakagata et al. 2022 + NCCOR Youth Compendium
54,crunch,53,1.0,53.0,3.28,estimated_synthetic,Nakagata et al. 2019 + NCCOR Youth Compendium curl-ups
48,jumping_jack,54,2.0,27.0,4.56,estimated_synthetic,NCCOR Youth Compendium
62,squat,57,1.0,57.0,8.5,estimated_synthetic,Nakagata et al. 2022 (21–29; 1–6 reps/min)
59,push-up,126,3.0,42.0,8.5,estimated_synthetic,Nakagata et al. 2022 + NCCOR Youth Compendium
44,crunch,88,1.5,58.67,3.54,estimated_synthetic,Nakagata et al. 2019 + NCCOR Youth Compendium curl-ups
19,jumping_jack,600,10.0,60.0,6.08,estimated_synthetic,NCCOR Youth Compendium
42,squat,26,1.5,17.33,8.5,estimated_synthetic,Nakagata et al. 2022 (21–29; 1–6 reps/min)
46,push-up,32,2.0,16.0,6.7,estimated_synthetic,Nakagata et al. 2022 + NCCOR Youth Compendium
49,crunch,18,0.5,36.0,3.35,estimated_synthetic,Nakagata et al. 2019 + NCCOR Youth Compendium curl-ups
49,jumping_jack,5,0.5,10.0,4.08,estimated_synthetic,NCCOR Youth Compendium
56,squat,105,5.0,21.0,8.5,estimated_synthetic,Nakagata et al. 2022 (21–29; 1–6 reps/min)
39,push-up,48,1.5,32.0,8.5,estimated_synthetic,Nakagata et al. 2022 + NCCOR Youth Compendium
24,crunch,90,10.0,9.0,2.56,estimated_synthetic,Nakagata et al. 2019 + NCCOR Youth Compendium curl-ups
67,jumping_jack,570,10.0,57.0,5.78,estimated_synthetic,NCCOR Youth Compendium
42,squat,18,0.5,36.0,8.5,estimated_synthetic,Nakagata et al. 2022 (21–29; 1–6 reps/min)
44,push-up,18,0.5,36.0,8.5,estimated_synthetic,Nakagata et al. 2022 + NCCOR Youth Compendium
46,crunch,45,1.5,30.0,3.35,estimated_synthetic,Nakagata et al. 2019 + NCCOR Youth Compendium curl-ups
43,jumping_jack,68,2.0,34.0,4.79,estimated_synthetic,NCCOR Youth Compendium
57,squat,26,1.0,26.0,8.5,estimated_synthetic,Nakagata et al. 2022 (21–29; 1–6 reps/min)
45,push-up,460,10.0,46.0,8.5,estimated_synthetic,Nakagata et al. 2022 + NCCOR Youth Compendium
59,crunch,210,5.0,42.0,3.48,estimated_synthetic,Nakagata et al. 2019 + NCCOR Youth Compendium curl-ups
36,jumping_jack,320,8.0,40.0,5.06,estimated_synthetic,NCCOR Youth Compendium
37,squat,117,3.0,39.0,8.5,estimated_synthetic,Nakagata et al. 2022 (21–29; 1–6 reps/min)
63,push-up,6,1.0,6.0,4.34,estimated_synthetic,Nakagata et al. 2022 + NCCOR Youth Compendium
49,crunch,12,0.5,24.0,3.17,estimated_synthetic,Nakagata et al. 2019 + NCCOR Youth Compendium curl-ups
65,jumping_jack,112,2.0,56.0,5.91,estimated_synthetic,NCCOR Youth Compendium
55,squat,256,8.0,32.0,8.5,estimated_synthetic,Nakagata et al. 2022 (21–29; 1–6 reps/min)
55,push-up,120,5.0,24.0,8.3,estimated_synthetic,Nakagata et al. 2022 + NCCOR Youth Compendium
52,crunch,75,1.5,50.0,3.42,estimated_synthetic,Nakagata et al. 2019 + NCCOR Youth Compendium curl-ups
68,jumping_jack,230,5.0,46.0,5.37,estimated_synthetic,NCCOR Youth Compendium
39,squat,54,1.5,36.0,8.5,estimated_synthetic,Nakagata et al. 2022 (21–29; 1–6 reps/min)
70,push-up,18,0.5,36.0,8.5,estimated_synthetic,Nakagata et al. 2022 + NCCOR Youth Compendium
68,crunch,6,0.5,12.0,2.63,estimated_synthetic,Nakagata et al. 2019 + NCCOR Youth Compendium curl-ups
26,jumping_jack,9,1.0,9.0,4.21,estimated_synthetic,NCCOR Youth Compendium
16,squat,180,5.0,36.0,8.5,estimated_synthetic,Nakagata et al. 2022 (21–29; 1–6 reps/min)
20,push-up,30,3.0,10.0,5.32,estimated_synthetic,Nakagata et al. 2022 + NCCOR Youth Compendium
15,crunch,120,3.0,40.0,3.34,estimated_synthetic,Nakagata et al. 2019 + NCCOR Youth Compendium curl-ups
15,jumping_jack,46,1.5,30.67,4.69,estimated_synthetic,NCCOR Youth Compendium
58,squat,24,0.5,48.0,8.5,estimated_synthetic,Nakagata et al. 2022 (21–29; 1–6 reps/min)
16,push-up,21,0.5,42.0,8.5,estimated_synthetic,Nakagata et al. 2022 + NCCOR Youth Compendium
36,crunch,58,1.5,38.67,3.32,estimated_synthetic,Nakagata et al. 2019 + NCCOR Youth Compendium curl-ups
27,jumping_jack,40,10.0,4.0,3.76,estimated_synthetic,NCCOR Youth Compendium
63,squat,114,2.0,57.0,8.5,estimated_synthetic,Nakagata et al. 2022 (21–29; 1–6 reps/min)
28,push-up,150,10.0,15.0,6.4,estimated_synthetic,Nakagata et al. 2022 + NCCOR Youth Compendium
45,crunch,40,1.0,40.0,3.42,estimated_synthetic,Nakagata et al. 2019 + NCCOR Youth Compendium curl-ups
37,jumping_jack,20,5.0,4.0,4.15,estimated_synthetic,NCCOR Youth Compendium
29,squat,408,8.0,51.0,8.5,estimated_synthetic,Nakagata et al. 2022 (21–29; 1–6 reps/min)
68,push-up,15,1.0,15.0,5.58,estimated_synthetic,Nakagata et al. 2022 + NCCOR Youth Compendium
33,crunch,140,10.0,14.0,2.92,estimated_synthetic,Nakagata et al. 2019 + NCCOR Youth Compendium curl-ups
37,jumping_jack,135,3.0,45.0,5.41,estimated_synthetic,NCCOR Youth Compendium
50,squat,123,3.0,41.0,8.5,estimated_synthetic,Nakagata et al. 2022 (21–29; 1–6 reps/min)
40,push-up,117,3.0,39.0,8.5,estimated_synthetic,Nakagata et al. 2022 + NCCOR Youth Compendium
34,crunch,27,1.0,27.0,3.4,estimated_synthetic,Nakagata et al. 2019 + NCCOR Youth Compendium curl-ups
64,jumping_jack,280,5.0,56.0,5.82,estimated_synthetic,NCCOR Youth Compendium
18,squat,4,1.0,4.0,2.89,estimated_synthetic,Nakagata et al. 2022 (21–29; 1–6 reps/min)
39,push-up,5,1.0,5.0,4.43,estimated_synthetic,Nakagata et al. 2022 + NCCOR Youth Compendium
38,crunch,39,1.5,26.0,3.45,estimated_synthetic,Nakagata et al. 2019 + NCCOR Youth Compendium curl-ups
15,jumping_jack,11,1.0,11.0,4.03,estimated_synthetic,NCCOR Youth Compendium
29,squat,168,8.0,21.0,8.5,estimated_synthetic,Nakagata et al. 2022 (21–29; 1–6 reps/min)
48,push-up,304,8.0,38.0,8.5,estimated_synthetic,Nakagata et al. 2022 + NCCOR Youth Compendium
49,crunch,400,8.0,50.0,3.47,estimated_synthetic,Nakagata et al. 2019 + NCCOR Youth Compendium curl-ups
32,jumping_jack,57,1.5,38.0,4.73,estimated_synthetic,NCCOR Youth Compendium
26,squat,424,8.0,53.0,8.5,estimated_synthetic,Nakagata et al. 2022 (21–29; 1–6 reps/min)
53,push-up,59,1.0,59.0,8.5,estimated_synthetic,Nakagata et al. 2022 + NCCOR Youth Compendium
34,crunch,170,10.0,17.0,3.07,estimated_synthetic,Nakagata et al. 2019 + NCCOR Youth Compendium curl-ups
50,jumping_jack,98,2.0,49.0,5.64,estimated_synthetic,NCCOR Youth Compendium
46,squat,200,10.0,20.0,8.5,estimated_synthetic,Nakagata et al. 2022 (21–29; 1–6 reps/min)
28,push-up,50,1.0,50.0,8.5,estimated_synthetic,Nakagata et al. 2022 + NCCOR Youth Compendium
62,crunch,95,5.0,19.0,3.19,estimated_synthetic,Nakagata et al. 2019 + NCCOR Youth Compendium curl-ups
44,jumping_jack,12,1.0,12.0,4.03,estimated_synthetic,NCCOR Youth Compendium
42,squat,14,0.5,28.0,8.5,estimated_synthetic,Nakagata et al. 2022 (21–29; 1–6 reps/min)
56,push-up,60,1.5,40.0,8.5,estimated_synthetic,Nakagata et al. 2022 + NCCOR Youth Compendium
45,crunch,2,0.5,4.0,2.34,estimated_synthetic,Nakagata et al. 2019 + NCCOR Youth Compendium curl-ups
59,jumping_jack,57,3.0,19.0,4.27,estimated_synthetic,NCCOR Youth Compendium
61,squat,80,1.5,53.33,8.5,estimated_synthetic,Nakagata et al. 2022 (21–29; 1–6 reps/min)
29,push-up,35,5.0,7.0,4.95,estimated_synthetic,Nakagata et al. 2022 + NCCOR Youth Compendium
53,crunch,8,2.0,4.0,2.35,estimated_synthetic,Nakagata et al. 2019 + NCCOR Youth Compendium curl-ups
59,jumping_jack,138,3.0,46.0,5.4,estimated_synthetic,NCCOR Youth Compendium
46,squat,12,0.5,24.0,8.5,estimated_synthetic,Nakagata et al. 2022 (21–29; 1–6 reps/min)
49,push-up,110,2.0,55.0,8.5,estimated_synthetic,Nakagata et al. 2022 + NCCOR Youth Compendium
59,crunch,24,1.5,16.0,3.06,estimated_synthetic,Nakagata et al. 2019 + NCCOR Youth Compendium curl-ups
61,jumping_jack,80,10.0,8.0,4.2,estimated_synthetic,NCCOR Youth Compendium
19,squat,360,10.0,36.0,8.5,estimated_synthetic,Nakagata et al. 2022 (21–29; 1–6 reps/min)
32,push-up,177,3.0,59.0,8.5,estimated_synthetic,Nakagata et al. 2022 + NCCOR Youth Compendium
52,crunch,80,2.0,40.0,3.59,estimated_synthetic,Nakagata et al. 2019 + NCCOR Youth Compendium curl-ups
54,jumping_jack,100,5.0,20.0,4.15,estimated_synthetic,NCCOR Youth Compendium
21,squat,40,8.0,5.0,2.99,estimated_synthetic,Nakagata et al. 2022 (21–29; 1–6 reps/min)
42,push-up,26,0.5,52.0,8.5,estimated_synthetic,Nakagata et al. 2022 + NCCOR Youth Compendium
22,crunch,456,8.0,57.0,3.31,estimated_synthetic,Nakagata et al. 2019 + NCCOR Youth Compendium curl-ups
57,jumping_jack,24,1.5,16.0,4.18,estimated_synthetic,NCCOR Youth Compendium
44,squat,60,5.0,12.0,7.56,estimated_synthetic,Nakagata et al. 2022 (21–29; 1–6 reps/min)
66,push-up,40,1.5,26.67,7.28,estimated_synthetic,Nakagata et al. 2022 + NCCOR Youth Compendium
15,crunch,33,1.0,33.0,3.32,estimated_synthetic,Nakagata et al. 2019 + NCCOR Youth Compendium curl-ups
53,jumping_jack,490,10.0,49.0,5.72,estimated_synthetic,NCCOR Youth Compendium
65,squat,320,10.0,32.0,8.5,estimated_synthetic,Nakagata et al. 2022 (21–29; 1–6 reps/min)
21,push-up,175,5.0,35.0,8.5,estimated_synthetic,Nakagata et al. 2022 + NCCOR Youth Compendium
52,crunch,432,8.0,54.0,3.32,estimated_synthetic,Nakagata et al. 2019 + NCCOR Youth Compendium curl-ups
49,jumping_jack,65,5.0,13.0,4.1,estimated_synthetic,NCCOR Youth Compendium
19,squat,95,5.0,19.0,8.5,estimated_synthetic,Nakagata et al. 2022 (21–29; 1–6 reps/min)
43,push-up,48,1.0,48.0,8.5,estimated_synthetic,Nakagata et al. 2022 + NCCOR Youth Compendium
58,crunch,52,1.5,34.67,3.56,estimated_synthetic,Nakagata et al. 2019 + NCCOR Youth Compendium curl-ups
30,jumping_jack,66,1.5,44.0,5.23,estimated_synthetic,NCCOR Youth Compendium
29,squat,28,1.5,18.67,8.5,estimated_synthetic,Nakagata et al. 2022 (21–29; 1–6 reps/min)
70,push-up,64,2.0,32.0,8.11,estimated_synthetic,Nakagata et al. 2022 + NCCOR Youth Compendium
69,crunch,40,1.5,26.67,3.52,estimated_synthetic,Nakagata et al. 2019 + NCCOR Youth Compendium curl-ups
15,jumping_jack,300,10.0,30.0,4.78,estimated_synthetic,NCCOR Youth Compendium
50,squat,320,10.0,32.0,8.5,estimated_synthetic,Nakagata et al. 2022 (21–29; 1–6 reps/min)
15,push-up,72,8.0,9.0,5.29,estimated_synthetic,Nakagata et al. 2022 + NCCOR Youth Compendium
29,crunch,104,8.0,13.0,3.08,estimated_synthetic,Nakagata et al. 2019 + NCCOR Youth Compendium curl-ups
19,jumping_jack,18,0.5,36.0,4.99,estimated_synthetic,NCCOR Youth Compendium
45,squat,8,0.5,16.0,8.5,estimated_synthetic,Nakagata et al. 2022 (21–29; 1–6 reps/min)
47,push-up,45,3.0,15.0,6.38,estimated_synthetic,Nakagata et al. 2022 + NCCOR Youth Compendium
55,crunch,11,0.5,22.0,3.51,estimated_synthetic,Nakagata et al. 2019 + NCCOR Youth Compendium curl-ups
70,jumping_jack,150,5.0,30.0,4.68,estimated_synthetic,NCCOR Youth Compendium
16,squat,125,5.0,25.0,8.5,estimated_synthetic,Nakagata et al. 2022 (21–29; 1–6 reps/min)
64,push-up,13,1.0,13.0,5.27,estimated_synthetic,Nakagata et al. 2022 + NCCOR Youth Compendium
60,crunch,155,5.0,31.0,3.3,estimated_synthetic,Nakagata et al. 2019 + NCCOR Youth Compendium curl-ups
17,jumping_jack,2,0.5,4.0,3.97,estimated_synthetic,NCCOR Youth Compendium
50,squat,200,5.0,40.0,8.5,estimated_synthetic,Nakagata et al. 2022 (21–29; 1–6 reps/min)
46,push-up,180,3.0,60.0,8.5,estimated_synthetic,Nakagata et al. 2022 + NCCOR Youth Compendium
60,crunch,328,8.0,41.0,3.44,estimated_synthetic,Nakagata et al. 2019 + NCCOR Youth Compendium curl-ups
61,jumping_jack,12,2.0,6.0,3.85,estimated_synthetic,NCCOR Youth Compendium
68,squat,25,5.0,5.0,3.12,estimated_synthetic,Nakagata et al. 2022 (21–29; 1–6 reps/min)
49,push-up,590,10.0,59.0,8.5,estimated_synthetic,Nakagata et al. 2022 + NCCOR Youth Compendium
40,crunch,224,8.0,28.0,3.43,estimated_synthetic,Nakagata et al. 2019 + NCCOR Youth Compendium curl-ups
41,jumping_jack,20,5.0,4.0,4.0,estimated_synthetic,NCCOR Youth Compendium
22,squat,264,8.0,33.0,8.5,estimated_synthetic,Nakagata et al. 2022 (21–29; 1–6 reps/min)
32,push-up,38,1.0,38.0,8.5,estimated_synthetic,Nakagata et al. 2022 + NCCOR Youth Compendium
40,crunch,96,3.0,32.0,3.39,estimated_synthetic,Nakagata et al. 2019 + NCCOR Youth Compendium curl-ups
39,jumping_jack,88,2.0,44.0,5.19,estimated_synthetic,NCCOR Youth Compendium
48,squat,48,8.0,6.0,3.6,estimated_synthetic,Nakagata et al. 2022 (21–29; 1–6 reps/min)
33,push-up,370,10.0,37.0,8.5,estimated_synthetic,Nakagata et al. 2022 + NCCOR Youth Compendium
60,crunch,70,5.0,14.0,2.94,estimated_synthetic,Nakagata et al. 2019 + NCCOR Youth Compendium curl-ups
22,jumping_jack,464,8.0,58.0,5.91,estimated_synthetic,NCCOR Youth Compendium
66,squat,141,3.0,47.0,8.5,estimated_synthetic,Nakagata et al. 2022 (21–29; 1–6 reps/min)
48,push-up,10,1.5,6.67,4.76,estimated_synthetic,Nakagata et al. 2022 + NCCOR Youth Compendium
18,crunch,62,1.5,41.33,3.44,estimated_synthetic,Nakagata et al. 2019 + NCCOR Youth Compendium curl-ups
32,jumping_jack,30,0.5,60.0,5.67,estimated_synthetic,NCCOR Youth Compendium
53,squat,86,1.5,57.33,8.5,estimated_synthetic,Nakagata et al. 2022 (21–29; 1–6 reps/min)
29,push-up,81,3.0,27.0,8.5,estimated_synthetic,Nakagata et al. 2022 + NCCOR Youth Compendium
30,crunch,550,10.0,55.0,3.3,estimated_synthetic,Nakagata et al. 2019 + NCCOR Youth Compendium curl-ups
57,jumping_jack,22,0.5,44.0,5.11,estimated_synthetic,NCCOR Youth Compendium
15,squat,27,1.5,18.0,8.5,estimated_synthetic,Nakagata et al. 2022 (21–29; 1–6 reps/min)
64,push-up,472,8.0,59.0,8.5,estimated_synthetic,Nakagata et al. 2022 + NCCOR Youth Compendium
24,crunch,13,0.5,26.0,3.48,estimated_synthetic,Nakagata et al. 2019 + NCCOR Youth Compendium curl-ups
41,jumping_jack,125,5.0,25.0,4.74,estimated_synthetic,NCCOR Youth Compendium
34,squat,31,1.0,31.0,8.5,estimated_synthetic,Nakagata et al. 2022 (21–29; 1–6 reps/min)
68,push-up,205,5.0,41.0,8.5,estimated_synthetic,Nakagata et al. 2022 + NCCOR Youth Compendium
56,crunch,115,5.0,23.0,3.29,estimated_synthetic,Nakagata et al. 2019 + NCCOR Youth Compendium curl-ups
65,jumping_jack,400,10.0,40.0,5.23,estimated_synthetic,NCCOR Youth Compendium
28,squat,30,0.5,60.0,8.5,estimated_synthetic,Nakagata et al. 2022 (21–29; 1–6 reps/min)
38,push-up,75,1.5,50.0,8.5,estimated_synthetic,Nakagata et al. 2022 + NCCOR Youth Compendium
32,crunch,93,3.0,31.0,3.49,estimated_synthetic,Nakagata et al. 2019 + NCCOR Youth Compendium curl-ups
67,jumping_jack,290,5.0,58.0,6.18,estimated_synthetic,NCCOR Youth Compendium
70,squat,76,1.5,50.67,8.5,estimated_synthetic,Nakagata et al. 2022 (21–29; 1–6 reps/min)
50,push-up,126,3.0,42.0,8.5,estimated_synthetic,Nakagata et al. 2022 + NCCOR Youth Compendium
23,crunch,80,8.0,10.0,2.82,estimated_synthetic,Nakagata et al. 2019 + NCCOR Youth Compendium curl-ups
25,jumping_jack,3,0.5,6.0,3.72,estimated_synthetic,NCCOR Youth Compendium
17,squat,38,1.0,38.0,8.5,estimated_synthetic,Nakagata et al. 2022 (21–29; 1–6 reps/min)
32,push-up,29,0.5,58.0,8.5,estimated_synthetic,Nakagata et al. 2022 + NCCOR Youth Compendium
41,crunch,27,0.5,54.0,3.35,estimated_synthetic,Nakagata et al. 2019 + NCCOR Youth Compendium curl-ups
46,jumping_jack,24,1.0,24.0,4.74,estimated_synthetic,NCCOR Youth Compendium
63,squat,420,10.0,42.0,8.5,estimated_synthetic,Nakagata et al. 2022 (21–29; 1–6 reps/min)
50,push-up,120,3.0,40.0,8.5,estimated_synthetic,Nakagata et al. 2022 + NCCOR Youth Compendium
28,crunch,10,0.5,20.0,3.11,estimated_synthetic,Nakagata et al. 2019 + NCCOR Youth Compendium curl-ups
60,jumping_jack,88,8.0,11.0,4.19,estimated_synthetic,NCCOR Youth Compendium
32,squat,14,0.5,28.0,8.5,estimated_synthetic,Nakagata et al. 2022 (21–29; 1–6 reps/min)
56,push-up,57,1.5,38.0,8.5,estimated_synthetic,Nakagata et al. 2022 + NCCOR Youth Compendium
33,crunch,56,8.0,7.0,2.57,estimated_synthetic,Nakagata et al. 2019 + NCCOR Youth Compendium curl-ups
61,jumping_jack,50,2.0,25.0,4.49,estimated_synthetic,NCCOR Youth Compendium
27,squat,170,5.0,34.0,8.5,estimated_synthetic,Nakagata et al. 2022 (21–29; 1–6 reps/min)
42,push-up,464,8.0,58.0,8.5,estimated_synthetic,Nakagata et al. 2022 + NCCOR Youth Compendium
50,crunch,4,0.5,8.0,2.64,estimated_synthetic,Nakagata et al. 2019 + NCCOR Youth Compendium curl-ups
65,jumping_jack,450,10.0,45.0,5.37,estimated_synthetic,NCCOR Youth Compendium
55,squat,118,2.0,59.0,8.5,estimated_synthetic,Nakagata et al. 2022 (21–29; 1–6 reps/min)
51,push-up,215,5.0,43.0,8.5,estimated_synthetic,Nakagata et al. 2022 + NCCOR Youth Compendium
28,crunch,43,1.0,43.0,3.42,estimated_synthetic,Nakagata et al. 2019 + NCCOR Youth Compendium curl-ups
15,jumping_jack,34,2.0,17.0,4.26,estimated_synthetic,NCCOR Youth Compendium
26,squat,18,3.0,6.0,3.64,estimated_synthetic,Nakagata et al. 2022 (21–29; 1–6 reps/min)
24,push-up,48,3.0,16.0,6.77,estimated_synthetic,Nakagata et al. 2022 + NCCOR Youth Compendium
22,crunch,180,10.0,18.0,3.14,estimated_synthetic,Nakagata et al. 2019 + NCCOR Youth Compendium curl-ups
55,jumping_jack,19,1.0,19.0,4.7,estimated_synthetic,NCCOR Youth Compendium
51,squat,117,3.0,39.0,8.5,estimated_synthetic,Nakagata et al. 2022 (21–29; 1–6 reps/min)
69,push-up,74,1.5,49.33,8.5,estimated_synthetic,Nakagata et al. 2022 + NCCOR Youth Compendium
60,crunch,15,1.0,15.0,2.93,estimated_synthetic,Nakagata et al. 2019 + NCCOR Youth Compendium curl-ups
17,jumping_jack,60,3.0,20.0,4.36,estimated_synthetic,NCCOR Youth Compendium
19,squat,275,5.0,55.0,8.5,estimated_synthetic,Nakagata et al. 2022 (21–29; 1–6 reps/min)
40,push-up,20,0.5,40.0,8.5,estimated_synthetic,Nakagata et al. 2022 + NCCOR Youth Compendium
16,crunch,220,10.0,22.0,3.28,estimated_synthetic,Nakagata et al. 2019 + NCCOR Youth Compendium curl-ups
19,jumping_jack,12,3.0,4.0,4.05,estimated_synthetic,NCCOR Youth Compendium
28,squat,110,5.0,22.0,8.5,estimated_synthetic,Nakagata et al. 2022 (21–29; 1–6 reps/min)
19,push-up,88,8.0,11.0,5.62,estimated_synthetic,Nakagata et al. 2022 + NCCOR Youth Compendium
28,crunch,171,3.0,57.0,3.52,estimated_synthetic,Nakagata et al. 2019 + NCCOR Youth Compendium curl-ups
18,jumping_jack,150,10.0,15.0,4.17,estimated_synthetic,NCCOR Youth Compendium
34,squat,12,0.5,24.0,8.5,estimated_synthetic,Nakagata et al. 2022 (21–29; 1–6 reps/min)
48,push-up,360,10.0,36.0,8.5,estimated_synthetic,Nakagata et al. 2022 + NCCOR Youth Compendium
67,crunch,28,1.5,18.67,3.15,estimated_synthetic,Nakagata et al. 2019 + NCCOR Youth Compendium curl-ups
56,jumping_jack,205,5.0,41.0,5.5,estimated_synthetic,NCCOR Youth Compendium
57,squat,57,1.0,57.0,8.5,estimated_synthetic,Nakagata et al. 2022 (21–29; 1–6 reps/min)
19,push-up,580,10.0,58.0,8.5,estimated_synthetic,Nakagata et al. 2022 + NCCOR Youth Compendium
41,crunch,60,1.0,60.0,3.5,estimated_synthetic,Nakagata et al. 2019 + NCCOR Youth Compendium curl-ups
44,jumping_jack,115,5.0,23.0,4.65,estimated_synthetic,NCCOR Youth Compendium
48,squat,70,5.0,14.0,8.5,estimated_synthetic,Nakagata et al. 2022 (21–29; 1–6 reps/min)
27,push-up,75,5.0,15.0,6.51,estimated_synthetic,Nakagata et al. 2022 + NCCOR Youth Compendium
63,crunch,210,5.0,42.0,3.55,estimated_synthetic,Nakagata et al. 2019 + NCCOR Youth Compendium curl-ups
54,jumping_jack,65,5.0,13.0,4.43,estimated_synthetic,NCCOR Youth Compendium
32,squat,170,10.0,17.0,8.5,estimated_synthetic,Nakagata et al. 2022 (21–29; 1–6 reps/min)
51,push-up,180,3.0,60.0,8.5,estimated_synthetic,Nakagata et al. 2022 + NCCOR Youth Compendium
28,crunch,470,10.0,47.0,3.34,estimated_synthetic,Nakagata et al. 2019 + NCCOR Youth Compendium curl-ups
50,jumping_jack,102,2.0,51.0,5.34,estimated_synthetic,NCCOR Youth Compendium
57,squat,14,1.5,9.33,5.91,estimated_synthetic,Nakagata et al. 2022 (21–29; 1–6 reps/min)
29,push-up,80,5.0,16.0,6.8,estimated_synthetic,Nakagata et al. 2022 + NCCOR Youth Compendium
56,crunch,12,3.0,4.0,2.25,estimated_synthetic,Nakagata et al. 2019 + NCCOR Youth Compendium curl-ups
19,jumping_jack,93,3.0,31.0,4.97,estimated_synthetic,NCCOR Youth Compendium
16,squat,22,1.5,14.67,8.32,estimated_synthetic,Nakagata et al. 2022 (21–29; 1–6 reps/min)
59,push-up,290,10.0,29.0,8.5,estimated_synthetic,Nakagata et al. 2022 + NCCOR Youth Compendium
22,crunch,380,10.0,38.0,3.49,estimated_synthetic,Nakagata et al. 2019 + NCCOR Youth Compendium curl-ups
58,jumping_jack,42,1.5,28.0,4.82,estimated_synthetic,NCCOR Youth Compendium
46,squat,185,5.0,37.0,8.5,estimated_synthetic,Nakagata et al. 2022 (21–29; 1–6 reps/min)
38,push-up,81,1.5,54.0,8.5,estimated_synthetic,Nakagata et al. 2022 + NCCOR Youth Compendium
43,crunch,424,8.0,53.0,3.4,estimated_synthetic,Nakagata et al. 2019 + NCCOR Youth Compendium curl-ups
38,jumping_jack,112,8.0,14.0,4.06,estimated_synthetic,NCCOR Youth Compendium
40,squat,64,1.5,42.67,8.5,estimated_synthetic,Nakagata et al. 2022 (21–29; 1–6 reps/min)
34,push-up,24,2.0,12.0,6.01,estimated_synthetic,Nakagata et al. 2022 + NCCOR Youth Compendium
33,crunch,46,1.5,30.67,3.44,estimated_synthetic,Nakagata et al. 2019 + NCCOR Youth Compendium curl-ups
16,jumping_jack,216,8.0,27.0,4.51,estimated_synthetic,NCCOR Youth Compendium
24,squat,15,1.5,10.0,6.0,estimated_synthetic,Nakagata et al. 2022 (21–29; 1–6 reps/min)
52,push-up,4,0.5,8.0,5.25,estimated_synthetic,Nakagata et al. 2022 + NCCOR Youth Compendium
31,crunch,20,0.5,40.0,3.31,estimated_synthetic,Nakagata et al. 2019 + NCCOR Youth Compendium curl-ups
18,jumping_jack,22,0.5,44.0,5.19,estimated_synthetic,NCCOR Youth Compendium
17,squat,160,8.0,20.0,8.5,estimated_synthetic,Nakagata et al. 2022 (21–29; 1–6 reps/min)
57,push-up,32,1.5,21.33,7.78,estimated_synthetic,Nakagata et al. 2022 + NCCOR Youth Compendium
23,crunch,20,5.0,4.0,2.34,estimated_synthetic,Nakagata et al. 2019 + NCCOR Youth Compendium curl-ups
31,jumping_jack,590,10.0,59.0,5.76,estimated_synthetic,NCCOR Youth Compendium
65,squat,16,0.5,32.0,8.5,estimated_synthetic,Nakagata et al. 2022 (21–29; 1–6 reps/min)
68,push-up,12,0.5,24.0,6.95,estimated_synthetic,Nakagata et al. 2022 + NCCOR Youth Compendium
44,crunch,42,2.0,21.0,3.19,estimated_synthetic,Nakagata et al. 2019 + NCCOR Youth Compendium curl-ups
69,jumping_jack,90,3.0,30.0,4.98,estimated_synthetic,NCCOR Youth Compendium
15,squat,45,1.5,30.0,8.5,estimated_synthetic,Nakagata et al. 2022 (21–29; 1–6 reps/min)
49,push-up,55,5.0,11.0,5.8,estimated_synthetic,Nakagata et al. 2022 + NCCOR Youth Compendium
47,crunch,360,8.0,45.0,3.49,estimated_synthetic,Nakagata et al. 2019 + NCCOR Youth Compendium curl-ups
65,jumping_jack,33,1.0,33.0,4.98,estimated_synthetic,NCCOR Youth Compendium
37,squat,210,10.0,21.0,8.5,estimated_synthetic,Nakagata et al. 2022 (21–29; 1–6 reps/min)
16,push-up,7,0.5,14.0,5.88,estimated_synthetic,Nakagata et al. 2022 + NCCOR Youth Compendium
62,crunch,130,10.0,13.0,2.89,estimated_synthetic,Nakagata et al. 2019 + NCCOR Youth Compendium curl-ups
59,jumping_jack,290,5.0,58.0,5.81,estimated_synthetic,NCCOR Youth Compendium
62,squat,13,1.0,13.0,6.94,estimated_synthetic,Nakagata et al. 2022 (21–29; 1–6 reps/min)
49,push-up,432,8.0,54.0,8.5,estimated_synthetic,Nakagata et al. 2022 + NCCOR Youth Compendium
55,crunch,88,2.0,44.0,3.35,estimated_synthetic,Nakagata et al. 2019 + NCCOR Youth Compendium curl-ups
40,jumping_jack,159,3.0,53.0,5.56,estimated_synthetic,NCCOR Youth Compendium
52,squat,39,1.0,39.0,8.5,estimated_synthetic,Nakagata et al. 2022 (21–29; 1–6 reps/min)
37,push-up,26,0.5,52.0,8.5,estimated_synthetic,Nakagata et al. 2022 + NCCOR Youth Compendium
30,crunch,20,1.0,20.0,3.25,estimated_synthetic,Nakagata et al. 2019 + NCCOR Youth Compendium curl-ups
67,jumping_jack,36,1.5,24.0,4.49,estimated_synthetic,NCCOR Youth Compendium
57,squat,520,10.0,52.0,8.5,estimated_synthetic,Nakagata et al. 2022 (21–29; 1–6 reps/min)
55,push-up,80,10.0,8.0,4.99,estimated_synthetic,Nakagata et al. 2022 + NCCOR Youth Compendium
49,crunch,39,1.0,39.0,3.45,estimated_synthetic,Nakagata et al. 2019 + NCCOR Youth Compendium curl-ups
21,jumping_jack,27,3.0,9.0,4.07,estimated_synthetic,NCCOR Youth Compendium
48,squat,74,2.0,37.0,8.5,estimated_synthetic,Nakagata et al. 2022 (21–29; 1–6 reps/min)
40,push-up,85,5.0,17.0,6.88,estimated_synthetic,Nakagata et al. 2022 + NCCOR Youth Compendium
33,crunch,470,10.0,47.0,3.44,estimated_synthetic,Nakagata et al. 2019 + NCCOR Youth Compendium curl-ups
68,jumping_jack,8,0.5,16.0,3.93,estimated_synthetic,NCCOR Youth Compendium
65,squat,39,1.0,39.0,8.5,estimated_synthetic,Nakagata et al. 2022 (21–29; 1–6 reps/min)
19,push-up,57,1.5,38.0,8.5,estimated_synthetic,Nakagata et al. 2022 + NCCOR Youth Compendium
44,crunch,82,1.5,54.67,3.44,estimated_synthetic,Nakagata et al. 2019 + NCCOR Youth Compendium curl-ups
67,jumping_jack,56,8.0,7.0,4.07,estimated_synthetic,NCCOR Youth Compendium
29,squat,8,0.5,16.0,8.5,estimated_synthetic,Nakagata et al. 2022 (21–29; 1–6 reps/min)
66,push-up,21,0.5,42.0,8.5,estimated_synthetic,Nakagata et al. 2022 + NCCOR Youth Compendium
16,crunch,15,1.5,10.0,2.75,estimated_synthetic,Nakagata et al. 2019 + NCCOR Youth Compendium curl-ups
67,jumping_jack,22,0.5,44.0,5.13,estimated_synthetic,NCCOR Youth Compendium
63,squat,28,0.5,56.0,8.5,estimated_synthetic,Nakagata et al. 2022 (21–29; 1–6 reps/min)
16,push-up,111,3.0,37.0,8.5,estimated_synthetic,Nakagata et al. 2022 + NCCOR Youth Compendium
57,crunch,290,10.0,29.0,3.32,estimated_synthetic,Nakagata et al. 2019 + NCCOR Youth Compendium curl-ups
24,jumping_jack,18,3.0,6.0,3.68,estimated_synthetic,NCCOR Youth Compendium
24,squat,296,8.0,37.0,8.5,estimated_synthetic,Nakagata et al. 2022 (21–29; 1–6 reps/min)
41,push-up,52,1.5,34.67,8.5,estimated_synthetic,Nakagata et al. 2022 + NCCOR Youth Compendium
69,crunch,37,1.0,37.0,3.3,estimated_synthetic,Nakagata et al. 2019 + NCCOR Youth Compendium curl-ups
31,jumping_jack,105,3.0,35.0,5.04,estimated_synthetic,NCCOR Youth Compendium
47,squat,220,5.0,44.0,8.5,estimated_synthetic,Nakagata et al. 2022 (21–29; 1–6 reps/min)
46,push-up,174,3.0,58.0,8.5,estimated_synthetic,Nakagata et al. 2022 + NCCOR Youth Compendium
56,crunch,135,5.0,27.0,3.22,estimated_synthetic,Nakagata et al. 2019 + NCCOR Youth Compendium curl-ups
15,jumping_jack,320,10.0,32.0,4.59,estimated_synthetic,NCCOR Youth Compendium
40,squat,16,0.5,32.0,8.5,estimated_synthetic,Nakagata et al. 2022 (21–29; 1–6 reps/min)
54,push-up,328,8.0,41.0,8.5,estimated_synthetic,Nakagata et al. 2022 + NCCOR Youth Compendium
48,crunch,180,5.0,36.0,3.45,estimated_synthetic,Nakagata et al. 2019 + NCCOR Youth Compendium curl-ups
46,jumping_jack,50,1.5,33.33,4.95,estimated_synthetic,NCCOR Youth Compendium
26,squat,272,8.0,34.0,8.5,estimated_synthetic,Nakagata et al. 2022 (21–29; 1–6 reps/min)
39,push-up,60,1.0,60.0,8.5,estimated_synthetic,Nakagata et al. 2022 + NCCOR Youth Compendium
43,crunch,24,1.0,24.0,3.38,estimated_synthetic,Nakagata et al. 2019 + NCCOR Youth Compendium curl-ups
65,jumping_jack,520,10.0,52.0,5.79,estimated_synthetic,NCCOR Youth Compendium
47,squat,20,2.0,10.0,6.32,estimated_synthetic,Nakagata et al. 2022 (21–29; 1–6 reps/min)
70,push-up,76,1.5,50.67,8.5,estimated_synthetic,Nakagata et al. 2022 + NCCOR Youth Compendium
22,crunch,30,0.5,60.0,3.47,estimated_synthetic,Nakagata et al. 2019 + NCCOR Youth Compendium curl-ups
68,jumping_jack,270,5.0,54.0,5.46,estimated_synthetic,NCCOR Youth Compendium
21,squat,14,0.5,28.0,8.5,estimated_synthetic,Nakagata et al. 2022 (21–29; 1–6 reps/min)
29,push-up,68,2.0,34.0,8.5,estimated_synthetic,Nakagata et al. 2022 + NCCOR Youth Compendium
45,crunch,10,2.0,5.0,2.46,estimated_synthetic,Nakagata et al. 2019 + NCCOR Youth Compendium curl-ups
60,jumping_jack,344,8.0,43.0,5.46,estimated_synthetic,NCCOR Youth Compendium
32,squat,2,0.5,4.0,2.93,estimated_synthetic,Nakagata et al. 2022 (21–29; 1–6 reps/min)
24,push-up,190,5.0,38.0,8.5,estimated_synthetic,Nakagata et al. 2022 + NCCOR Youth Compendium
43,crunch,200,8.0,25.0,3.51,estimated_synthetic,Nakagata et al. 2019 + NCCOR Youth Compendium curl-ups
60,jumping_jack,270,5.0,54.0,5.45,estimated_synthetic,NCCOR Youth Compendium
21,squat,18,0.5,36.0,8.5,estimated_synthetic,Nakagata et al. 2022 (21–29; 1–6 reps/min)
68,push-up,82,2.0,41.0,8.5,estimated_synthetic,Nakagata et al. 2022 + NCCOR Youth Compendium
69,crunch,48,8.0,6.0,2.25,estimated_synthetic,Nakagata et al. 2019 + NCCOR Youth Compendium curl-ups
62,jumping_jack,60,1.0,60.0,5.88,estimated_synthetic,NCCOR Youth Compendium
40,squat,60,5.0,12.0,7.3,estimated_synthetic,Nakagata et al. 2022 (21–29; 1–6 reps/min)
30,push-up,11,1.0,11.0,5.57,estimated_synthetic,Nakagata et al. 2022 + NCCOR Youth Compendium
50,crunch,50,5.0,10.0,2.54,estimated_synthetic,Nakagata et al. 2019 + NCCOR Youth Compendium curl-ups
17,jumping_jack,98,2.0,49.0,5.41,estimated_synthetic,NCCOR Youth Compendium
60,squat,90,2.0,45.0,8.5,estimated_synthetic,Nakagata et al. 2022 (21–29; 1–6 reps/min)
55,push-up,232,8.0,29.0,8.5,estimated_synthetic,Nakagata et al. 2022 + NCCOR Youth Compendium
33,crunch,12,0.5,24.0,3.42,estimated_synthetic,Nakagata et al. 2019 + NCCOR Youth Compendium curl-ups
43,jumping_jack,90,5.0,18.0,4.36,estimated_synthetic,NCCOR Youth Compendium
46,squat,92,2.0,46.0,8.5,estimated_synthetic,Nakagata et al. 2022 (21–29; 1–6 reps/min)
38,push-up,464,8.0,58.0,8.5,estimated_synthetic,Nakagata et al. 2022 + NCCOR Youth Compendium
68,crunch,86,2.0,43.0,3.52,estimated_synthetic,Nakagata et al. 2019 + NCCOR Youth Compendium curl-ups
25,jumping_jack,280,10.0,28.0,4.83,estimated_synthetic,NCCOR Youth Compendium
51,squat,510,10.0,51.0,8.5,estimated_synthetic,Nakagata et al. 2022 (21–29; 1–6 reps/min)
57,push-up,90,3.0,30.0,8.5,estimated_synthetic,Nakagata et al. 2022 + NCCOR Youth Compendium
26,crunch,520,10.0,52.0,3.39,estimated_synthetic,Nakagata et al. 2019 + NCCOR Youth Compendium curl-ups
54,jumping_jack,165,3.0,55.0,5.47,estimated_synthetic,NCCOR Youth Compendium
38,squat,16,0.5,32.0,8.5,estimated_synthetic,Nakagata et al. 2022 (21–29; 1–6 reps/min)
70,push-up,13,0.5,26.0,7.09,estimated_synthetic,Nakagata et al. 2022 + NCCOR Youth Compendium
55,crunch,120,8.0,15.0,2.86,estimated_synthetic,Nakagata et al. 2019 + NCCOR Youth Compendium curl-ups
51,jumping_jack,380,10.0,38.0,5.07,estimated_synthetic,NCCOR Youth Compendium
17,squat,16,2.0,8.0,4.69,estimated_synthetic,Nakagata et al. 2022 (21–29; 1–6 reps/min)
47,push-up,11,1.0,11.0,5.86,estimated_synthetic,Nakagata et al. 2022 + NCCOR Youth Compendium
19,crunch,74,1.5,49.33,3.36,estimated_synthetic,Nakagata et al. 2019 + NCCOR Youth Compendium curl-ups
48,jumping_jack,384,8.0,48.0,5.58,estimated_synthetic,NCCOR Youth Compendium
68,squat,78,1.5,52.0,8.5,estimated_synthetic,Nakagata et al. 2022 (21–29; 1–6 reps/min)
21,push-up,32,1.0,32.0,8.5,estimated_synthetic,Nakagata et al. 2022 + NCCOR Youth Compendium
28,crunch,117,3.0,39.0,3.49,estimated_synthetic,Nakagata et al. 2019 + NCCOR Youth Compendium curl-ups
52,jumping_jack,2,0.5,4.0,4.14,estimated_synthetic,NCCOR Youth Compendium
35,squat,8,0.5,16.0,8.5,estimated_synthetic,Nakagata et al. 2022 (21–29; 1–6 reps/min)
39,push-up,180,3.0,60.0,8.5,estimated_synthetic,Nakagata et al. 2022 + NCCOR Youth Compendium
19,crunch,28,0.5,56.0,3.36,estimated_synthetic,Nakagata et al. 2019 + NCCOR Youth Compendium curl-ups
42,jumping_jack,27,0.5,54.0,5.31,estimated_synthetic,NCCOR Youth Compendium
44,squat,54,2.0,27.0,8.5,estimated_synthetic,Nakagata et al. 2022 (21–29; 1–6 reps/min)
57,push-up,50,1.5,33.33,8.5,estimated_synthetic,Nakagata et al. 2022 + NCCOR Youth Compendium
45,crunch,57,1.0,57.0,3.43,estimated_synthetic,Nakagata et al. 2019 + NCCOR Youth Compendium curl-ups
32,jumping_jack,44,1.5,29.33,4.69,estimated_synthetic,NCCOR Youth Compendium
49,squat,30,0.5,60.0,8.5,estimated_synthetic,Nakagata et al. 2022 (21–29; 1–6 reps/min)
38,push-up,52,2.0,26.0,8.5,estimated_synthetic,Nakagata et al. 2022 + NCCOR Youth Compendium
36,crunch,27,1.5,18.0,3.17,estimated_synthetic,Nakagata et al. 2019 + NCCOR Youth Compendium curl-ups
50,jumping_jack,400,10.0,40.0,5.18,estimated_synthetic,NCCOR Youth Compendium
22,squat,272,8.0,34.0,8.5,estimated_synthetic,Nakagata et al. 2022 (21–29; 1–6 reps/min)
24,push-up,8,1.5,5.33,4.44,estimated_synthetic,Nakagata et al. 2022 + NCCOR Youth Compendium
31,crunch,180,10.0,18.0,3.36,estimated_synthetic,Nakagata et al. 2019 + NCCOR Youth Compendium curl-ups
33,jumping_jack,4,0.5,8.0,4.21,estimated_synthetic,NCCOR Youth Compendium
47,squat,4,1.5,2.67,2.05,estimated_synthetic,Nakagata et al. 2022 (21–29; 1–6 reps/min)
26,push-up,20,0.5,40.0,8.5,estimated_synthetic,Nakagata et al. 2022 + NCCOR Youth Compendium
67,crunch,40,8.0,5.0,2.21,estimated_synthetic,Nakagata et al. 2019 + NCCOR Youth Compendium curl-ups
65,jumping_jack,590,10.0,59.0,6.02,estimated_synthetic,NCCOR Youth Compendium
28,squat,28,1.5,18.67,8.5,estimated_synthetic,Nakagata et al. 2022 (21–29; 1–6 reps/min)
38,push-up,272,8.0,34.0,8.5,estimated_synthetic,Nakagata et al. 2022 + NCCOR Youth Compendium
49,crunch,570,10.0,57.0,3.43,estimated_synthetic,Nakagata et al. 2019 + NCCOR Youth Compendium curl-ups
30,jumping_jack,35,1.0,35.0,4.74,estimated_synthetic,NCCOR Youth Compendium
17,squat,56,1.5,37.33,8.5,estimated_synthetic,Nakagata et al. 2022 (21–29; 1–6 reps/min)
32,push-up,141,3.0,47.0,8.5,estimated_synthetic,Nakagata et al. 2022 + NCCOR Youth Compendium
26,crunch,10,1.0,10.0,2.65,estimated_synthetic,Nakagata et al. 2019 + NCCOR Youth Compendium curl-ups
57,jumping_jack,116,2.0,58.0,5.82,estimated_synthetic,NCCOR Youth Compendium
50,squat,155,5.0,31.0,8.5,estimated_synthetic,Nakagata et al. 2022 (21–29; 1–6 reps/min)
41,push-up,140,5.0,28.0,8.5,estimated_synthetic,Nakagata et al. 2022 + NCCOR Youth Compendium
38,crunch,450,10.0,45.0,3.56,estimated_synthetic,Nakagata et al. 2019 + NCCOR Youth Compendium curl-ups
55,jumping_jack,150,5.0,30.0,4.96,estimated_synthetic,NCCOR Youth Compendium
44,squat,49,1.0,49.0,8.5,estimated_synthetic,Nakagata et al. 2022 (21–29; 1–6 reps/min)
33,push-up,2,0.5,4.0,4.0,estimated_synthetic,Nakagata et al. 2022 + NCCOR Youth Compendium
63,crunch,27,1.0,27.0,3.34,estimated_synthetic,Nakagata et al. 2019 + NCCOR Youth Compendium curl-ups
61,jumping_jack,24,2.0,12.0,3.92,estimated_synthetic,NCCOR Youth Compendium
16,squat,46,2.0,23.0,8.5,estimated_synthetic,Nakagata et al. 2022 (21–29; 1–6 reps/min)
66,push-up,72,3.0,24.0,6.84,estimated_synthetic,Nakagata et al. 2022 + NCCOR Youth Compendium
56,crunch,120,10.0,12.0,2.9,estimated_synthetic,Nakagata et al. 2019 + NCCOR Youth Compendium curl-ups
27,jumping_jack,70,5.0,14.0,4.2,estimated_synthetic,NCCOR Youth Compendium
69,squat,14,2.0,7.0,4.15,estimated_synthetic,Nakagata et al. 2022 (21–29; 1–6 reps/min)
20,push-up,38,2.0,19.0,7.0,estimated_synthetic,Nakagata et al. 2022 + NCCOR Youth Compendium
41,crunch,170,5.0,34.0,3.36,estimated_synthetic,Nakagata et al. 2019 + NCCOR Youth Compendium curl-ups
26,jumping_jack,64,8.0,8.0,3.79,estimated_synthetic,NCCOR Youth Compendium
28,squat,368,8.0,46.0,8.5,estimated_synthetic,Nakagata et al. 2022 (21–29; 1–6 reps/min)
65,push-up,176,8.0,22.0,6.61,estimated_synthetic,Nakagata et al. 2022 + NCCOR Youth Compendium
41,crunch,510,10.0,51.0,3.44,estimated_synthetic,Nakagata et al. 2019 + NCCOR Youth Compendium curl-ups
23,jumping_jack,63,3.0,21.0,4.5,estimated_synthetic,NCCOR Youth Compendium
26,squat,235,5.0,47.0,8.5,estimated_synthetic,Nakagata et al. 2022 (21–29; 1–6 reps/min)
70,push-up,180,10.0,18.0,6.0,estimated_synthetic,Nakagata et al. 2022 + NCCOR Youth Compendium
67,crunch,296,8.0,37.0,3.27,estimated_synthetic,Nakagata et al. 2019 + NCCOR Youth Compendium curl-ups
27,jumping_jack,256,8.0,32.0,4.85,estimated_synthetic,NCCOR Youth Compendium
36,squat,392,8.0,49.0,8.5,estimated_synthetic,Nakagata et al. 2022 (21–29; 1–6 reps/min)
41,push-up,36,1.5,24.0,8.24,estimated_synthetic,Nakagata et al. 2022 + NCCOR Youth Compendium
19,crunch,152,8.0,19.0,3.36,estimated_synthetic,Nakagata et al. 2019 + NCCOR Youth Compendium curl-ups
46,jumping_jack,59,1.0,59.0,5.97,estimated_synthetic,NCCOR Youth Compendium
35,squat,96,3.0,32.0,8.5,estimated_synthetic,Nakagata et al. 2022 (21–29; 1–6 reps/min)
70,push-up,48,2.0,24.0,6.66,estimated_synthetic,Nakagata et al. 2022 + NCCOR Youth Compendium
57,crunch,16,0.5,32.0,3.36,estimated_synthetic,Nakagata et al. 2019 + NCCOR Youth Compendium curl-ups
45,jumping_jack,18,2.0,9.0,4.07,estimated_synthetic,NCCOR Youth Compendium
26,squat,150,5.0,30.0,8.5,estimated_synthetic,Nakagata et al. 2022 (21–29; 1–6 reps/min)
59,push-up,34,2.0,17.0,7.09,estimated_synthetic,Nakagata et al. 2022 + NCCOR Youth Compendium
54,crunch,60,1.0,60.0,3.63,estimated_synthetic,Nakagata et al. 2019 + NCCOR Youth Compendium curl-ups
22,jumping_jack,84,3.0,28.0,4.85,estimated_synthetic,NCCOR Youth Compendium
68,squat,78,1.5,52.0,8.5,estimated_synthetic,Nakagata et al. 2022 (21–29; 1–6 reps/min)
26,push-up,27,3.0,9.0,5.35,estimated_synthetic,Nakagata et al. 2022 + NCCOR Youth Compendium
48,crunch,56,1.0,56.0,3.38,estimated_synthetic,Nakagata et al. 2019 + NCCOR Youth Compendium curl-ups
32,jumping_jack,30,3.0,10.0,3.83,estimated_synthetic,NCCOR Youth Compendium
45,squat,51,3.0,17.0,8.5,estimated_synthetic,Nakagata et al. 2022 (21–29; 1–6 reps/min)
45,push-up,20,0.5,40.0,8.5,estimated_synthetic,Nakagata et al. 2022 + NCCOR Youth Compendium
40,crunch,16,1.0,16.0,3.16,estimated_synthetic,Nakagata et al. 2019 + NCCOR Youth Compendium curl-ups
60,jumping_jack,150,5.0,30.0,4.78,estimated_synthetic,NCCOR Youth Compendium
67,squat,51,1.0,51.0,8.5,estimated_synthetic,Nakagata et al. 2022 (21–29; 1–6 reps/min)
20,push-up,2,0.5,4.0,3.92,estimated_synthetic,Nakagata et al. 2022 + NCCOR Youth Compendium
53,crunch,56,1.0,56.0,3.45,estimated_synthetic,Nakagata et al. 2019 + NCCOR Youth Compendium curl-ups
60,jumping_jack,19,1.0,19.0,4.38,estimated_synthetic,NCCOR Youth Compendium
62,squat,80,2.0,40.0,8.5,estimated_synthetic,Nakagata et al. 2022 (21–29; 1–6 reps/min)
64,push-up,14,1.5,9.33,4.42,estimated_synthetic,Nakagata et al. 2022 + NCCOR Youth Compendium
43,crunch,104,2.0,52.0,3.44,estimated_synthetic,Nakagata et al. 2019 + NCCOR Youth Compendium curl-ups
34,jumping_jack,112,2.0,56.0,5.49,estimated_synthetic,NCCOR Youth Compendium
42,squat,87,1.5,58.0,8.5,estimated_synthetic,Nakagata et al. 2022 (21–29; 1–6 reps/min)
42,push-up,45,1.5,30.0,8.5,estimated_synthetic,Nakagata et al. 2022 + NCCOR Youth Compendium
32,crunch,57,3.0,19.0,3.08,estimated_synthetic,Nakagata et al. 2019 + NCCOR Youth Compendium curl-ups
57,jumping_jack,51,1.0,51.0,5.32,estimated_synthetic,NCCOR Youth Compendium
54,squat,11,1.0,11.0,6.71,estimated_synthetic,Nakagata et al. 2022 (21–29; 1–6 reps/min)
44,push-up,9,3.0,3.0,3.39,estimated_synthetic,Nakagata et al. 2022 + NCCOR Youth Compendium
15,crunch,48,1.5,32.0,3.38,estimated_synthetic,Nakagata et al. 2019 + NCCOR Youth Compendium curl-ups
18,jumping_jack,88,1.5,58.67,5.89,estimated_synthetic,NCCOR Youth Compendium
20,squat,5,1.0,5.0,3.08,estimated_synthetic,Nakagata et al. 2022 (21–29; 1–6 reps/min)
43,push-up,18,3.0,6.0,4.73,estimated_synthetic,Nakagata et al. 2022 + NCCOR Youth Compendium
48,crunch,175,5.0,35.0,3.44,estimated_synthetic,Nakagata et al. 2019 + NCCOR Youth Compendium curl-ups
54,jumping_jack,28,0.5,56.0,5.87,estimated_synthetic,NCCOR Youth Compendium
31,squat,28,0.5,56.0,8.5,estimated_synthetic,Nakagata et al. 2022 (21–29; 1–6 reps/min)
19,push-up,8,1.5,5.33,4.48,estimated_synthetic,Nakagata et al. 2022 + NCCOR Youth Compendium
29,crunch,184,8.0,23.0,3.46,estimated_synthetic,Nakagata et al. 2019 + NCCOR Youth Compendium curl-ups
15,jumping_jack,118,2.0,59.0,5.66,estimated_synthetic,NCCOR Youth Compendium
32,squat,30,5.0,6.0,3.63,estimated_synthetic,Nakagata et al. 2022 (21–29; 1–6 reps/min)
70,push-up,256,8.0,32.0,8.12,estimated_synthetic,Nakagata et al. 2022 + NCCOR Youth Compendium
56,crunch,125,5.0,25.0,3.44,estimated_synthetic,Nakagata et al. 2019 + NCCOR Youth Compendium curl-ups
31,jumping_jack,64,2.0,32.0,4.52,estimated_synthetic,NCCOR Youth Compendium
48,squat,90,1.5,60.0,8.5,estimated_synthetic,Nakagata et al. 2022 (21–29; 1–6 reps/min)
24,push-up,86,2.0,43.0,8.5,estimated_synthetic,Nakagata et al. 2022 + NCCOR Youth Compendium
56,crunch,46,1.0,46.0,3.56,estimated_synthetic,Nakagata et al. 2019 + NCCOR Youth Compendium curl-ups
22,jumping_jack,312,8.0,39.0,4.81,estimated_synthetic,NCCOR Youth Compendium
25,squat,370,10.0,37.0,8.5,estimated_synthetic,Nakagata et al. 2022 (21–29; 1–6 reps/min)
30,push-up,52,1.0,52.0,8.5,estimated_synthetic,Nakagata et al. 2022 + NCCOR Youth Compendium
16,crunch,38,1.5,25.33,3.36,estimated_synthetic,Nakagata et al. 2019 + NCCOR Youth Compendium curl-ups
21,jumping_jack,230,10.0,23.0,4.75,estimated_synthetic,NCCOR Youth Compendium
34,squat,225,5.0,45.0,8.5,estimated_synthetic,Nakagata et al. 2022 (21–29; 1–6 reps/min)
64,push-up,48,1.0,48.0,8.5,estimated_synthetic,Nakagata et al. 2022 + NCCOR Youth Compendium
26,crunch,14,2.0,7.0,2.48,estimated_synthetic,Nakagata et al. 2019 + NCCOR Youth Compendium curl-ups
53,jumping_jack,4,1.5,2.67,4.07,estimated_synthetic,NCCOR Youth Compendium
52,squat,66,1.5,44.0,8.5,estimated_synthetic,Nakagata et al. 2022 (21–29; 1–6 reps/min)
45,push-up,6,1.5,4.0,3.98,estimated_synthetic,Nakagata et al. 2022 + NCCOR Youth Compendium
17,crunch,21,1.0,21.0,3.37,estimated_synthetic,Nakagata et al. 2019 + NCCOR Youth Compendium curl-ups
16,jumping_jack,280,8.0,35.0,5.04,estimated_synthetic,NCCOR Youth Compendium
22,squat,370,10.0,37.0,8.5,estimated_synthetic,Nakagata et al. 2022 (21–29; 1–6 reps/min)
60,push-up,27,1.0,27.0,7.48,estimated_synthetic,Nakagata et al. 2022 + NCCOR Youth Compendium
67,crunch,24,1.5,16.0,3.01,estimated_synthetic,Nakagata et al. 2019 + NCCOR Youth Compendium curl-ups
42,jumping_jack,20,0.5,40.0,4.97,estimated_synthetic,NCCOR Youth Compendium
49,squat,280,5.0,56.0,8.5,estimated_synthetic,Nakagata et al. 2022 (21–29; 1–6 reps/min)
31,push-up,580,10.0,58.0,8.5,estimated_synthetic,Nakagata et al. 2022 + NCCOR Youth Compendium
53,crunch,152,8.0,19.0,3.46,estimated_synthetic,Nakagata et al. 2019 + NCCOR Youth Compendium curl-ups
60,jumping_jack,64,8.0,8.0,3.99,estimated_synthetic,NCCOR Youth Compendium
17,squat,64,2.0,32.0,8.5,estimated_synthetic,Nakagata et al. 2022 (21–29; 1–6 reps/min)
26,push-up,42,1.5,28.0,8.5,estimated_synthetic,Nakagata et al. 2022 + NCCOR Youth Compendium
56,crunch,190,10.0,19.0,3.22,estimated_synthetic,Nakagata et al. 2019 + NCCOR Youth Compendium curl-ups
28,jumping_jack,41,1.0,41.0,5.36,estimated_synthetic,NCCOR Youth Compendium
40,squat,165,5.0,33.0,8.5,estimated_synthetic,Nakagata et al. 2022 (21–29; 1–6 reps/min)
51,push-up,165,5.0,33.0,8.5,estimated_synthetic,Nakagata et al. 2022 + NCCOR Youth Compendium
18,crunch,450,10.0,45.0,3.15,estimated_synthetic,Nakagata et al. 2019 + NCCOR Youth Compendium curl-ups
21,jumping_jack,320,10.0,32.0,4.81,estimated_synthetic,NCCOR Youth Compendium
21,squat,408,8.0,51.0,8.5,estimated_synthetic,Nakagata et al. 2022 (21–29; 1–6 reps/min)
36,push-up,240,10.0,24.0,8.26,estimated_synthetic,Nakagata et al. 2022 + NCCOR Youth Compendium
22,crunch,99,3.0,33.0,3.33,estimated_synthetic,Nakagata et al. 2019 + NCCOR Youth Compendium curl-ups
34,jumping_jack,464,8.0,58.0,5.81,estimated_synthetic,NCCOR Youth Compendium
40,squat,144,3.0,48.0,8.5,estimated_synthetic,Nakagata et al. 2022 (21–29; 1–6 reps/min)
55,push-up,245,5.0,49.0,8.5,estimated_synthetic,Nakagata et al. 2022 + NCCOR Youth Compendium
19,crunch,46,1.0,46.0,3.33,estimated_synthetic,Nakagata et al. 2019 + NCCOR Youth Compendium curl-ups
63,jumping_jack,39,3.0,13.0,4.07,estimated_synthetic,NCCOR Youth Compendium
59,squat,40,8.0,5.0,3.1,estimated_synthetic,Nakagata et al. 2022 (21–29; 1–6 reps/min)
67,push-up,14,2.0,7.0,4.17,estimated_synthetic,Nakagata et al. 2022 + NCCOR Youth Compendium
66,crunch,280,5.0,56.0,3.36,estimated_synthetic,Nakagata et al. 2019 + NCCOR Youth Compendium curl-ups
35,jumping_jack,33,1.5,22.0,4.71,estimated_synthetic,NCCOR Youth Compendium
41,squat,175,5.0,35.0,8.5,estimated_synthetic,Nakagata et al. 2022 (21–29; 1–6 reps/min)
45,push-up,310,10.0,31.0,8.5,estimated_synthetic,Nakagata et al. 2022 + NCCOR Youth Compendium
48,crunch,177,3.0,59.0,3.44,estimated_synthetic,Nakagata et al. 2019 + NCCOR Youth Compendium curl-ups
21,jumping_jack,264,8.0,33.0,4.88,estimated_synthetic,NCCOR Youth Compendium
24,squat,55,5.0,11.0,6.82,estimated_synthetic,Nakagata et al. 2022 (21–29; 1–6 reps/min)
35,push-up,41,1.0,41.0,8.5,estimated_synthetic,Nakagata et al. 2022 + NCCOR Youth Compendium
30,crunch,42,1.0,42.0,3.36,estimated_synthetic,Nakagata et al. 2019 + NCCOR Youth Compendium curl-ups
60,jumping_jack,280,5.0,56.0,5.86,estimated_synthetic,NCCOR Youth Compendium
41,squat,390,10.0,39.0,8.5,estimated_synthetic,Nakagata et al. 2022 (21–29; 1–6 reps/min)
60,push-up,99,3.0,33.0,8.29,estimated_synthetic,Nakagata et al. 2022 + NCCOR Youth Compendium
20,crunch,54,2.0,27.0,3.29,estimated_synthetic,Nakagata et al. 2019 + NCCOR Youth Compendium curl-ups
36,jumping_jack,430,10.0,43.0,5.49,estimated_synthetic,NCCOR Youth Compendium
70,squat,424,8.0,53.0,8.5,estimated_synthetic,Nakagata et al. 2022 (21–29; 1–6 reps/min)
60,push-up,200,5.0,40.0,8.5,estimated_synthetic,Nakagata et al. 2022 + NCCOR Youth Compendium
50,crunch,138,3.0,46.0,3.25,estimated_synthetic,Nakagata et al. 2019 + NCCOR Youth Compendium curl-ups
19,jumping_jack,80,10.0,8.0,4.12,estimated_synthetic,NCCOR Youth Compendium
53,squat,130,5.0,26.0,8.5,estimated_synthetic,Nakagata et al. 2022 (21–29; 1–6 reps/min)
46,push-up,96,3.0,32.0,8.5,estimated_synthetic,Nakagata et al. 2022 + NCCOR Youth Compendium
58,crunch,150,5.0,30.0,3.28,estimated_synthetic,Nakagata et al. 2019 + NCCOR Youth Compendium curl-ups
48,jumping_jack,33,1.0,33.0,4.96,estimated_synthetic,NCCOR Youth Compendium
65,squat,368,8.0,46.0,8.5,estimated_synthetic,Nakagata et al. 2022 (21–29; 1–6 reps/min)
65,push-up,21,1.0,21.0,6.53,estimated_synthetic,Nakagata et al. 2022 + NCCOR Youth Compendium
57,crunch,90,10.0,9.0,2.64,estimated_synthetic,Nakagata et al. 2019 + NCCOR Youth Compendium curl-ups
70,jumping_jack,336,8.0,42.0,5.3,estimated_synthetic,NCCOR Youth Compendium
47,squat,43,1.0,43.0,8.5,estimated_synthetic,Nakagata et al. 2022 (21–29; 1–6 reps/min)
70,push-up,118,2.0,59.0,8.5,estimated_synthetic,Nakagata et al. 2022 + NCCOR Youth Compendium
35,crunch,12,2.0,6.0,2.42,estimated_synthetic,Nakagata et al. 2019 + NCCOR Youth Compendium curl-ups
65,jumping_jack,280,10.0,28.0,4.78,estimated_synthetic,NCCOR Youth Compendium
57,squat,12,0.5,24.0,8.5,estimated_synthetic,Nakagata et al. 2022 (21–29; 1–6 reps/min)
49,push-up,15,5.0,3.0,3.34,estimated_synthetic,Nakagata et al. 2022 + NCCOR Youth Compendium
52,crunch,90,3.0,30.0,3.24,estimated_synthetic,Nakagata et al. 2019 + NCCOR Youth Compendium curl-ups
46,jumping_jack,2,0.5,4.0,3.99,estimated_synthetic,NCCOR Youth Compendium
28,squat,26,1.0,26.0,8.5,estimated_synthetic,Nakagata et al. 2022 (21–29; 1–6 reps/min)
51,push-up,14,0.5,28.0,8.5,estimated_synthetic,Nakagata et al. 2022 + NCCOR Youth Compendium
60,crunch,275,5.0,55.0,3.22,estimated_synthetic,Nakagata et al. 2019 + NCCOR Youth Compendium curl-ups
47,jumping_jack,42,1.5,28.0,4.84,estimated_synthetic,NCCOR Youth Compendium
23,squat,116,2.0,58.0,8.5,estimated_synthetic,Nakagata et al. 2022 (21–29; 1–6 reps/min)
40,push-up,150,10.0,15.0,6.4,estimated_synthetic,Nakagata et al. 2022 + NCCOR Youth Compendium
64,crunch,54,1.0,54.0,3.57,estimated_synthetic,Nakagata et al. 2019 + NCCOR Youth Compendium curl-ups
65,jumping_jack,123,3.0,41.0,5.06,estimated_synthetic,NCCOR Youth Compendium
47,squat,60,10.0,6.0,3.92,estimated_synthetic,Nakagata et al. 2022 (21–29; 1–6 reps/min)
67,push-up,18,0.5,36.0,8.5,estimated_synthetic,Nakagata et al. 2022 + NCCOR Youth Compendium
56,crunch,20,5.0,4.0,2.41,estimated_synthetic,Nakagata et al. 2019 + NCCOR Youth Compendium curl-ups
64,jumping_jack,440,8.0,55.0,5.63,estimated_synthetic,NCCOR Youth Compendium
49,squat,69,1.5,46.0,8.5,estimated_synthetic,Nakagata et al. 2022 (21–29; 1–6 reps/min)
70,push-up,82,1.5,54.67,8.5,estimated_synthetic,Nakagata et al. 2022 + NCCOR Youth Compendium
33,crunch,108,3.0,36.0,3.43,estimated_synthetic,Nakagata et al. 2019 + NCCOR Youth Compendium curl-ups
54,jumping_jack,47,1.0,47.0,5.27,estimated_synthetic,NCCOR Youth Compendium
39,squat,30,1.5,20.0,8.5,estimated_synthetic,Nakagata et al. 2022 (21–29; 1–6 reps/min)
53,push-up,100,2.0,50.0,8.5,estimated_synthetic,Nakagata et al. 2022 + NCCOR Youth Compendium
43,crunch,116,2.0,58.0,3.44,estimated_synthetic,Nakagata et al. 2019 + NCCOR Youth Compendium curl-ups
43,jumping_jack,115,5.0,23.0,4.73,estimated_synthetic,NCCOR Youth Compendium
39,squat,14,1.5,9.33,5.64,estimated_synthetic,Nakagata et al. 2022 (21–29; 1–6 reps/min)
37,push-up,82,2.0,41.0,8.5,estimated_synthetic,Nakagata et al. 2022 + NCCOR Youth Compendium
31,crunch,41,1.0,41.0,3.33,estimated_synthetic,Nakagata et al. 2019 + NCCOR Youth Compendium curl-ups
29,jumping_jack,96,8.0,12.0,4.1,estimated_synthetic,NCCOR Youth Compendium
17,squat,304,8.0,38.0,8.5,estimated_synthetic,Nakagata et al. 2022 (21–29; 1–6 reps/min)
45,push-up,20,0.5,40.0,8.5,estimated_synthetic,Nakagata et al. 2022 + NCCOR Youth Compendium
59,crunch,6,2.0,3.0,2.26,estimated_synthetic,Nakagata et al. 2019 + NCCOR Youth Compendium curl-ups
28,jumping_jack,12,3.0,4.0,3.73,estimated_synthetic,NCCOR Youth Compendium
27,squat,320,8.0,40.0,8.5,estimated_synthetic,Nakagata et al. 2022 (21–29; 1–6 reps/min)
64,push-up,45,5.0,9.0,4.84,estimated_synthetic,Nakagata et al. 2022 + NCCOR Youth Compendium
69,crunch,38,2.0,19.0,3.12,estimated_synthetic,Nakagata et al. 2019 + NCCOR Youth Compendium curl-ups
36,jumping_jack,12,2.0,6.0,3.93,estimated_synthetic,NCCOR Youth Compendium
52,squat,430,10.0,43.0,8.5,estimated_synthetic,Nakagata et al. 2022 (21–29; 1–6 reps/min)
52,push-up,116,2.0,58.0,8.5,estimated_synthetic,Nakagata et al. 2022 + NCCOR Youth Compendium
45,crunch,28,0.5,56.0,3.45,estimated_synthetic,Nakagata et al. 2019 + NCCOR Youth Compendium curl-ups
52,jumping_jack,200,10.0,20.0,4.71,estimated_synthetic,NCCOR Youth Compendium
15,squat,54,1.0,54.0,8.5,estimated_synthetic,Nakagata et al. 2022 (21–29; 1–6 reps/min)
17,push-up,28,1.5,18.67,6.89,estimated_synthetic,Nakagata et al. 2022 + NCCOR Youth Compendium
64,crunch,56,1.5,37.33,3.41,estimated_synthetic,Nakagata et al. 2019 + NCCOR Youth Compendium curl-ups
53,jumping_jack,80,10.0,8.0,3.95,estimated_synthetic,NCCOR Youth Compendium
60,squat,56,1.0,56.0,8.5,estimated_synthetic,Nakagata et al. 2022 (21–29; 1–6 reps/min)
33,push-up,70,5.0,14.0,6.55,estimated_synthetic,Nakagata et al. 2022 + NCCOR Youth Compendium
23,crunch,200,8.0,25.0,3.24,estimated_synthetic,Nakagata et al. 2019 + NCCOR Youth Compendium curl-ups
59,jumping_jack,57,1.0,57.0,5.9,estimated_synthetic,NCCOR Youth Compendium
22,squat,32,1.0,32.0,8.5,estimated_synthetic,Nakagata et al. 2022 (21–29; 1–6 reps/min)
15,push-up,156,3.0,52.0,8.5,estimated_synthetic,Nakagata et al. 2022 + NCCOR Youth Compendium
33,crunch,16,1.0,16.0,3.05,estimated_synthetic,Nakagata et al. 2019 + NCCOR Youth Compendium curl-ups
39,jumping_jack,290,10.0,29.0,4.58,estimated_synthetic,NCCOR Youth Compendium
28,squat,68,2.0,34.0,8.5,estimated_synthetic,Nakagata et al. 2022 (21–29; 1–6 reps/min)
35,push-up,24,0.5,48.0,8.5,estimated_synthetic,Nakagata et al. 2022 + NCCOR Youth Compendium
67,crunch,12,2.0,6.0,2.48,estimated_synthetic,Nakagata et al. 2019 + NCCOR Youth Compendium curl-ups
29,jumping_jack,9,3.0,3.0,3.68,estimated_synthetic,NCCOR Youth Compendium
21,squat,34,1.0,34.0,8.5,estimated_synthetic,Nakagata et al. 2022 (21–29; 1–6 reps/min)
53,push-up,90,2.0,45.0,8.5,estimated_synthetic,Nakagata et al. 2022 + NCCOR Youth Compendium
69,crunch,370,10.0,37.0,3.37,estimated_synthetic,Nakagata et al. 2019 + NCCOR Youth Compendium curl-ups
68,jumping_jack,110,10.0,11.0,4.2,estimated_synthetic,NCCOR Youth Compendium
58,squat,500,10.0,50.0,8.5,estimated_synthetic,Nakagata et al. 2022 (21–29; 1–6 reps/min)
20,push-up,16,0.5,32.0,8.5,estimated_synthetic,Nakagata et al. 2022 + NCCOR Youth Compendium
47,crunch,165,3.0,55.0,3.46,estimated_synthetic,Nakagata et al. 2019 + NCCOR Youth Compendium curl-ups
59,jumping_jack,416,8.0,52.0,5.38,estimated_synthetic,NCCOR Youth Compendium
39,squat,56,8.0,7.0,4.15,estimated_synthetic,Nakagata et al. 2022 (21–29; 1–6 reps/min)
48,push-up,88,1.5,58.67,8.5,estimated_synthetic,Nakagata et al. 2022 + NCCOR Youth Compendium
41,crunch,304,8.0,38.0,3.4,estimated_synthetic,Nakagata et al. 2019 + NCCOR Youth Compendium curl-ups
66,jumping_jack,8,0.5,16.0,4.41,estimated_synthetic,NCCOR Youth Compendium
32,squat,192,8.0,24.0,8.5,estimated_synthetic,Nakagata et al. 2022 (21–29; 1–6 reps/min)
61,push-up,156,3.0,52.0,8.5,estimated_synthetic,Nakagata et al. 2022 + NCCOR Youth Compendium
60,crunch,6,1.0,6.0,2.65,estimated_synthetic,Nakagata et al. 2019 + NCCOR Youth Compendium curl-ups
24,jumping_jack,70,1.5,46.67,5.46,estimated_synthetic,NCCOR Youth Compendium
41,squat,460,10.0,46.0,8.5,estimated_synthetic,Nakagata et al. 2022 (21–29; 1–6 reps/min)
53,push-up,108,2.0,54.0,8.5,estimated_synthetic,Nakagata et al. 2022 + NCCOR Youth Compendium
19,crunch,120,5.0,24.0,3.43,estimated_synthetic,Nakagata et al. 2019 + NCCOR Youth Compendium curl-ups
36,jumping_jack,9,3.0,3.0,3.82,estimated_synthetic,NCCOR Youth Compendium
68,squat,216,8.0,27.0,8.5,estimated_synthetic,Nakagata et al. 2022 (21–29; 1–6 reps/min)
69,push-up,16,2.0,8.0,4.74,estimated_synthetic,Nakagata et al. 2022 + NCCOR Youth Compendium
50,crunch,60,1.0,60.0,3.33,estimated_synthetic,Nakagata et al. 2019 + NCCOR Youth Compendium curl-ups
17,jumping_jack,400,8.0,50.0,5.61,estimated_synthetic,NCCOR Youth Compendium
28,squat,41,1.0,41.0,8.5,estimated_synthetic,Nakagata et al. 2022 (21–29; 1–6 reps/min)
18,push-up,93,3.0,31.0,8.5,estimated_synthetic,Nakagata et al. 2022 + NCCOR Youth Compendium
70,crunch,74,2.0,37.0,3.5,estimated_synthetic,Nakagata et al. 2019 + NCCOR Youth Compendium curl-ups
46,jumping_jack,54,2.0,27.0,4.55,estimated_synthetic,NCCOR Youth Compendium
54,squat,20,5.0,4.0,2.94,estimated_synthetic,Nakagata et al. 2022 (21–29; 1–6 reps/min)
53,push-up,40,10.0,4.0,3.87,estimated_synthetic,Nakagata et al. 2022 + NCCOR Youth Compendium
62,crunch,304,8.0,38.0,3.46,estimated_synthetic,Nakagata et al. 2019 + NCCOR Youth Compendium curl-ups
26,jumping_jack,18,0.5,36.0,5.01,estimated_synthetic,NCCOR Youth Compendium
24,squat,7,1.0,7.0,4.28,estimated_synthetic,Nakagata et al. 2022 (21–29; 1–6 reps/min)
68,push-up,21,1.5,14.0,5.47,estimated_synthetic,Nakagata et al. 2022 + NCCOR Youth Compendium
57,crunch,8,2.0,4.0,2.28,estimated_synthetic,Nakagata et al. 2019 + NCCOR Youth Compendium curl-ups
50,jumping_jack,9,1.5,6.0,3.92,estimated_synthetic,NCCOR Youth Compendium
60,squat,50,10.0,5.0,3.34,estimated_synthetic,Nakagata et al. 2022 (21–29; 1–6 reps/min)
49,push-up,12,3.0,4.0,3.97,estimated_synthetic,Nakagata et al. 2022 + NCCOR Youth Compendium
66,crunch,114,2.0,57.0,3.17,estimated_synthetic,Nakagata et al. 2019 + NCCOR Youth Compendium curl-ups
52,jumping_jack,58,1.5,38.67,5.08,estimated_synthetic,NCCOR Youth Compendium
38,squat,13,0.5,26.0,8.5,estimated_synthetic,Nakagata et al. 2022 (21–29; 1–6 reps/min)
59,push-up,28,0.5,56.0,8.5,estimated_synthetic,Nakagata et al. 2022 + NCCOR Youth Compendium
22,crunch,99,3.0,33.0,3.45,estimated_synthetic,Nakagata et al. 2019 + NCCOR Youth Compendium curl-ups
61,jumping_jack,350,10.0,35.0,4.89,estimated_synthetic,NCCOR Youth Compendium
36,squat,44,1.5,29.33,8.5,estimated_synthetic,Nakagata et al. 2022 (21–29; 1–6 reps/min)
57,push-up,6,0.5,12.0,5.93,estimated_synthetic,Nakagata et al. 2022 + NCCOR Youth Compendium
58,crunch,135,5.0,27.0,3.35,estimated_synthetic,Nakagata et al. 2019 + NCCOR Youth Compendium curl-ups
40,jumping_jack,55,5.0,11.0,4.06,estimated_synthetic,NCCOR Youth Compendium
29,squat,130,5.0,26.0,8.5,estimated_synthetic,Nakagata et al. 2022 (21–29; 1–6 reps/min)
70,push-up,530,10.0,53.0,8.5,estimated_synthetic,Nakagata et al. 2022 + NCCOR Youth Compendium
68,crunch,3,0.5,6.0,2.5,estimated_synthetic,Nakagata et al. 2019 + NCCOR Youth Compendium curl-ups
43,jumping_jack,344,8.0,43.0,5.16,estimated_synthetic,NCCOR Youth Compendium
49,squat,32,2.0,16.0,8.5,estimated_synthetic,Nakagata et al. 2022 (21–29; 1–6 reps/min)
26,push-up,112,2.0,56.0,8.5,estimated_synthetic,Nakagata et al. 2022 + NCCOR Youth Compendium
54,crunch,92,2.0,46.0,3.43,estimated_synthetic,Nakagata et al. 2019 + NCCOR Youth Compendium curl-ups
70,jumping_jack,24,0.5,48.0,5.25,estimated_synthetic,NCCOR Youth Compendium
28,squat,290,10.0,29.0,8.5,estimated_synthetic,Nakagata et al. 2022 (21–29; 1–6 reps/min)
31,push-up,32,1.5,21.33,7.8,estimated_synthetic,Nakagata et al. 2022 + NCCOR Youth Compendium
35,crunch,40,1.0,40.0,3.56,estimated_synthetic,Nakagata et al. 2019 + NCCOR Youth Compendium curl-ups
70,jumping_jack,12,3.0,4.0,3.96,estimated_synthetic,NCCOR Youth Compendium
43,squat,84,2.0,42.0,8.5,estimated_synthetic,Nakagata et al. 2022 (21–29; 1–6 reps/min)
45,push-up,480,10.0,48.0,8.5,estimated_synthetic,Nakagata et al. 2022 + NCCOR Youth Compendium
17,crunch,3,1.0,3.0,1.95,estimated_synthetic,Nakagata et al. 2019 + NCCOR Youth Compendium curl-ups
59,jumping_jack,81,3.0,27.0,4.56,estimated_synthetic,NCCOR Youth Compendium
33,squat,330,10.0,33.0,8.5,estimated_synthetic,Nakagata et al. 2022 (21–29; 1–6 reps/min)
36,push-up,19,1.0,19.0,7.34,estimated_synthetic,Nakagata et al. 2022 + NCCOR Youth Compendium
46,crunch,70,5.0,14.0,2.99,estimated_synthetic,Nakagata et al. 2019 + NCCOR Youth Compendium curl-ups
20,jumping_jack,44,1.0,44.0,5.4,estimated_synthetic,NCCOR Youth Compendium
22,squat,72,8.0,9.0,5.66,estimated_synthetic,Nakagata et al. 2022 (21–29; 1–6 reps/min)
56,push-up,50,1.5,33.33,8.5,estimated_synthetic,Nakagata et al. 2022 + NCCOR Youth Compendium
48,crunch,160,10.0,16.0,3.11,estimated_synthetic,Nakagata et al. 2019 + NCCOR Youth Compendium curl-ups
30,jumping_jack,26,0.5,52.0,5.9,estimated_synthetic,NCCOR Youth Compendium
68,squat,23,0.5,46.0,8.5,estimated_synthetic,Nakagata et al. 2022 (21–29; 1–6 reps/min)
43,push-up,9,3.0,3.0,3.35,estimated_synthetic,Nakagata et al. 2022 + NCCOR Youth Compendium
40,crunch,165,3.0,55.0,3.51,estimated_synthetic,Nakagata et al. 2019 + NCCOR Youth Compendium curl-ups
44,jumping_jack,30,5.0,6.0,3.92,estimated_synthetic,NCCOR Youth Compendium
64,squat,50,1.5,33.33,8.5,estimated_synthetic,Nakagata et al. 2022 (21–29; 1–6 reps/min)
61,push-up,5,1.0,5.0,4.08,estimated_synthetic,Nakagata et al. 2022 + NCCOR Youth Compendium
48,crunch,336,8.0,42.0,3.44,estimated_synthetic,Nakagata et al. 2019 + NCCOR Youth Compendium curl-ups
34,jumping_jack,37,1.0,37.0,4.79,estimated_synthetic,NCCOR Youth Compendium
28,squat,18,1.5,12.0,7.45,estimated_synthetic,Nakagata et al. 2022 (21–29; 1–6 reps/min)
68,push-up,430,10.0,43.0,8.5,estimated_synthetic,Nakagata et al. 2022 + NCCOR Youth Compendium
46,crunch,6,0.5,12.0,2.78,estimated_synthetic,Nakagata et al. 2019 + NCCOR Youth Compendium curl-ups
67,jumping_jack,456,8.0,57.0,5.97,estimated_synthetic,NCCOR Youth Compendium
61,squat,4,1.5,2.67,2.65,estimated_synthetic,Nakagata et al. 2022 (21–29; 1–6 reps/min)
66,push-up,6,0.5,12.0,5.22,estimated_synthetic,Nakagata et al. 2022 + NCCOR Youth Compendium
70,crunch,54,1.0,54.0,3.5,estimated_synthetic,Nakagata et al. 2019 + NCCOR Youth Compendium curl-ups
63,jumping_jack,16,0.5,32.0,4.74,estimated_synthetic,NCCOR Youth Compendium
60,squat,255,5.0,51.0,8.5,estimated_synthetic,Nakagata et al. 2022 (21–29; 1–6 reps/min)
67,push-up,12,0.5,24.0,7.05,estimated_synthetic,Nakagata et al. 2022 + NCCOR Youth Compendium
55,crunch,24,0.5,48.0,3.55,estimated_synthetic,Nakagata et al. 2019 + NCCOR Youth Compendium curl-ups
63,jumping_jack,117,3.0,39.0,4.92,estimated_synthetic,NCCOR Youth Compendium
41,squat,30,10.0,3.0,2.52,estimated_synthetic,Nakagata et al. 2022 (21–29; 1–6 reps/min)
43,push-up,28,0.5,56.0,8.5,estimated_synthetic,Nakagata et al. 2022 + NCCOR Youth Compendium
23,crunch,126,3.0,42.0,3.39,estimated_synthetic,Nakagata et al. 2019 + NCCOR Youth Compendium curl-ups
59,jumping_jack,27,1.0,27.0,4.86,estimated_synthetic,NCCOR Youth Compendium
57,squat,270,5.0,54.0,8.5,estimated_synthetic,Nakagata et al. 2022 (21–29; 1–6 reps/min)
54,push-up,128,8.0,16.0,6.78,estimated_synthetic,Nakagata et al. 2022 + NCCOR Youth Compendium
47,crunch,34,1.0,34.0,3.58,estimated_synthetic,Nakagata et al. 2019 + NCCOR Youth Compendium curl-ups
53,jumping_jack,69,3.0,23.0,4.55,estimated_synthetic,NCCOR Youth Compendium
60,squat,66,1.5,44.0,8.5,estimated_synthetic,Nakagata et al. 2022 (21–29; 1–6 reps/min)
35,push-up,92,2.0,46.0,8.5,estimated_synthetic,Nakagata et al. 2022 + NCCOR Youth Compendium
66,crunch,24,0.5,48.0,3.46,estimated_synthetic,Nakagata et al. 2019 + NCCOR Youth Compendium curl-ups
55,jumping_jack,26,0.5,52.0,5.77,estimated_synthetic,NCCOR Youth Compendium
47,squat,36,3.0,12.0,7.4,estimated_synthetic,Nakagata et al. 2022 (21–29; 1–6 reps/min)
45,push-up,295,5.0,59.0,8.5,estimated_synthetic,Nakagata et al. 2022 + NCCOR Youth Compendium
31,crunch,23,1.0,23.0,3.37,estimated_synthetic,Nakagata et al. 2019 + NCCOR Youth Compendium curl-ups
51,jumping_jack,180,10.0,18.0,4.63,estimated_synthetic,NCCOR Youth Compendium
49,squat,18,1.0,18.0,8.5,estimated_synthetic,Nakagata et al. 2022 (21–29; 1–6 reps/min)
63,push-up,51,3.0,17.0,5.87,estimated_synthetic,Nakagata et al. 2022 + NCCOR Youth Compendium
15,crunch,50,10.0,5.0,2.25,estimated_synthetic,Nakagata et al. 2019 + NCCOR Youth Compendium curl-ups
64,jumping_jack,40,1.0,40.0,5.19,estimated_synthetic,NCCOR Youth Compendium
31,squat,40,1.0,40.0,8.5,estimated_synthetic,Nakagata et al. 2022 (21–29; 1–6 reps/min)
63,push-up,14,2.0,7.0,4.4,estimated_synthetic,Nakagata et al. 2022 + NCCOR Youth Compendium
54,crunch,280,8.0,35.0,3.49,estimated_synthetic,Nakagata et al. 2019 + NCCOR Youth Compendium curl-ups
43,jumping_jack,42,3.0,14.0,4.25,estimated_synthetic,NCCOR Youth Compendium
52,squat,8,1.5,5.33,3.42,estimated_synthetic,Nakagata et al. 2022 (21–29; 1–6 reps/min)
61,push-up,42,1.5,28.0,7.47,estimated_synthetic,Nakagata et al. 2022 + NCCOR Youth Compendium
34,crunch,39,1.5,26.0,3.38,estimated_synthetic,Nakagata et al. 2019 + NCCOR Youth Compendium curl-ups
28,jumping_jack,22,0.5,44.0,5.28,estimated_synthetic,NCCOR Youth Compendium
37,squat,8,2.0,4.0,2.81,estimated_synthetic,Nakagata et al. 2022 (21–29; 1–6 reps/min)
45,push-up,74,1.5,49.33,8.5,estimated_synthetic,Nakagata et al. 2022 + NCCOR Youth Compendium
34,crunch,170,10.0,17.0,3.24,estimated_synthetic,Nakagata et al. 2019 + NCCOR Youth Compendium curl-ups
62,jumping_jack,256,8.0,32.0,5.03,estimated_synthetic,NCCOR Youth Compendium
54,squat,45,5.0,9.0,5.55,estimated_synthetic,Nakagata et al. 2022 (21–29; 1–6 reps/min)
44,push-up,2,0.5,4.0,3.86,estimated_synthetic,Nakagata et al. 2022 + NCCOR Youth Compendium
26,crunch,81,3.0,27.0,3.42,estimated_synthetic,Nakagata et al. 2019 + NCCOR Youth Compendium curl-ups
21,jumping_jack,500,10.0,50.0,5.64,estimated_synthetic,NCCOR Youth Compendium
54,squat,6,0.5,12.0,7.35,estimated_synthetic,Nakagata et al. 2022 (21–29; 1–6 reps/min)
22,push-up,25,0.5,50.0,8.5,estimated_synthetic,Nakagata et al. 2022 + NCCOR Youth Compendium
24,crunch,24,8.0,3.0,2.12,estimated_synthetic,Nakagata et al. 2019 + NCCOR Youth Compendium curl-ups
70,jumping_jack,43,1.0,43.0,5.13,estimated_synthetic,NCCOR Youth Compendium
18,squat,60,2.0,30.0,8.5,estimated_synthetic,Nakagata et al. 2022 (21–29; 1–6 reps/min)
33,push-up,42,1.0,42.0,8.5,estimated_synthetic,Nakagata et al. 2022 + NCCOR Youth Compendium
43,crunch,26,1.5,17.33,2.99,estimated_synthetic,Nakagata et al. 2019 + NCCOR Youth Compendium curl-ups
21,jumping_jack,90,2.0,45.0,5.43,estimated_synthetic,NCCOR Youth Compendium
20,squat,8,0.5,16.0,8.5,estimated_synthetic,Nakagata et al. 2022 (21–29; 1–6 reps/min)
30,push-up,69,1.5,46.0,8.5,estimated_synthetic,Nakagata et al. 2022 + NCCOR Youth Compendium
22,crunch,60,2.0,30.0,3.42,estimated_synthetic,Nakagata et al. 2019 + NCCOR Youth Compendium curl-ups
39,jumping_jack,50,5.0,10.0,3.99,estimated_synthetic,NCCOR Youth Compendium
47,squat,300,10.0,30.0,8.5,estimated_synthetic,Nakagata et al. 2022 (21–29; 1–6 reps/min)
35,push-up,12,3.0,4.0,4.09,estimated_synthetic,Nakagata et al. 2022 + NCCOR Youth Compendium
38,crunch,70,10.0,7.0,2.52,estimated_synthetic,Nakagata et al. 2019 + NCCOR Youth Compendium curl-ups
69,jumping_jack,28,0.5,56.0,5.85,estimated_synthetic,NCCOR Youth Compendium
68,squat,117,3.0,39.0,8.5,estimated_synthetic,Nakagata et al. 2022 (21–29; 1–6 reps/min)
52,push-up,33,1.0,33.0,8.5,estimated_synthetic,Nakagata et al. 2022 + NCCOR Youth Compendium
53,crunch,34,1.0,34.0,3.3,estimated_synthetic,Nakagata et al. 2019 + NCCOR Youth Compendium curl-ups
70,jumping_jack,15,5.0,3.0,4.01,estimated_synthetic,NCCOR Youth Compendium
16,squat,44,2.0,22.0,8.5,estimated_synthetic,Nakagata et al. 2022 (21–29; 1–6 reps/min)
37,push-up,32,8.0,4.0,3.96,estimated_synthetic,Nakagata et al. 2022 + NCCOR Youth Compendium
61,crunch,10,2.0,5.0,2.51,estimated_synthetic,Nakagata et al. 2019 + NCCOR Youth Compendium curl-ups
44,jumping_jack,26,0.5,52.0,5.63,estimated_synthetic,NCCOR Youth Compendium
68,squat,40,1.5,26.67,8.5,estimated_synthetic,Nakagata et al. 2022 (21–29; 1–6 reps/min)
68,push-up,280,5.0,56.0,8.5,estimated_synthetic,Nakagata et al. 2022 + NCCOR Youth Compendium
59,crunch,45,1.0,45.0,3.45,estimated_synthetic,Nakagata et al. 2019 + NCCOR Youth Compendium curl-ups
25,jumping_jack,16,0.5,32.0,4.83,estimated_synthetic,NCCOR Youth Compendium
32,squat,45,5.0,9.0,5.49,estimated_synthetic,Nakagata et al. 2022 (21–29; 1–6 reps/min)
26,push-up,472,8.0,59.0,8.5,estimated_synthetic,Nakagata et al. 2022 + NCCOR Youth Compendium
28,crunch,280,5.0,56.0,3.23,estimated_synthetic,Nakagata et al. 2019 + NCCOR Youth Compendium curl-ups
69,jumping_jack,90,5.0,18.0,4.35,estimated_synthetic,NCCOR Youth Compendium
25,squat,480,8.0,60.0,8.5,estimated_synthetic,Nakagata et al. 2022 (21–29; 1–6 reps/min)
43,push-up,15,1.5,10.0,5.5,estimated_synthetic,Nakagata et al. 2022 + NCCOR Youth Compendium
39,crunch,51,1.5,34.0,3.25,estimated_synthetic,Nakagata et al. 2019 + NCCOR Youth Compendium curl-ups
27,jumping_jack,12,3.0,4.0,3.86,estimated_synthetic,NCCOR Youth Compendium
25,squat,200,10.0,20.0,8.5,estimated_synthetic,Nakagata et al. 2022 (21–29; 1–6 reps/min)
50,push-up,88,8.0,11.0,5.87,estimated_synthetic,Nakagata et al. 2022 + NCCOR Youth Compendium
29,crunch,108,2.0,54.0,3.43,estimated_synthetic,Nakagata et al. 2019 + NCCOR Youth Compendium curl-ups
27,jumping_jack,2,0.5,4.0,3.87,estimated_synthetic,NCCOR Youth Compendium
21,squat,150,5.0,30.0,8.5,estimated_synthetic,Nakagata et al. 2022 (21–29; 1–6 reps/min)
40,push-up,24,8.0,3.0,3.44,estimated_synthetic,Nakagata et al. 2022 + NCCOR Youth Compendium
50,crunch,75,3.0,25.0,3.41,estimated_synthetic,Nakagata et al. 2019 + NCCOR Youth Compendium curl-ups
44,jumping_jack,380,10.0,38.0,5.4,estimated_synthetic,NCCOR Youth Compendium
65,squat,144,3.0,48.0,8.5,estimated_synthetic,Nakagata et al. 2022 (21–29; 1–6 reps/min)
44,push-up,540,10.0,54.0,8.5,estimated_synthetic,Nakagata et al. 2022 + NCCOR Youth Compendium
26,crunch,13,0.5,26.0,3.33,estimated_synthetic,Nakagata et al. 2019 + NCCOR Youth Compendium curl-ups
26,jumping_jack,141,3.0,47.0,5.36,estimated_synthetic,NCCOR Youth Compendium
46,squat,30,10.0,3.0,2.32,estimated_synthetic,Nakagata et al. 2022 (21–29; 1–6 reps/min)
16,push-up,90,5.0,18.0,6.98,estimated_synthetic,Nakagata et al. 2022 + NCCOR Youth Compendium
26,crunch,116,2.0,58.0,3.51,estimated_synthetic,Nakagata et al. 2019 + NCCOR Youth Compendium curl-ups
56,jumping_jack,216,8.0,27.0,4.81,estimated_synthetic,NCCOR Youth Compendium
61,squat,90,10.0,9.0,5.24,estimated_synthetic,Nakagata et al. 2022 (21–29; 1–6 reps/min)
59,push-up,16,0.5,32.0,8.5,estimated_synthetic,Nakagata et al. 2022 + NCCOR Youth Compendium
27,crunch,106,2.0,53.0,3.33,estimated_synthetic,Nakagata et al. 2019 + NCCOR Youth Compendium curl-ups
67,jumping_jack,88,8.0,11.0,4.18,estimated_synthetic,NCCOR Youth Compendium
23,squat,125,5.0,25.0,8.5,estimated_synthetic,Nakagata et al. 2022 (21–29; 1–6 reps/min)
53,push-up,295,5.0,59.0,8.5,estimated_synthetic,Nakagata et al. 2022 + NCCOR Youth Compendium
42,crunch,60,1.5,40.0,3.37,estimated_synthetic,Nakagata et al. 2019 + NCCOR Youth Compendium curl-ups
46,jumping_jack,36,1.0,36.0,5.05,estimated_synthetic,NCCOR Youth Compendium
52,squat,16,0.5,32.0,8.5,estimated_synthetic,Nakagata et al. 2022 (21–29; 1–6 reps/min)
62,push-up,18,2.0,9.0,4.8,estimated_synthetic,Nakagata et al. 2022 + NCCOR Youth Compendium
34,crunch,40,8.0,5.0,2.32,estimated_synthetic,Nakagata et al. 2019 + NCCOR Youth Compendium curl-ups
42,jumping_jack,10,0.5,20.0,4.26,estimated_synthetic,NCCOR Youth Compendium
25,squat,37,1.0,37.0,8.5,estimated_synthetic,Nakagata et al. 2022 (21–29; 1–6 reps/min)
33,push-up,450,10.0,45.0,8.5,estimated_synthetic,Nakagata et al. 2022 + NCCOR Youth Compendium
18,crunch,350,10.0,35.0,3.5,estimated_synthetic,Nakagata et al. 2019 + NCCOR Youth Compendium curl-ups
15,jumping_jack,123,3.0,41.0,5.15,estimated_synthetic,NCCOR Youth Compendium
18,squat,8,0.5,16.0,8.5,estimated_synthetic,Nakagata et al. 2022 (21–29; 1–6 reps/min)
58,push-up,170,5.0,34.0,8.5,estimated_synthetic,Nakagata et al. 2022 + NCCOR Youth Compendium
28,crunch,285,5.0,57.0,3.38,estimated_synthetic,Nakagata et al. 2019 + NCCOR Youth Compendium curl-ups
32,jumping_jack,108,2.0,54.0,5.7,estimated_synthetic,NCCOR Youth Compendium
20,squat,26,2.0,13.0,7.57,estimated_synthetic,Nakagata et al. 2022 (21–29; 1–6 reps/min)
16,push-up,105,5.0,21.0,7.3,estimated_synthetic,Nakagata et al. 2022 + NCCOR Youth Compendium
55,crunch,52,1.0,52.0,3.48,estimated_synthetic,Nakagata et al. 2019 + NCCOR Youth Compendium curl-ups
25,jumping_jack,190,10.0,19.0,4.19,estimated_synthetic,NCCOR Youth Compendium
41,squat,46,2.0,23.0,8.5,estimated_synthetic,Nakagata et al. 2022 (21–29; 1–6 reps/min)
38,push-up,80,1.5,53.33,8.5,estimated_synthetic,Nakagata et al. 2022 + NCCOR Youth Compendium
56,crunch,40,1.0,40.0,3.5,estimated_synthetic,Nakagata et al. 2019 + NCCOR Youth Compendium curl-ups
49,jumping_jack,392,8.0,49.0,5.35,estimated_synthetic,NCCOR Youth Compendium
33,squat,34,1.5,22.67,8.5,estimated_synthetic,Nakagata et al. 2022 (21–29; 1–6 reps/min)
31,push-up,34,1.5,22.67,8.11,estimated_synthetic,Nakagata et al. 2022 + NCCOR Youth Compendium
20,crunch,24,0.5,48.0,3.32,estimated_synthetic,Nakagata et al. 2019 + NCCOR Youth Compendium curl-ups
68,jumping_jack,54,3.0,18.0,4.23,estimated_synthetic,NCCOR Youth Compendium
61,squat,160,5.0,32.0,8.5,estimated_synthetic,Nakagata et al. 2022 (21–29; 1–6 reps/min)
47,push-up,24,3.0,8.0,5.14,estimated_synthetic,Nakagata et al. 2022 + NCCOR Youth Compendium
35,crunch,88,1.5,58.67,3.31,estimated_synthetic,Nakagata et al. 2019 + NCCOR Youth Compendium curl-ups
68,jumping_jack,312,8.0,39.0,5.03,estimated_synthetic,NCCOR Youth Compendium
45,squat,37,1.0,37.0,8.5,estimated_synthetic,Nakagata et al. 2022 (21–29; 1–6 reps/min)
35,push-up,22,1.5,14.67,6.38,estimated_synthetic,Nakagata et al. 2022 + NCCOR Youth Compendium
42,crunch,18,1.5,12.0,3.07,estimated_synthetic,Nakagata et al. 2019 + NCCOR Youth Compendium curl-ups
50,jumping_jack,240,8.0,30.0,4.85,estimated_synthetic,NCCOR Youth Compendium
59,squat,25,5.0,5.0,3.02,estimated_synthetic,Nakagata et al. 2022 (21–29; 1–6 reps/min)
49,push-up,114,3.0,38.0,8.5,estimated_synthetic,Nakagata et al. 2022 + NCCOR Youth Compendium
70,crunch,25,0.5,50.0,3.16,estimated_synthetic,Nakagata et al. 2019 + NCCOR Youth Compendium curl-ups
23,jumping_jack,280,5.0,56.0,5.77,estimated_synthetic,NCCOR Youth Compendium
29,squat,69,3.0,23.0,8.5,estimated_synthetic,Nakagata et al. 2022 (21–29; 1–6 reps/min)
29,push-up,230,5.0,46.0,8.5,estimated_synthetic,Nakagata et al. 2022 + NCCOR Youth Compendium
68,crunch,100,5.0,20.0,3.33,estimated_synthetic,Nakagata et al. 2019 + NCCOR Youth Compendium curl-ups
58,jumping_jack,64,2.0,32.0,4.81,estimated_synthetic,NCCOR Youth Compendium
30,squat,190,10.0,19.0,8.5,estimated_synthetic,Nakagata et al. 2022 (21–29; 1–6 reps/min)
58,push-up,8,0.5,16.0,6.82,estimated_synthetic,Nakagata et al. 2022 + NCCOR Youth Compendium
53,crunch,50,10.0,5.0,2.51,estimated_synthetic,Nakagata et al. 2019 + NCCOR Youth Compendium curl-ups
21,jumping_jack,66,3.0,22.0,4.54,estimated_synthetic,NCCOR Youth Compendium
29,squat,15,5.0,3.0,2.49,estimated_synthetic,Nakagata et al. 2022 (21–29; 1–6 reps/min)
28,push-up,40,5.0,8.0,5.02,estimated_synthetic,Nakagata et al. 2022 + NCCOR Youth Compendium
39,crunch,27,1.0,27.0,3.34,estimated_synthetic,Nakagata et al. 2019 + NCCOR Youth Compendium curl-ups
48,jumping_jack,19,0.5,38.0,5.06,estimated_synthetic,NCCOR Youth Compendium
50,squat,96,3.0,32.0,8.5,estimated_synthetic,Nakagata et al. 2022 (21–29; 1–6 reps/min)
15,push-up,46,1.5,30.67,8.5,estimated_synthetic,Nakagata et al. 2022 + NCCOR Youth Compendium
48,crunch,86,2.0,43.0,3.42,estimated_synthetic,Nakagata et al. 2019 + NCCOR Youth Compendium curl-ups
63,jumping_jack,456,8.0,57.0,5.74,estimated_synthetic,NCCOR Youth Compendium
29,squat,34,2.0,17.0,8.5,estimated_synthetic,Nakagata et al. 2022 (21–29; 1–6 reps/min)
35,push-up,23,0.5,46.0,8.5,estimated_synthetic,Nakagata et al. 2022 + NCCOR Youth Compendium
45,crunch,58,1.0,58.0,3.39,estimated_synthetic,Nakagata et al. 2019 + NCCOR Youth Compendium curl-ups
23,jumping_jack,66,1.5,44.0,5.21,estimated_synthetic,NCCOR Youth Compendium
47,squat,24,3.0,8.0,4.77,estimated_synthetic,Nakagata et al. 2022 (21–29; 1–6 reps/min)
57,push-up,6,0.5,12.0,5.81,estimated_synthetic,Nakagata et al. 2022 + NCCOR Youth Compendium
50,crunch,22,1.5,14.67,2.96,estimated_synthetic,Nakagata et al. 2019 + NCCOR Youth Compendium curl-ups
49,jumping_jack,42,3.0,14.0,4.15,estimated_synthetic,NCCOR Youth Compendium
44,squat,33,3.0,11.0,6.68,estimated_synthetic,Nakagata et al. 2022 (21–29; 1–6 reps/min)
23,push-up,20,2.0,10.0,5.78,estimated_synthetic,Nakagata et al. 2022 + NCCOR Youth Compendium
60,crunch,60,2.0,30.0,3.47,estimated_synthetic,Nakagata et al. 2019 + NCCOR Youth Compendium curl-ups
21,jumping_jack,270,5.0,54.0,5.68,estimated_synthetic,NCCOR Youth Compendium
54,squat,7,0.5,14.0,8.44,estimated_synthetic,Nakagata et al. 2022 (21–29; 1–6 reps/min)
50,push-up,245,5.0,49.0,8.5,estimated_synthetic,Nakagata et al. 2022 + NCCOR Youth Compendium
44,crunch,15,3.0,5.0,2.62,estimated_synthetic,Nakagata et al. 2019 + NCCOR Youth Compendium curl-ups
49,jumping_jack,136,8.0,17.0,4.56,estimated_synthetic,NCCOR Youth Compendium
56,squat,60,1.0,60.0,8.5,estimated_synthetic,Nakagata et al. 2022 (21–29; 1–6 reps/min)
52,push-up,6,0.5,12.0,6.01,estimated_synthetic,Nakagata et al. 2022 + NCCOR Youth Compendium
56,crunch,376,8.0,47.0,3.38,estimated_synthetic,Nakagata et al. 2019 + NCCOR Youth Compendium curl-ups
47,jumping_jack,416,8.0,52.0,5.54,estimated_synthetic,NCCOR Youth Compendium
39,squat,51,3.0,17.0,8.5,estimated_synthetic,Nakagata et al. 2022 (21–29; 1–6 reps/min)
37,push-up,30,0.5,60.0,8.5,estimated_synthetic,Nakagata et al. 2022 + NCCOR Youth Compendium
15,crunch,42,1.5,28.0,3.14,estimated_synthetic,Nakagata et al. 2019 + NCCOR Youth Compendium curl-ups
24,jumping_jack,416,8.0,52.0,5.5,estimated_synthetic,NCCOR Youth Compendium
45,squat,24,3.0,8.0,5.02,estimated_synthetic,Nakagata et al. 2022 (21–29; 1–6 reps/min)
23,push-up,31,1.0,31.0,8.5,estimated_synthetic,Nakagata et al. 2022 + NCCOR Youth Compendium
47,crunch,138,3.0,46.0,3.52,estimated_synthetic,Nakagata et al. 2019 + NCCOR Youth Compendium curl-ups
65,jumping_jack,40,8.0,5.0,4.02,estimated_synthetic,NCCOR Youth Compendium
20,squat,42,1.0,42.0,8.5,estimated_synthetic,Nakagata et al. 2022 (21–29; 1–6 reps/min)
41,push-up,80,5.0,16.0,6.63,estimated_synthetic,Nakagata et al. 2022 + NCCOR Youth Compendium
23,crunch,27,0.5,54.0,3.41,estimated_synthetic,Nakagata et al. 2019 + NCCOR Youth Compendium curl-ups
18,jumping_jack,26,0.5,52.0,5.57,estimated_synthetic,NCCOR Youth Compendium
22,squat,190,5.0,38.0,8.5,estimated_synthetic,Nakagata et al. 2022 (21–29; 1–6 reps/min)
38,push-up,17,0.5,34.0,8.5,estimated_synthetic,Nakagata et al. 2022 + NCCOR Youth Compendium
36,crunch,60,3.0,20.0,3.24,estimated_synthetic,Nakagata et al. 2019 + NCCOR Youth Compendium curl-ups
34,jumping_jack,28,0.5,56.0,5.84,estimated_synthetic,NCCOR Youth Compendium
57,squat,60,10.0,6.0,3.49,estimated_synthetic,Nakagata et al. 2022 (21–29; 1–6 reps/min)
26,push-up,70,5.0,14.0,6.43,estimated_synthetic,Nakagata et al. 2022 + NCCOR Youth Compendium
49,crunch,40,5.0,8.0,2.75,estimated_synthetic,Nakagata et al. 2019 + NCCOR Youth Compendium curl-ups
69,jumping_jack,130,5.0,26.0,4.62,estimated_synthetic,NCCOR Youth Compendium
18,squat,160,10.0,16.0,8.5,estimated_synthetic,Nakagata et al. 2022 (21–29; 1–6 reps/min)
59,push-up,400,8.0,50.0,8.5,estimated_synthetic,Nakagata et al. 2022 + NCCOR Youth Compendium
39,crunch,140,10.0,14.0,2.89,estimated_synthetic,Nakagata et al. 2019 + NCCOR Youth Compendium curl-ups
70,jumping_jack,70,5.0,14.0,4.19,estimated_synthetic,NCCOR Youth Compendium
35,squat,60,10.0,6.0,3.91,estimated_synthetic,Nakagata et al. 2022 (21–29; 1–6 reps/min)
63,push-up,87,1.5,58.0,8.5,estimated_synthetic,Nakagata et al. 2022 + NCCOR Youth Compendium
17,crunch,430,10.0,43.0,3.47,estimated_synthetic,Nakagata et al. 2019 + NCCOR Youth Compendium curl-ups
24,jumping_jack,64,2.0,32.0,4.76,estimated_synthetic,NCCOR Youth Compendium
15,squat,112,2.0,56.0,8.5,estimated_synthetic,Nakagata et al. 2022 (21–29; 1–6 reps/min)
59,push-up,352,8.0,44.0,8.5,estimated_synthetic,Nakagata et al. 2022 + NCCOR Youth Compendium
30,crunch,88,8.0,11.0,2.56,estimated_synthetic,Nakagata et al. 2019 + NCCOR Youth Compendium curl-ups
26,jumping_jack,296,8.0,37.0,5.01,estimated_synthetic,NCCOR Youth Compendium
17,squat,22,1.5,14.67,8.48,estimated_synthetic,Nakagata et al. 2022 (21–29; 1–6 reps/min)
18,push-up,42,3.0,14.0,6.11,estimated_synthetic,Nakagata et al. 2022 + NCCOR Youth Compendium
52,crunch,105,5.0,21.0,3.45,estimated_synthetic,Nakagata et al. 2019 + NCCOR Youth Compendium curl-ups
26,jumping_jack,22,1.0,22.0,4.4,estimated_synthetic,NCCOR Youth Compendium
29,squat,69,3.0,23.0,8.5,estimated_synthetic,Nakagata et al. 2022 (21–29; 1–6 reps/min)
52,push-up,60,2.0,30.0,8.5,estimated_synthetic,Nakagata et al. 2022 + NCCOR Youth Compendium
68,crunch,74,1.5,49.33,3.26,estimated_synthetic,Nakagata et al. 2019 + NCCOR Youth Compendium curl-ups
54,jumping_jack,104,2.0,52.0,5.41,estimated_synthetic,NCCOR Youth Compendium
